"CustomerName","CustomerId","Domain","LicenseSKU","SkuPartNumber","ActiveUnits","ConsumedUnits","AvailableUnits","SuspendedUnits","WarningUnits","Status"
"OTU WA CNE - 104140","509053f4-22dc-4dde-b965-5d669e8a1824","otuwacne104140.onmicrosoft.com",,,"0","1","0","1","0","OK"
"OTU WA CNE - 104140","509053f4-22dc-4dde-b965-5d669e8a1824","otuwacne104140.onmicrosoft.com",,,"0","1","0","1","0","OK"
"OTU WA CNE - 104140","509053f4-22dc-4dde-b965-5d669e8a1824","otuwacne104140.onmicrosoft.com",,,"0","3","0","5","0","OK"
"OTU WA CNE - 104140","509053f4-22dc-4dde-b965-5d669e8a1824","otuwacne104140.onmicrosoft.com",,,"0","1","0","2","0","OK"
"OTU WA CNE - 104139","942474ec-6b2f-48af-8956-813e59a0fbac","otuwacne104139.onmicrosoft.com",,,"0","1","0","1","0","OK"
"OTU WA CNE - 104139","942474ec-6b2f-48af-8956-813e59a0fbac","otuwacne104139.onmicrosoft.com",,,"0","1","0","1","0","OK"
"OTU WA CNE - 104139","942474ec-6b2f-48af-8956-813e59a0fbac","otuwacne104139.onmicrosoft.com",,,"0","3","0","5","0","OK"
"OTU WA CNE - 104139","942474ec-6b2f-48af-8956-813e59a0fbac","otuwacne104139.onmicrosoft.com",,,"0","1","0","2","0","OK"
"OTU WA CNE - 104138","862d9112-26a5-4649-9c63-31d9e5ad48e5","otuwacne104138.onmicrosoft.com",,,"0","1","0","1","0","OK"
"OTU WA CNE - 104138","862d9112-26a5-4649-9c63-31d9e5ad48e5","otuwacne104138.onmicrosoft.com",,,"0","1","0","1","0","OK"
"OTU WA CNE - 104138","862d9112-26a5-4649-9c63-31d9e5ad48e5","otuwacne104138.onmicrosoft.com",,,"0","3","0","5","0","OK"
"OTU WA CNE - 104138","862d9112-26a5-4649-9c63-31d9e5ad48e5","otuwacne104138.onmicrosoft.com",,,"0","1","0","2","0","OK"
"OTU WA CNE - 104137","5d13bb55-7cdc-4d58-827e-848a95692451","otuwacne104137.onmicrosoft.com",,,"0","1","0","1","0","OK"
"OTU WA CNE - 104137","5d13bb55-7cdc-4d58-827e-848a95692451","otuwacne104137.onmicrosoft.com",,,"0","1","0","1","0","OK"
"OTU WA CNE - 104137","5d13bb55-7cdc-4d58-827e-848a95692451","otuwacne104137.onmicrosoft.com",,,"0","3","0","5","0","OK"
"OTU WA CNE - 104137","5d13bb55-7cdc-4d58-827e-848a95692451","otuwacne104137.onmicrosoft.com",,,"0","1","0","2","0","OK"
"OTU WA CNE - 104136","a8fc8585-f687-4d5f-ab86-984f726c4246","otuwacne104136.onmicrosoft.com",,,"0","1","0","1","0","OK"
"OTU WA CNE - 104136","a8fc8585-f687-4d5f-ab86-984f726c4246","otuwacne104136.onmicrosoft.com",,,"0","1","0","1","0","OK"
"OTU WA CNE - 104136","a8fc8585-f687-4d5f-ab86-984f726c4246","otuwacne104136.onmicrosoft.com",,,"0","3","0","5","0","OK"
"OTU WA CNE - 104136","a8fc8585-f687-4d5f-ab86-984f726c4246","otuwacne104136.onmicrosoft.com",,,"0","1","0","2","0","OK"
"OTU WA CNE - 104135","f84f45de-6be6-47cc-a149-5258f35d9cad","otuwacne104135.onmicrosoft.com",,,"0","1","0","1","0","OK"
"OTU WA CNE - 104135","f84f45de-6be6-47cc-a149-5258f35d9cad","otuwacne104135.onmicrosoft.com",,,"0","1","0","1","0","OK"
"OTU WA CNE - 104135","f84f45de-6be6-47cc-a149-5258f35d9cad","otuwacne104135.onmicrosoft.com",,,"0","3","0","5","0","OK"
"OTU WA CNE - 104135","f84f45de-6be6-47cc-a149-5258f35d9cad","otuwacne104135.onmicrosoft.com",,,"0","1","0","2","0","OK"
"OTU WA CNE - 104134","89f4f531-14b0-4cdd-83a7-310930a58532","otuwacne104134.onmicrosoft.com",,,"0","1","0","1","0","OK"
"OTU WA CNE - 104134","89f4f531-14b0-4cdd-83a7-310930a58532","otuwacne104134.onmicrosoft.com",,,"0","1","0","1","0","OK"
"OTU WA CNE - 104134","89f4f531-14b0-4cdd-83a7-310930a58532","otuwacne104134.onmicrosoft.com",,,"0","3","0","5","0","OK"
"OTU WA CNE - 104134","89f4f531-14b0-4cdd-83a7-310930a58532","otuwacne104134.onmicrosoft.com",,,"0","1","0","2","0","OK"
"OTU WA CNE - 104133","e4a1f9f2-7af3-4974-98ab-9e83d5600a3a","otuwacne104133.onmicrosoft.com",,,"0","1","0","1","0","OK"
"OTU WA CNE - 104133","e4a1f9f2-7af3-4974-98ab-9e83d5600a3a","otuwacne104133.onmicrosoft.com",,,"0","1","0","1","0","OK"
"OTU WA CNE - 104133","e4a1f9f2-7af3-4974-98ab-9e83d5600a3a","otuwacne104133.onmicrosoft.com",,,"0","3","0","5","0","OK"
"OTU WA CNE - 104133","e4a1f9f2-7af3-4974-98ab-9e83d5600a3a","otuwacne104133.onmicrosoft.com",,,"0","1","0","2","0","OK"
"OTU WA CNE - 104132","8fe2827d-8b2b-4c93-bce5-a1551a1bd1dc","otuwacne104132.onmicrosoft.com",,,"0","1","0","1","0","OK"
"OTU WA CNE - 104132","8fe2827d-8b2b-4c93-bce5-a1551a1bd1dc","otuwacne104132.onmicrosoft.com",,,"0","1","0","1","0","OK"
"OTU WA CNE - 104132","8fe2827d-8b2b-4c93-bce5-a1551a1bd1dc","otuwacne104132.onmicrosoft.com",,,"0","3","0","5","0","OK"
"OTU WA CNE - 104132","8fe2827d-8b2b-4c93-bce5-a1551a1bd1dc","otuwacne104132.onmicrosoft.com",,,"0","1","0","2","0","OK"
"OTU WA CNE - 104131","a6dc2572-7b77-42a2-9b4e-57ec5bd268d7","otuwacne104131.onmicrosoft.com",,,"0","1","0","1","0","OK"
"OTU WA CNE - 104131","a6dc2572-7b77-42a2-9b4e-57ec5bd268d7","otuwacne104131.onmicrosoft.com",,,"0","1","0","1","0","OK"
"OTU WA CNE - 104131","a6dc2572-7b77-42a2-9b4e-57ec5bd268d7","otuwacne104131.onmicrosoft.com",,,"0","3","0","5","0","OK"
"OTU WA CNE - 104131","a6dc2572-7b77-42a2-9b4e-57ec5bd268d7","otuwacne104131.onmicrosoft.com",,,"0","1","0","2","0","OK"
"OTU WA CNE - 104130","ee754bde-eecb-49cb-8803-67e9a400d10d","otuwacne104130.onmicrosoft.com",,,"0","1","0","1","0","OK"
"OTU WA CNE - 104130","ee754bde-eecb-49cb-8803-67e9a400d10d","otuwacne104130.onmicrosoft.com",,,"0","1","0","1","0","OK"
"OTU WA CNE - 104130","ee754bde-eecb-49cb-8803-67e9a400d10d","otuwacne104130.onmicrosoft.com",,,"0","3","0","5","0","OK"
"OTU WA CNE - 104130","ee754bde-eecb-49cb-8803-67e9a400d10d","otuwacne104130.onmicrosoft.com",,,"0","1","0","2","0","OK"
"OTU WA CNE - 104129","b0d477f6-1dc1-4c03-9c5d-c46e208a8a50","otuwacne104129.onmicrosoft.com",,,"0","1","0","1","0","OK"
"OTU WA CNE - 104129","b0d477f6-1dc1-4c03-9c5d-c46e208a8a50","otuwacne104129.onmicrosoft.com",,,"0","1","0","1","0","OK"
"OTU WA CNE - 104129","b0d477f6-1dc1-4c03-9c5d-c46e208a8a50","otuwacne104129.onmicrosoft.com",,,"0","3","0","5","0","OK"
"OTU WA CNE - 104129","b0d477f6-1dc1-4c03-9c5d-c46e208a8a50","otuwacne104129.onmicrosoft.com",,,"0","1","0","2","0","OK"
"OTU WA CNE - 104128","5f1d34cd-eb20-46cf-99a2-01730a781c47","otuwacne104128.onmicrosoft.com",,,"0","1","0","1","0","OK"
"OTU WA CNE - 104128","5f1d34cd-eb20-46cf-99a2-01730a781c47","otuwacne104128.onmicrosoft.com",,,"0","1","0","1","0","OK"
"OTU WA CNE - 104128","5f1d34cd-eb20-46cf-99a2-01730a781c47","otuwacne104128.onmicrosoft.com",,,"0","3","0","5","0","OK"
"OTU WA CNE - 104128","5f1d34cd-eb20-46cf-99a2-01730a781c47","otuwacne104128.onmicrosoft.com",,,"0","1","0","2","0","OK"
"OTU WA CNE - 104126","1c5dca03-f1ac-4abf-a7af-087b59247da7","otuwacne104126.onmicrosoft.com",,,"0","1","0","1","0","OK"
"OTU WA CNE - 104126","1c5dca03-f1ac-4abf-a7af-087b59247da7","otuwacne104126.onmicrosoft.com",,,"0","1","0","1","0","OK"
"OTU WA CNE - 104126","1c5dca03-f1ac-4abf-a7af-087b59247da7","otuwacne104126.onmicrosoft.com",,,"0","3","0","5","0","OK"
"OTU WA CNE - 104126","1c5dca03-f1ac-4abf-a7af-087b59247da7","otuwacne104126.onmicrosoft.com",,,"0","1","0","2","0","OK"
"OTU WA CNE - 104125","ecec07ef-7622-4d94-ada4-010a62cad57c","otuwacne104125.onmicrosoft.com",,,"0","1","0","1","0","OK"
"OTU WA CNE - 104125","ecec07ef-7622-4d94-ada4-010a62cad57c","otuwacne104125.onmicrosoft.com",,,"0","1","0","1","0","OK"
"OTU WA CNE - 104125","ecec07ef-7622-4d94-ada4-010a62cad57c","otuwacne104125.onmicrosoft.com",,,"0","3","0","5","0","OK"
"OTU WA CNE - 104125","ecec07ef-7622-4d94-ada4-010a62cad57c","otuwacne104125.onmicrosoft.com",,,"0","1","0","2","0","OK"
"OTU WA CNE - 104124","569fd133-643c-4170-a080-04dd78f906f7","otuwacne104124.onmicrosoft.com",,,"0","1","0","1","0","OK"
"OTU WA CNE - 104124","569fd133-643c-4170-a080-04dd78f906f7","otuwacne104124.onmicrosoft.com",,,"0","1","0","1","0","OK"
"OTU WA CNE - 104124","569fd133-643c-4170-a080-04dd78f906f7","otuwacne104124.onmicrosoft.com",,,"0","3","0","5","0","OK"
"OTU WA CNE - 104124","569fd133-643c-4170-a080-04dd78f906f7","otuwacne104124.onmicrosoft.com",,,"0","1","0","2","0","OK"
"OTU WA CNE - 104123","c3800da4-49e2-448d-9aac-2288114a1bc2","otuwacne104123.onmicrosoft.com",,,"0","1","0","1","0","OK"
"OTU WA CNE - 104123","c3800da4-49e2-448d-9aac-2288114a1bc2","otuwacne104123.onmicrosoft.com",,,"0","1","0","1","0","OK"
"OTU WA CNE - 104123","c3800da4-49e2-448d-9aac-2288114a1bc2","otuwacne104123.onmicrosoft.com",,,"0","3","0","5","0","OK"
"OTU WA CNE - 104123","c3800da4-49e2-448d-9aac-2288114a1bc2","otuwacne104123.onmicrosoft.com",,,"0","1","0","2","0","OK"
"OTU WA CNE - 104122","6e05c535-b728-451c-9a0e-97db7f673313","otuwacne104122.onmicrosoft.com",,,"0","1","0","1","0","OK"
"OTU WA CNE - 104122","6e05c535-b728-451c-9a0e-97db7f673313","otuwacne104122.onmicrosoft.com",,,"0","1","0","1","0","OK"
"OTU WA CNE - 104122","6e05c535-b728-451c-9a0e-97db7f673313","otuwacne104122.onmicrosoft.com",,,"0","3","0","5","0","OK"
"OTU WA CNE - 104122","6e05c535-b728-451c-9a0e-97db7f673313","otuwacne104122.onmicrosoft.com",,,"0","1","0","2","0","OK"
"OTU WA CNE - 104121","fb1811e9-49d6-4f36-9cfa-9736068ff1c3","otuwacne104121.onmicrosoft.com",,,"0","1","0","1","0","OK"
"OTU WA CNE - 104121","fb1811e9-49d6-4f36-9cfa-9736068ff1c3","otuwacne104121.onmicrosoft.com",,,"0","1","0","1","0","OK"
"OTU WA CNE - 104121","fb1811e9-49d6-4f36-9cfa-9736068ff1c3","otuwacne104121.onmicrosoft.com",,,"0","3","0","5","0","OK"
"OTU WA CNE - 104121","fb1811e9-49d6-4f36-9cfa-9736068ff1c3","otuwacne104121.onmicrosoft.com",,,"0","1","0","2","0","OK"
"OTU WA CNE - 104120","3893deb4-f0fb-4ed9-b757-e61dfa8b3e56","otuwacne104120.onmicrosoft.com",,,"0","1","0","1","0","OK"
"OTU WA CNE - 104120","3893deb4-f0fb-4ed9-b757-e61dfa8b3e56","otuwacne104120.onmicrosoft.com",,,"0","1","0","1","0","OK"
"OTU WA CNE - 104120","3893deb4-f0fb-4ed9-b757-e61dfa8b3e56","otuwacne104120.onmicrosoft.com",,,"0","3","0","5","0","OK"
"OTU WA CNE - 104120","3893deb4-f0fb-4ed9-b757-e61dfa8b3e56","otuwacne104120.onmicrosoft.com",,,"0","1","0","2","0","OK"
"OTU WA CNE - 104119","3be3e040-71c5-44fb-b4dc-7bef5c379b15","otuwacne104119.onmicrosoft.com",,,"0","1","0","1","0","OK"
"OTU WA CNE - 104119","3be3e040-71c5-44fb-b4dc-7bef5c379b15","otuwacne104119.onmicrosoft.com",,,"0","1","0","1","0","OK"
"OTU WA CNE - 104119","3be3e040-71c5-44fb-b4dc-7bef5c379b15","otuwacne104119.onmicrosoft.com",,,"0","3","0","5","0","OK"
"OTU WA CNE - 104119","3be3e040-71c5-44fb-b4dc-7bef5c379b15","otuwacne104119.onmicrosoft.com",,,"0","1","0","2","0","OK"
"OTU WA CNE - 104118","bda74783-ac25-4e0c-8819-7b3e5bb8a334","otuwacne104118.onmicrosoft.com",,,"0","1","0","1","0","OK"
"OTU WA CNE - 104118","bda74783-ac25-4e0c-8819-7b3e5bb8a334","otuwacne104118.onmicrosoft.com",,,"0","1","0","2","0","OK"
"OTU WA CNE - 104118","bda74783-ac25-4e0c-8819-7b3e5bb8a334","otuwacne104118.onmicrosoft.com",,,"0","3","0","5","0","OK"
"OTU WA CNE - 104118","bda74783-ac25-4e0c-8819-7b3e5bb8a334","otuwacne104118.onmicrosoft.com",,,"0","1","0","2","0","OK"
"OTU WA CNE - 104117","89488c30-61d2-4fe6-a3be-d6cd958e117e","otuwacne104117.onmicrosoft.com",,,"0","1","0","1","0","OK"
"OTU WA CNE - 104117","89488c30-61d2-4fe6-a3be-d6cd958e117e","otuwacne104117.onmicrosoft.com",,,"0","1","0","2","0","OK"
"OTU WA CNE - 104117","89488c30-61d2-4fe6-a3be-d6cd958e117e","otuwacne104117.onmicrosoft.com",,,"0","3","0","5","0","OK"
"OTU WA CNE - 104117","89488c30-61d2-4fe6-a3be-d6cd958e117e","otuwacne104117.onmicrosoft.com",,,"0","1","0","2","0","OK"
"OTU WA CNE - 104116","071e107f-2c66-4d45-aba1-c89db3e330ad","otuwacne104116.onmicrosoft.com",,,"0","1","0","1","0","OK"
"OTU WA CNE - 104116","071e107f-2c66-4d45-aba1-c89db3e330ad","otuwacne104116.onmicrosoft.com",,,"0","1","0","2","0","OK"
"OTU WA CNE - 104116","071e107f-2c66-4d45-aba1-c89db3e330ad","otuwacne104116.onmicrosoft.com",,,"0","3","0","5","0","OK"
"OTU WA CNE - 104116","071e107f-2c66-4d45-aba1-c89db3e330ad","otuwacne104116.onmicrosoft.com",,,"0","1","0","2","0","OK"
"OTU WA CNE - 104115","a8a5bc5b-f340-4f94-8ccc-aa2584c9990c","otuwacne104115.onmicrosoft.com",,,"0","1","0","1","0","OK"
"OTU WA CNE - 104115","a8a5bc5b-f340-4f94-8ccc-aa2584c9990c","otuwacne104115.onmicrosoft.com",,,"0","1","0","2","0","OK"
"OTU WA CNE - 104115","a8a5bc5b-f340-4f94-8ccc-aa2584c9990c","otuwacne104115.onmicrosoft.com",,,"0","3","0","5","0","OK"
"OTU WA CNE - 104115","a8a5bc5b-f340-4f94-8ccc-aa2584c9990c","otuwacne104115.onmicrosoft.com",,,"0","1","0","2","0","OK"
"OTU WA CNE - 104114","1039fe82-b430-4ea1-8e5e-b480d95cd15a","otuwacne104114.onmicrosoft.com",,,"0","1","0","1","0","OK"
"OTU WA CNE - 104114","1039fe82-b430-4ea1-8e5e-b480d95cd15a","otuwacne104114.onmicrosoft.com",,,"0","1","0","2","0","OK"
"OTU WA CNE - 104114","1039fe82-b430-4ea1-8e5e-b480d95cd15a","otuwacne104114.onmicrosoft.com",,,"0","3","0","5","0","OK"
"OTU WA CNE - 104114","1039fe82-b430-4ea1-8e5e-b480d95cd15a","otuwacne104114.onmicrosoft.com",,,"0","1","0","2","0","OK"
"OTU WA CNE - 104113","a4746cf3-e9be-4060-9657-1aaa2af0012b","otuwacne104113.onmicrosoft.com",,,"0","1","0","1","0","OK"
"OTU WA CNE - 104113","a4746cf3-e9be-4060-9657-1aaa2af0012b","otuwacne104113.onmicrosoft.com",,,"0","1","0","2","0","OK"
"OTU WA CNE - 104113","a4746cf3-e9be-4060-9657-1aaa2af0012b","otuwacne104113.onmicrosoft.com",,,"0","3","0","5","0","OK"
"OTU WA CNE - 104113","a4746cf3-e9be-4060-9657-1aaa2af0012b","otuwacne104113.onmicrosoft.com",,,"0","1","0","2","0","OK"
"OTU WA CNE - 104112","d40beacd-20c1-422b-853a-ef84450b9ac7","otuwacne104112.onmicrosoft.com",,,"0","1","0","1","0","OK"
"OTU WA CNE - 104112","d40beacd-20c1-422b-853a-ef84450b9ac7","otuwacne104112.onmicrosoft.com",,,"0","1","0","2","0","OK"
"OTU WA CNE - 104112","d40beacd-20c1-422b-853a-ef84450b9ac7","otuwacne104112.onmicrosoft.com",,,"0","3","0","5","0","OK"
"OTU WA CNE - 104112","d40beacd-20c1-422b-853a-ef84450b9ac7","otuwacne104112.onmicrosoft.com",,,"0","1","0","2","0","OK"
"OTU WA CNE - 104111","66ae8b26-1fa0-4041-8eb4-0379ab27cde7","otuwacne104111.onmicrosoft.com",,,"1","1","0","1","0","OK"
"OTU WA CNE - 104111","66ae8b26-1fa0-4041-8eb4-0379ab27cde7","otuwacne104111.onmicrosoft.com",,,"0","1","0","2","0","OK"
"OTU WA CNE - 104111","66ae8b26-1fa0-4041-8eb4-0379ab27cde7","otuwacne104111.onmicrosoft.com",,,"0","3","0","5","0","OK"
"OTU WA CNE - 104111","66ae8b26-1fa0-4041-8eb4-0379ab27cde7","otuwacne104111.onmicrosoft.com",,,"0","1","0","2","0","OK"
"OTU WA CNE - 104110","87a94d19-c052-4609-a60b-d1b6e8780e72","otuwacne104110.onmicrosoft.com",,,"0","1","0","1","0","OK"
"OTU WA CNE - 104110","87a94d19-c052-4609-a60b-d1b6e8780e72","otuwacne104110.onmicrosoft.com",,,"0","1","0","2","0","OK"
"OTU WA CNE - 104110","87a94d19-c052-4609-a60b-d1b6e8780e72","otuwacne104110.onmicrosoft.com",,,"0","3","0","5","0","OK"
"OTU WA CNE - 104110","87a94d19-c052-4609-a60b-d1b6e8780e72","otuwacne104110.onmicrosoft.com",,,"0","1","0","2","0","OK"
"OTU WA CNE - 104109","40e3ec6d-6854-4956-b079-6c6422460edf","otuwacne104109.onmicrosoft.com",,,"0","1","0","1","0","OK"
"OTU WA CNE - 104109","40e3ec6d-6854-4956-b079-6c6422460edf","otuwacne104109.onmicrosoft.com",,,"0","1","0","2","0","OK"
"OTU WA CNE - 104109","40e3ec6d-6854-4956-b079-6c6422460edf","otuwacne104109.onmicrosoft.com",,,"0","3","0","5","0","OK"
"OTU WA CNE - 104109","40e3ec6d-6854-4956-b079-6c6422460edf","otuwacne104109.onmicrosoft.com",,,"0","1","0","2","0","OK"
"OTU WA CNE - 104108","b275cdc4-7e0e-4120-9e01-ab42741fc6aa","otuwacne104108.onmicrosoft.com",,,"1","1","0","1","0","OK"
"OTU WA CNE - 104108","b275cdc4-7e0e-4120-9e01-ab42741fc6aa","otuwacne104108.onmicrosoft.com",,,"0","1","0","2","0","OK"
"OTU WA CNE - 104108","b275cdc4-7e0e-4120-9e01-ab42741fc6aa","otuwacne104108.onmicrosoft.com",,,"0","3","0","5","0","OK"
"OTU WA CNE - 104108","b275cdc4-7e0e-4120-9e01-ab42741fc6aa","otuwacne104108.onmicrosoft.com",,,"0","1","0","2","0","OK"
"OTU WA CNE - 104107","36d0b1fc-cf54-4db5-bad9-52acf31bb1e3","otuwacne104107.onmicrosoft.com",,,"0","1","0","1","0","OK"
"OTU WA CNE - 104107","36d0b1fc-cf54-4db5-bad9-52acf31bb1e3","otuwacne104107.onmicrosoft.com",,,"0","1","0","2","0","OK"
"OTU WA CNE - 104107","36d0b1fc-cf54-4db5-bad9-52acf31bb1e3","otuwacne104107.onmicrosoft.com",,,"0","3","0","5","0","OK"
"OTU WA CNE - 104107","36d0b1fc-cf54-4db5-bad9-52acf31bb1e3","otuwacne104107.onmicrosoft.com",,,"0","1","0","2","0","OK"
"OTU WA CNE - 104106","da6307bd-eed0-4402-89b8-0f5cec6c93f3","otuwacne104106.onmicrosoft.com",,,"0","1","0","1","0","OK"
"OTU WA CNE - 104106","da6307bd-eed0-4402-89b8-0f5cec6c93f3","otuwacne104106.onmicrosoft.com",,,"0","1","0","2","0","OK"
"OTU WA CNE - 104106","da6307bd-eed0-4402-89b8-0f5cec6c93f3","otuwacne104106.onmicrosoft.com",,,"0","3","0","5","0","OK"
"OTU WA CNE - 104106","da6307bd-eed0-4402-89b8-0f5cec6c93f3","otuwacne104106.onmicrosoft.com",,,"0","1","0","2","0","OK"
"OTU WA CNE - 104105","7527fd43-9ae6-4828-8acb-1477c5b38822","otuwacne104105.onmicrosoft.com",,,"0","1","0","1","0","OK"
"OTU WA CNE - 104105","7527fd43-9ae6-4828-8acb-1477c5b38822","otuwacne104105.onmicrosoft.com",,,"0","1","0","2","0","OK"
"OTU WA CNE - 104105","7527fd43-9ae6-4828-8acb-1477c5b38822","otuwacne104105.onmicrosoft.com",,,"0","3","0","5","0","OK"
"OTU WA CNE - 104105","7527fd43-9ae6-4828-8acb-1477c5b38822","otuwacne104105.onmicrosoft.com",,,"0","1","0","2","0","OK"
"OTU WA CNE - 104104","24c99700-fdc7-45f8-a8c2-33c0c28abec8","otuwacne104104.onmicrosoft.com",,,"0","1","0","1","0","OK"
"OTU WA CNE - 104104","24c99700-fdc7-45f8-a8c2-33c0c28abec8","otuwacne104104.onmicrosoft.com",,,"0","1","0","2","0","OK"
"OTU WA CNE - 104104","24c99700-fdc7-45f8-a8c2-33c0c28abec8","otuwacne104104.onmicrosoft.com",,,"0","3","0","5","0","OK"
"OTU WA CNE - 104104","24c99700-fdc7-45f8-a8c2-33c0c28abec8","otuwacne104104.onmicrosoft.com",,,"0","1","0","2","0","OK"
"OTU WA CNE - 104103","cd16277f-fbbb-4f3b-8880-591e19913111","otuwacne104103.onmicrosoft.com",,,"0","1","0","1","0","OK"
"OTU WA CNE - 104103","cd16277f-fbbb-4f3b-8880-591e19913111","otuwacne104103.onmicrosoft.com",,,"0","1","0","2","0","OK"
"OTU WA CNE - 104103","cd16277f-fbbb-4f3b-8880-591e19913111","otuwacne104103.onmicrosoft.com",,,"0","3","0","5","0","OK"
"OTU WA CNE - 104103","cd16277f-fbbb-4f3b-8880-591e19913111","otuwacne104103.onmicrosoft.com",,,"0","1","0","2","0","OK"
"OTU WA CNE - 104102","cd591841-6899-48ac-b3e5-cf74dcb8adce","otuwacne104102.onmicrosoft.com",,,"0","1","0","1","0","OK"
"OTU WA CNE - 104102","cd591841-6899-48ac-b3e5-cf74dcb8adce","otuwacne104102.onmicrosoft.com",,,"0","1","0","2","0","OK"
"OTU WA CNE - 104102","cd591841-6899-48ac-b3e5-cf74dcb8adce","otuwacne104102.onmicrosoft.com",,,"0","3","0","5","0","OK"
"OTU WA CNE - 104102","cd591841-6899-48ac-b3e5-cf74dcb8adce","otuwacne104102.onmicrosoft.com",,,"0","1","0","2","0","OK"
"OTU WA CNE - 104101","89aad810-ad6f-4ff0-9d86-adbef742e953","otuwacne104101.onmicrosoft.com",,,"0","1","0","1","0","OK"
"OTU WA CNE - 104101","89aad810-ad6f-4ff0-9d86-adbef742e953","otuwacne104101.onmicrosoft.com",,,"0","1","0","2","0","OK"
"OTU WA CNE - 104101","89aad810-ad6f-4ff0-9d86-adbef742e953","otuwacne104101.onmicrosoft.com",,,"0","3","0","5","0","OK"
"OTU WA CNE - 104101","89aad810-ad6f-4ff0-9d86-adbef742e953","otuwacne104101.onmicrosoft.com",,,"0","1","0","2","0","OK"
"OTU WA CNE - 104100","ffa720c8-8323-40c0-beb7-05e89a8becbe","otuwacne104100.onmicrosoft.com",,,"0","1","0","1","0","OK"
"OTU WA CNE - 104100","ffa720c8-8323-40c0-beb7-05e89a8becbe","otuwacne104100.onmicrosoft.com",,,"0","1","0","2","0","OK"
"OTU WA CNE - 104100","ffa720c8-8323-40c0-beb7-05e89a8becbe","otuwacne104100.onmicrosoft.com",,,"0","3","0","5","0","OK"
"OTU WA CNE - 104100","ffa720c8-8323-40c0-beb7-05e89a8becbe","otuwacne104100.onmicrosoft.com",,,"0","1","0","2","0","OK"
"OTU WA CNE - 104098","e4dd101a-fac1-44bb-a00e-90f9e6985165","otuwacne104098.onmicrosoft.com",,,"0","1","0","1","0","OK"
"OTU WA CNE - 104098","e4dd101a-fac1-44bb-a00e-90f9e6985165","otuwacne104098.onmicrosoft.com",,,"0","1","0","2","0","OK"
"OTU WA CNE - 104098","e4dd101a-fac1-44bb-a00e-90f9e6985165","otuwacne104098.onmicrosoft.com",,,"0","3","0","5","0","OK"
"OTU WA CNE - 104098","e4dd101a-fac1-44bb-a00e-90f9e6985165","otuwacne104098.onmicrosoft.com",,,"0","1","0","2","0","OK"
"OTU WA CNE - 104097","b54d1da8-1c46-4fa0-971b-94c6ff10f50a","otuwacne104097.onmicrosoft.com",,,"0","1","0","1","0","OK"
"OTU WA CNE - 104097","b54d1da8-1c46-4fa0-971b-94c6ff10f50a","otuwacne104097.onmicrosoft.com",,,"0","1","0","2","0","OK"
"OTU WA CNE - 104097","b54d1da8-1c46-4fa0-971b-94c6ff10f50a","otuwacne104097.onmicrosoft.com",,,"0","3","0","5","0","OK"
"OTU WA CNE - 104097","b54d1da8-1c46-4fa0-971b-94c6ff10f50a","otuwacne104097.onmicrosoft.com",,,"0","1","0","2","0","OK"
"OTU WA CNE - 104096","c4bf8931-ec00-4f7c-a81d-698796ab6b24","otuwacne104096.onmicrosoft.com",,,"0","1","0","1","0","OK"
"OTU WA CNE - 104096","c4bf8931-ec00-4f7c-a81d-698796ab6b24","otuwacne104096.onmicrosoft.com",,,"0","1","0","2","0","OK"
"OTU WA CNE - 104096","c4bf8931-ec00-4f7c-a81d-698796ab6b24","otuwacne104096.onmicrosoft.com",,,"0","3","0","5","0","OK"
"OTU WA CNE - 104096","c4bf8931-ec00-4f7c-a81d-698796ab6b24","otuwacne104096.onmicrosoft.com",,,"0","1","0","2","0","OK"
"OTU WA CNE - 104095","1d13c70e-5030-49dc-b89c-4d6c2d17ea82","otuwacne104095.onmicrosoft.com",,,"0","1","0","1","0","OK"
"OTU WA CNE - 104095","1d13c70e-5030-49dc-b89c-4d6c2d17ea82","otuwacne104095.onmicrosoft.com",,,"0","1","0","2","0","OK"
"OTU WA CNE - 104095","1d13c70e-5030-49dc-b89c-4d6c2d17ea82","otuwacne104095.onmicrosoft.com",,,"0","3","0","5","0","OK"
"OTU WA CNE - 104095","1d13c70e-5030-49dc-b89c-4d6c2d17ea82","otuwacne104095.onmicrosoft.com",,,"0","1","0","2","0","OK"
"OTU WA CNE - 104094","e7007ca9-c6c8-42f7-afcb-741d10b928a8","otuwacne104094.onmicrosoft.com",,,"0","1","0","1","0","OK"
"OTU WA CNE - 104094","e7007ca9-c6c8-42f7-afcb-741d10b928a8","otuwacne104094.onmicrosoft.com",,,"0","1","0","2","0","OK"
"OTU WA CNE - 104094","e7007ca9-c6c8-42f7-afcb-741d10b928a8","otuwacne104094.onmicrosoft.com",,,"0","3","0","5","0","OK"
"OTU WA CNE - 104094","e7007ca9-c6c8-42f7-afcb-741d10b928a8","otuwacne104094.onmicrosoft.com",,,"0","1","0","2","0","OK"
"OTU WA CNE - 104093","614d81ce-ff26-41b6-9cbf-be7175ea33a1","otuwacne104093.onmicrosoft.com",,,"0","1","0","1","0","OK"
"OTU WA CNE - 104093","614d81ce-ff26-41b6-9cbf-be7175ea33a1","otuwacne104093.onmicrosoft.com",,,"0","1","0","2","0","OK"
"OTU WA CNE - 104093","614d81ce-ff26-41b6-9cbf-be7175ea33a1","otuwacne104093.onmicrosoft.com",,,"0","3","0","5","0","OK"
"OTU WA CNE - 104093","614d81ce-ff26-41b6-9cbf-be7175ea33a1","otuwacne104093.onmicrosoft.com",,,"0","1","0","2","0","OK"
"OTU WA CNE - 104091","0fbb23d4-9235-4591-9781-ec45aeb4f751","otuwacne104091.onmicrosoft.com",,,"0","1","0","1","0","OK"
"OTU WA CNE - 104091","0fbb23d4-9235-4591-9781-ec45aeb4f751","otuwacne104091.onmicrosoft.com",,,"0","1","0","2","0","OK"
"OTU WA CNE - 104091","0fbb23d4-9235-4591-9781-ec45aeb4f751","otuwacne104091.onmicrosoft.com",,,"0","3","0","5","0","OK"
"OTU WA CNE - 104091","0fbb23d4-9235-4591-9781-ec45aeb4f751","otuwacne104091.onmicrosoft.com",,,"0","1","0","2","0","OK"
"OTU WA CNE - 104090","3fb216ef-d15e-4bc1-b4e4-ff7df340a3c6","otuwacne104090.onmicrosoft.com",,,"0","1","0","1","0","OK"
"OTU WA CNE - 104090","3fb216ef-d15e-4bc1-b4e4-ff7df340a3c6","otuwacne104090.onmicrosoft.com",,,"0","1","0","2","0","OK"
"OTU WA CNE - 104090","3fb216ef-d15e-4bc1-b4e4-ff7df340a3c6","otuwacne104090.onmicrosoft.com",,,"0","3","0","5","0","OK"
"OTU WA CNE - 104090","3fb216ef-d15e-4bc1-b4e4-ff7df340a3c6","otuwacne104090.onmicrosoft.com",,,"0","1","0","2","0","OK"
"OTU WA CNE - 104089","38b4320e-2914-4d39-a1b0-f84d5cd00b4c","otuwacne104089.onmicrosoft.com",,,"0","1","0","1","0","OK"
"OTU WA CNE - 104089","38b4320e-2914-4d39-a1b0-f84d5cd00b4c","otuwacne104089.onmicrosoft.com",,,"0","1","0","2","0","OK"
"OTU WA CNE - 104089","38b4320e-2914-4d39-a1b0-f84d5cd00b4c","otuwacne104089.onmicrosoft.com",,,"0","3","0","5","0","OK"
"OTU WA CNE - 104089","38b4320e-2914-4d39-a1b0-f84d5cd00b4c","otuwacne104089.onmicrosoft.com",,,"0","1","0","2","0","OK"
"OTU WA CNE - 104088","13d54f97-dbc2-4bdc-8e63-73570156e316","otuwacne104088.onmicrosoft.com",,,"0","1","0","1","0","OK"
"OTU WA CNE - 104088","13d54f97-dbc2-4bdc-8e63-73570156e316","otuwacne104088.onmicrosoft.com",,,"0","1","0","2","0","OK"
"OTU WA CNE - 104088","13d54f97-dbc2-4bdc-8e63-73570156e316","otuwacne104088.onmicrosoft.com",,,"0","3","0","5","0","OK"
"OTU WA CNE - 104088","13d54f97-dbc2-4bdc-8e63-73570156e316","otuwacne104088.onmicrosoft.com",,,"0","1","0","2","0","OK"
"OTU WA CNE - 104087","41ebf7d4-d43f-4002-bf3c-a3e0a95602a9","otuwacne104087.onmicrosoft.com",,,"0","1","0","1","0","OK"
"OTU WA CNE - 104087","41ebf7d4-d43f-4002-bf3c-a3e0a95602a9","otuwacne104087.onmicrosoft.com",,,"0","1","0","2","0","OK"
"OTU WA CNE - 104087","41ebf7d4-d43f-4002-bf3c-a3e0a95602a9","otuwacne104087.onmicrosoft.com",,,"0","3","0","5","0","OK"
"OTU WA CNE - 104087","41ebf7d4-d43f-4002-bf3c-a3e0a95602a9","otuwacne104087.onmicrosoft.com",,,"0","1","0","2","0","OK"
"OTU WA CNE - 104086","f0d3645a-9cca-4708-8384-30e72a9ef7cb","otuwacne104086.onmicrosoft.com",,,"0","1","0","1","0","OK"
"OTU WA CNE - 104086","f0d3645a-9cca-4708-8384-30e72a9ef7cb","otuwacne104086.onmicrosoft.com",,,"0","1","0","2","0","OK"
"OTU WA CNE - 104086","f0d3645a-9cca-4708-8384-30e72a9ef7cb","otuwacne104086.onmicrosoft.com",,,"0","3","0","5","0","OK"
"OTU WA CNE - 104086","f0d3645a-9cca-4708-8384-30e72a9ef7cb","otuwacne104086.onmicrosoft.com",,,"0","1","0","2","0","OK"
"OTU WA CNE - 104085","b30055c9-27ae-4ede-ae7a-515d82f6e7d3","otuwacne104085.onmicrosoft.com",,,"0","1","0","1","0","OK"
"OTU WA CNE - 104085","b30055c9-27ae-4ede-ae7a-515d82f6e7d3","otuwacne104085.onmicrosoft.com",,,"0","1","0","2","0","OK"
"OTU WA CNE - 104085","b30055c9-27ae-4ede-ae7a-515d82f6e7d3","otuwacne104085.onmicrosoft.com",,,"0","3","0","5","0","OK"
"OTU WA CNE - 104085","b30055c9-27ae-4ede-ae7a-515d82f6e7d3","otuwacne104085.onmicrosoft.com",,,"0","1","0","2","0","OK"
"OTU WA CNE - 104084","79c7b966-de31-442d-bf0b-3d88382e79e8","otuwacne104084.onmicrosoft.com",,,"0","1","0","1","0","OK"
"OTU WA CNE - 104084","79c7b966-de31-442d-bf0b-3d88382e79e8","otuwacne104084.onmicrosoft.com",,,"0","1","0","2","0","OK"
"OTU WA CNE - 104084","79c7b966-de31-442d-bf0b-3d88382e79e8","otuwacne104084.onmicrosoft.com",,,"0","3","0","5","0","OK"
"OTU WA CNE - 104084","79c7b966-de31-442d-bf0b-3d88382e79e8","otuwacne104084.onmicrosoft.com",,,"0","1","0","2","0","OK"
"OTU WA CNE - 104083","99e0ff93-035f-419c-ad2c-52c76c2771d0","otuwacne104083.onmicrosoft.com",,,"0","1","0","1","0","OK"
"OTU WA CNE - 104083","99e0ff93-035f-419c-ad2c-52c76c2771d0","otuwacne104083.onmicrosoft.com",,,"0","1","0","2","0","OK"
"OTU WA CNE - 104083","99e0ff93-035f-419c-ad2c-52c76c2771d0","otuwacne104083.onmicrosoft.com",,,"0","3","0","5","0","OK"
"OTU WA CNE - 104083","99e0ff93-035f-419c-ad2c-52c76c2771d0","otuwacne104083.onmicrosoft.com",,,"0","1","0","2","0","OK"
"OTU WA CNE - 104082","5a54a022-ffd8-4b15-a641-cac2ba978e2f","otuwacne104082.onmicrosoft.com",,,"0","1","0","1","0","OK"
"OTU WA CNE - 104082","5a54a022-ffd8-4b15-a641-cac2ba978e2f","otuwacne104082.onmicrosoft.com",,,"0","1","0","2","0","OK"
"OTU WA CNE - 104082","5a54a022-ffd8-4b15-a641-cac2ba978e2f","otuwacne104082.onmicrosoft.com",,,"0","3","0","5","0","OK"
"OTU WA CNE - 104082","5a54a022-ffd8-4b15-a641-cac2ba978e2f","otuwacne104082.onmicrosoft.com",,,"0","1","0","2","0","OK"
"OTU WA CNE - 104081","88b000cc-65b0-45f9-a3d1-35d6fb306199","otuwacne104081.onmicrosoft.com",,,"0","1","0","1","0","OK"
"OTU WA CNE - 104081","88b000cc-65b0-45f9-a3d1-35d6fb306199","otuwacne104081.onmicrosoft.com",,,"0","1","0","2","0","OK"
"OTU WA CNE - 104081","88b000cc-65b0-45f9-a3d1-35d6fb306199","otuwacne104081.onmicrosoft.com",,,"0","3","0","5","0","OK"
"OTU WA CNE - 104081","88b000cc-65b0-45f9-a3d1-35d6fb306199","otuwacne104081.onmicrosoft.com",,,"0","1","0","2","0","OK"
"OTU WA CNE - 104079","4c6c118e-ce79-4ac5-a042-b280b35a2701","otuwacne104079.onmicrosoft.com",,,"0","1","0","1","0","OK"
"OTU WA CNE - 104079","4c6c118e-ce79-4ac5-a042-b280b35a2701","otuwacne104079.onmicrosoft.com",,,"0","1","0","2","0","OK"
"OTU WA CNE - 104079","4c6c118e-ce79-4ac5-a042-b280b35a2701","otuwacne104079.onmicrosoft.com",,,"0","3","0","5","0","OK"
"OTU WA CNE - 104079","4c6c118e-ce79-4ac5-a042-b280b35a2701","otuwacne104079.onmicrosoft.com",,,"0","1","0","2","0","OK"
"OTU WA CNE - 104078","9fe88f78-24f5-4678-8e17-9617d6a4e5e4","otuwacne104078.onmicrosoft.com",,,"0","1","0","1","0","OK"
"OTU WA CNE - 104078","9fe88f78-24f5-4678-8e17-9617d6a4e5e4","otuwacne104078.onmicrosoft.com",,,"0","1","0","2","0","OK"
"OTU WA CNE - 104078","9fe88f78-24f5-4678-8e17-9617d6a4e5e4","otuwacne104078.onmicrosoft.com",,,"0","3","0","5","0","OK"
"OTU WA CNE - 104078","9fe88f78-24f5-4678-8e17-9617d6a4e5e4","otuwacne104078.onmicrosoft.com",,,"0","1","0","2","0","OK"
"OTU WA CNE - 104077","fffffc5f-ed67-423c-8df1-2731e736fdef","otuwacne104077.onmicrosoft.com",,,"0","1","0","1","0","OK"
"OTU WA CNE - 104077","fffffc5f-ed67-423c-8df1-2731e736fdef","otuwacne104077.onmicrosoft.com",,,"0","1","0","2","0","OK"
"OTU WA CNE - 104077","fffffc5f-ed67-423c-8df1-2731e736fdef","otuwacne104077.onmicrosoft.com",,,"0","3","0","5","0","OK"
"OTU WA CNE - 104077","fffffc5f-ed67-423c-8df1-2731e736fdef","otuwacne104077.onmicrosoft.com",,,"0","1","0","2","0","OK"
"OTU WA CNE - 104076","039b067a-d159-46ae-9491-a878b09a1854","otuwacne104076.onmicrosoft.com",,,"0","1","0","1","0","OK"
"OTU WA CNE - 104076","039b067a-d159-46ae-9491-a878b09a1854","otuwacne104076.onmicrosoft.com",,,"0","1","0","2","0","OK"
"OTU WA CNE - 104076","039b067a-d159-46ae-9491-a878b09a1854","otuwacne104076.onmicrosoft.com",,,"0","3","0","5","0","OK"
"OTU WA CNE - 104076","039b067a-d159-46ae-9491-a878b09a1854","otuwacne104076.onmicrosoft.com",,,"0","1","0","2","0","OK"
"OTU WA CNE - 104075","59aec059-467b-4420-85f8-63a5999e240f","otuwacne104075.onmicrosoft.com",,,"0","1","0","1","0","OK"
"OTU WA CNE - 104075","59aec059-467b-4420-85f8-63a5999e240f","otuwacne104075.onmicrosoft.com",,,"0","1","0","2","0","OK"
"OTU WA CNE - 104075","59aec059-467b-4420-85f8-63a5999e240f","otuwacne104075.onmicrosoft.com",,,"0","3","0","5","0","OK"
"OTU WA CNE - 104075","59aec059-467b-4420-85f8-63a5999e240f","otuwacne104075.onmicrosoft.com",,,"0","1","0","2","0","OK"
"OTU WA CNE - 104074","c34e3c3c-cdea-4df4-a9b2-a8f075d51414","otuwacne104074.onmicrosoft.com",,,"0","1","0","1","0","OK"
"OTU WA CNE - 104074","c34e3c3c-cdea-4df4-a9b2-a8f075d51414","otuwacne104074.onmicrosoft.com",,,"0","1","0","2","0","OK"
"OTU WA CNE - 104074","c34e3c3c-cdea-4df4-a9b2-a8f075d51414","otuwacne104074.onmicrosoft.com",,,"0","3","0","5","0","OK"
"OTU WA CNE - 104074","c34e3c3c-cdea-4df4-a9b2-a8f075d51414","otuwacne104074.onmicrosoft.com",,,"0","1","0","2","0","OK"
"OTU WA CNE - 104073","eabd3472-cea8-44cc-bd41-11ce48ea1e28","otuwacne104073.onmicrosoft.com",,,"0","1","0","1","0","OK"
"OTU WA CNE - 104073","eabd3472-cea8-44cc-bd41-11ce48ea1e28","otuwacne104073.onmicrosoft.com",,,"0","1","0","2","0","OK"
"OTU WA CNE - 104073","eabd3472-cea8-44cc-bd41-11ce48ea1e28","otuwacne104073.onmicrosoft.com",,,"0","3","0","5","0","OK"
"OTU WA CNE - 104073","eabd3472-cea8-44cc-bd41-11ce48ea1e28","otuwacne104073.onmicrosoft.com",,,"0","1","0","2","0","OK"
"OTU WA CNE - 104072","8277c11b-f94a-4827-802e-f04c56130f91","otuwacne104072.onmicrosoft.com",,,"0","0","0","1","0","OK"
"OTU WA CNE - 104072","8277c11b-f94a-4827-802e-f04c56130f91","otuwacne104072.onmicrosoft.com",,,"0","1","0","2","0","OK"
"OTU WA CNE - 104072","8277c11b-f94a-4827-802e-f04c56130f91","otuwacne104072.onmicrosoft.com",,,"0","3","0","5","0","OK"
"OTU WA CNE - 104072","8277c11b-f94a-4827-802e-f04c56130f91","otuwacne104072.onmicrosoft.com",,,"0","1","0","2","0","OK"
"OTU WA CNE - 104071","0cc0aa9c-7cd6-491d-b049-cb2747f476e6","otuwacne104071.onmicrosoft.com",,,"0","1","0","1","0","OK"
"OTU WA CNE - 104071","0cc0aa9c-7cd6-491d-b049-cb2747f476e6","otuwacne104071.onmicrosoft.com",,,"0","1","0","2","0","OK"
"OTU WA CNE - 104071","0cc0aa9c-7cd6-491d-b049-cb2747f476e6","otuwacne104071.onmicrosoft.com",,,"0","3","0","5","0","OK"
"OTU WA CNE - 104071","0cc0aa9c-7cd6-491d-b049-cb2747f476e6","otuwacne104071.onmicrosoft.com",,,"0","1","0","2","0","OK"
"OTU WA CNE - 104070","c5cd50e2-be0c-4bc9-807c-a3953ead2da4","otuwacne104070.onmicrosoft.com",,,"0","1","0","1","0","OK"
"OTU WA CNE - 104070","c5cd50e2-be0c-4bc9-807c-a3953ead2da4","otuwacne104070.onmicrosoft.com",,,"0","1","0","2","0","OK"
"OTU WA CNE - 104070","c5cd50e2-be0c-4bc9-807c-a3953ead2da4","otuwacne104070.onmicrosoft.com",,,"0","3","0","5","0","OK"
"OTU WA CNE - 104070","c5cd50e2-be0c-4bc9-807c-a3953ead2da4","otuwacne104070.onmicrosoft.com",,,"0","1","0","2","0","OK"
"OTU WA CNE - 104069","4744ded2-5d95-4b46-8f14-0a84c08f71f5","otuwacne104069.onmicrosoft.com",,,"0","1","0","1","0","OK"
"OTU WA CNE - 104069","4744ded2-5d95-4b46-8f14-0a84c08f71f5","otuwacne104069.onmicrosoft.com",,,"0","1","0","2","0","OK"
"OTU WA CNE - 104069","4744ded2-5d95-4b46-8f14-0a84c08f71f5","otuwacne104069.onmicrosoft.com",,,"0","3","0","5","0","OK"
"OTU WA CNE - 104069","4744ded2-5d95-4b46-8f14-0a84c08f71f5","otuwacne104069.onmicrosoft.com",,,"0","1","0","2","0","OK"
"OTU WA CNE - 104068","c7bdbea2-b9fb-4510-96b1-3ffa23d764bb","otuwacne104068.onmicrosoft.com",,,"0","1","0","1","0","OK"
"OTU WA CNE - 104068","c7bdbea2-b9fb-4510-96b1-3ffa23d764bb","otuwacne104068.onmicrosoft.com",,,"0","1","0","2","0","OK"
"OTU WA CNE - 104068","c7bdbea2-b9fb-4510-96b1-3ffa23d764bb","otuwacne104068.onmicrosoft.com",,,"0","3","0","5","0","OK"
"OTU WA CNE - 104068","c7bdbea2-b9fb-4510-96b1-3ffa23d764bb","otuwacne104068.onmicrosoft.com",,,"0","1","0","2","0","OK"
"OTU WA CNE - 104067","e4b42f53-aa42-47fb-b6c4-2094797b71e1","otuwacne104067.onmicrosoft.com",,,"0","1","0","1","0","OK"
"OTU WA CNE - 104067","e4b42f53-aa42-47fb-b6c4-2094797b71e1","otuwacne104067.onmicrosoft.com",,,"0","1","0","2","0","OK"
"OTU WA CNE - 104067","e4b42f53-aa42-47fb-b6c4-2094797b71e1","otuwacne104067.onmicrosoft.com",,,"0","3","0","5","0","OK"
"OTU WA CNE - 104067","e4b42f53-aa42-47fb-b6c4-2094797b71e1","otuwacne104067.onmicrosoft.com",,,"0","1","0","2","0","OK"
"OTU WA CNE - 104066","7be8c231-7762-4d04-9675-df54c78f4fd4","otuwacne104066.onmicrosoft.com",,,"0","1","0","1","0","OK"
"OTU WA CNE - 104066","7be8c231-7762-4d04-9675-df54c78f4fd4","otuwacne104066.onmicrosoft.com",,,"0","1","0","2","0","OK"
"OTU WA CNE - 104066","7be8c231-7762-4d04-9675-df54c78f4fd4","otuwacne104066.onmicrosoft.com",,,"0","3","0","5","0","OK"
"OTU WA CNE - 104066","7be8c231-7762-4d04-9675-df54c78f4fd4","otuwacne104066.onmicrosoft.com",,,"0","1","0","2","0","OK"
"OTU WA CNE -  104059","1b2c7d15-bec3-4910-a516-14ed6bf1c66a","otuwacne104059.onmicrosoft.com",,,"0","1","0","2","0","OK"
"OTU WA CNE -  104059","1b2c7d15-bec3-4910-a516-14ed6bf1c66a","otuwacne104059.onmicrosoft.com",,,"1","1","0","3","0","OK"
"OTU WA CNE -  104059","1b2c7d15-bec3-4910-a516-14ed6bf1c66a","otuwacne104059.onmicrosoft.com",,,"0","3","0","5","0","OK"
"OTU WA CNE -  104059","1b2c7d15-bec3-4910-a516-14ed6bf1c66a","otuwacne104059.onmicrosoft.com",,,"0","1","0","3","0","OK"
"OTU WA CNE - 104040","ec241690-4987-4d99-85c3-5d250077e78b","otuwacne104040.onmicrosoft.com",,,"0","1","0","2","0","OK"
"OTU WA CNE - 104040","ec241690-4987-4d99-85c3-5d250077e78b","otuwacne104040.onmicrosoft.com",,,"1","1","0","2","0","OK"
"OTU WA CNE - 104040","ec241690-4987-4d99-85c3-5d250077e78b","otuwacne104040.onmicrosoft.com",,,"0","3","0","5","0","OK"
"OTU WA CNE - 104040","ec241690-4987-4d99-85c3-5d250077e78b","otuwacne104040.onmicrosoft.com",,,"0","1","0","3","0","OK"
"OTU WA CNE - 104039","cb986d18-9943-4824-831d-d38ee2ef2d3d","otuwacne104039.onmicrosoft.com",,,"0","1","0","2","0","OK"
"OTU WA CNE - 104039","cb986d18-9943-4824-831d-d38ee2ef2d3d","otuwacne104039.onmicrosoft.com",,,"1","1","0","1","0","OK"
"OTU WA CNE - 104039","cb986d18-9943-4824-831d-d38ee2ef2d3d","otuwacne104039.onmicrosoft.com",,,"0","3","0","5","0","OK"
"OTU WA CNE - 104039","cb986d18-9943-4824-831d-d38ee2ef2d3d","otuwacne104039.onmicrosoft.com",,,"0","1","0","3","0","OK"
"OTU WA CNE - 104038","6b2cb526-38f0-4e01-89d7-02a077e7b346","otuwacne104038.onmicrosoft.com",,,"0","1","0","2","0","OK"
"OTU WA CNE - 104038","6b2cb526-38f0-4e01-89d7-02a077e7b346","otuwacne104038.onmicrosoft.com",,,"1","1","0","1","0","OK"
"OTU WA CNE - 104038","6b2cb526-38f0-4e01-89d7-02a077e7b346","otuwacne104038.onmicrosoft.com",,,"0","3","0","5","0","OK"
"OTU WA CNE - 104038","6b2cb526-38f0-4e01-89d7-02a077e7b346","otuwacne104038.onmicrosoft.com",,,"0","1","0","3","0","OK"
"OTU WA CNE - 104037","54445e7b-b406-45a1-bc8b-7e18795721d2","otuwacne104037.onmicrosoft.com",,,"0","1","0","2","0","OK"
"OTU WA CNE - 104037","54445e7b-b406-45a1-bc8b-7e18795721d2","otuwacne104037.onmicrosoft.com",,,"1","1","0","1","0","OK"
"OTU WA CNE - 104037","54445e7b-b406-45a1-bc8b-7e18795721d2","otuwacne104037.onmicrosoft.com",,,"0","3","0","5","0","OK"
"OTU WA CNE - 104037","54445e7b-b406-45a1-bc8b-7e18795721d2","otuwacne104037.onmicrosoft.com",,,"0","1","0","3","0","OK"
"OTU WA CNE - 104036","aea992f4-7e48-4c8d-90e6-164046a30ec4","otuwacne104036.onmicrosoft.com",,,"0","1","0","2","0","OK"
"OTU WA CNE - 104036","aea992f4-7e48-4c8d-90e6-164046a30ec4","otuwacne104036.onmicrosoft.com",,,"1","1","0","1","0","OK"
"OTU WA CNE - 104036","aea992f4-7e48-4c8d-90e6-164046a30ec4","otuwacne104036.onmicrosoft.com",,,"0","3","0","5","0","OK"
"OTU WA CNE - 104036","aea992f4-7e48-4c8d-90e6-164046a30ec4","otuwacne104036.onmicrosoft.com",,,"0","1","0","3","0","OK"
"OTU WA CNE - 104035","a1f09864-e1dc-44a9-9378-80bcc319f819","otuwacne104035.onmicrosoft.com",,,"0","1","0","2","0","OK"
"OTU WA CNE - 104035","a1f09864-e1dc-44a9-9378-80bcc319f819","otuwacne104035.onmicrosoft.com",,,"1","1","0","1","0","OK"
"OTU WA CNE - 104035","a1f09864-e1dc-44a9-9378-80bcc319f819","otuwacne104035.onmicrosoft.com",,,"0","3","0","5","0","OK"
"OTU WA CNE - 104035","a1f09864-e1dc-44a9-9378-80bcc319f819","otuwacne104035.onmicrosoft.com",,,"0","1","0","3","0","OK"
"OTU WA CNE - 104034","eb81c46e-9dd7-4f98-923d-cde68124d5e3","otuwacne104034.onmicrosoft.com",,,"0","1","0","2","0","OK"
"OTU WA CNE - 104034","eb81c46e-9dd7-4f98-923d-cde68124d5e3","otuwacne104034.onmicrosoft.com",,,"1","1","0","1","0","OK"
"OTU WA CNE - 104034","eb81c46e-9dd7-4f98-923d-cde68124d5e3","otuwacne104034.onmicrosoft.com",,,"0","3","0","5","0","OK"
"OTU WA CNE - 104034","eb81c46e-9dd7-4f98-923d-cde68124d5e3","otuwacne104034.onmicrosoft.com",,,"0","1","0","3","0","OK"
"OTU WA CNE - 104033","f7d431d4-3384-4a3d-89b2-0e928854f53a","otuwacne104033.onmicrosoft.com",,,"0","1","0","2","0","OK"
"OTU WA CNE - 104033","f7d431d4-3384-4a3d-89b2-0e928854f53a","otuwacne104033.onmicrosoft.com",,,"1","1","0","1","0","OK"
"OTU WA CNE - 104033","f7d431d4-3384-4a3d-89b2-0e928854f53a","otuwacne104033.onmicrosoft.com",,,"0","3","0","5","0","OK"
"OTU WA CNE - 104033","f7d431d4-3384-4a3d-89b2-0e928854f53a","otuwacne104033.onmicrosoft.com",,,"0","1","0","3","0","OK"
"OTU WA CNE - 104032","ffe9ac1a-80aa-4f11-a802-eddfd7e4dc4e","otuwacne104032.onmicrosoft.com",,,"0","1","0","2","0","OK"
"OTU WA CNE - 104032","ffe9ac1a-80aa-4f11-a802-eddfd7e4dc4e","otuwacne104032.onmicrosoft.com",,,"1","1","0","1","0","OK"
"OTU WA CNE - 104032","ffe9ac1a-80aa-4f11-a802-eddfd7e4dc4e","otuwacne104032.onmicrosoft.com",,,"0","3","0","5","0","OK"
"OTU WA CNE - 104032","ffe9ac1a-80aa-4f11-a802-eddfd7e4dc4e","otuwacne104032.onmicrosoft.com",,,"0","1","0","3","0","OK"
"OTU WA CNE - 104031","8f8ee0d0-6f48-4589-a959-830afad64bf9","otuwacne104031.onmicrosoft.com",,,"0","1","0","2","0","OK"
"OTU WA CNE - 104031","8f8ee0d0-6f48-4589-a959-830afad64bf9","otuwacne104031.onmicrosoft.com",,,"1","1","0","1","0","OK"
"OTU WA CNE - 104031","8f8ee0d0-6f48-4589-a959-830afad64bf9","otuwacne104031.onmicrosoft.com",,,"0","3","0","5","0","OK"
"OTU WA CNE - 104031","8f8ee0d0-6f48-4589-a959-830afad64bf9","otuwacne104031.onmicrosoft.com",,,"0","1","0","2","0","OK"
"OTU WA CNE - 104030","e8658aab-b40a-4952-b974-a2c0d40e0008","otuwacne104030.onmicrosoft.com",,,"0","1","0","2","0","OK"
"OTU WA CNE - 104030","e8658aab-b40a-4952-b974-a2c0d40e0008","otuwacne104030.onmicrosoft.com",,,"1","1","0","1","0","OK"
"OTU WA CNE - 104030","e8658aab-b40a-4952-b974-a2c0d40e0008","otuwacne104030.onmicrosoft.com",,,"0","3","0","5","0","OK"
"OTU WA CNE - 104030","e8658aab-b40a-4952-b974-a2c0d40e0008","otuwacne104030.onmicrosoft.com",,,"0","1","0","2","0","OK"
"OTU WA CNE - 104029","6a2fa177-8ffa-47c2-8bba-93d3ad37643c","otuwacne104029.onmicrosoft.com",,,"0","1","0","2","0","OK"
"OTU WA CNE - 104029","6a2fa177-8ffa-47c2-8bba-93d3ad37643c","otuwacne104029.onmicrosoft.com",,,"1","1","0","1","0","OK"
"OTU WA CNE - 104029","6a2fa177-8ffa-47c2-8bba-93d3ad37643c","otuwacne104029.onmicrosoft.com",,,"0","3","0","5","0","OK"
"OTU WA CNE - 104029","6a2fa177-8ffa-47c2-8bba-93d3ad37643c","otuwacne104029.onmicrosoft.com",,,"0","1","0","3","0","OK"
"OTU WA CNE - 104028","ff4db708-d638-4bd7-92b0-6b2bc373d948","otuwacne104028.onmicrosoft.com",,,"0","1","0","2","0","OK"
"OTU WA CNE - 104028","ff4db708-d638-4bd7-92b0-6b2bc373d948","otuwacne104028.onmicrosoft.com",,,"1","1","0","1","0","OK"
"OTU WA CNE - 104028","ff4db708-d638-4bd7-92b0-6b2bc373d948","otuwacne104028.onmicrosoft.com",,,"0","3","0","3","0","OK"
"OTU WA CNE - 104028","ff4db708-d638-4bd7-92b0-6b2bc373d948","otuwacne104028.onmicrosoft.com",,,"0","1","0","2","0","OK"
"OTU WA CNE - 104027","892cd6f7-5fd3-41d8-99e4-1eda6256d0b8","otuwacne104027.onmicrosoft.com",,,"0","1","0","2","0","OK"
"OTU WA CNE - 104027","892cd6f7-5fd3-41d8-99e4-1eda6256d0b8","otuwacne104027.onmicrosoft.com",,,"1","1","0","1","0","OK"
"OTU WA CNE - 104027","892cd6f7-5fd3-41d8-99e4-1eda6256d0b8","otuwacne104027.onmicrosoft.com",,,"0","3","0","3","0","OK"
"OTU WA CNE - 104027","892cd6f7-5fd3-41d8-99e4-1eda6256d0b8","otuwacne104027.onmicrosoft.com",,,"0","1","0","2","0","OK"
"OTU WA CNE - 104026","01f99e49-0638-4333-b5a3-1560757babaf","otuwacne104026.onmicrosoft.com",,,"1","1","0","1","0","OK"
"OTU WA CNE - 104026","01f99e49-0638-4333-b5a3-1560757babaf","otuwacne104026.onmicrosoft.com",,,"1","1","0","1","0","OK"
"OTU WA CNE - 104026","01f99e49-0638-4333-b5a3-1560757babaf","otuwacne104026.onmicrosoft.com",,,"0","3","0","3","0","OK"
"OTU WA CNE - 104026","01f99e49-0638-4333-b5a3-1560757babaf","otuwacne104026.onmicrosoft.com",,,"0","1","0","3","0","OK"
"OTU WA CNE - 104025","f3f22920-8bb0-40c6-bfbd-c42c4c4823ae","otuwacne104025.onmicrosoft.com",,,"0","1","0","2","0","OK"
"OTU WA CNE - 104025","f3f22920-8bb0-40c6-bfbd-c42c4c4823ae","otuwacne104025.onmicrosoft.com",,,"1","1","0","1","0","OK"
"OTU WA CNE - 104025","f3f22920-8bb0-40c6-bfbd-c42c4c4823ae","otuwacne104025.onmicrosoft.com",,,"0","3","0","3","0","OK"
"OTU WA CNE - 104025","f3f22920-8bb0-40c6-bfbd-c42c4c4823ae","otuwacne104025.onmicrosoft.com",,,"0","1","0","3","0","OK"
"OTU WA CNE - 104024","8137ac79-ecd3-44f2-902a-3d7047648cb8","otuwacne104024.onmicrosoft.com",,,"0","1","0","2","0","OK"
"OTU WA CNE - 104024","8137ac79-ecd3-44f2-902a-3d7047648cb8","otuwacne104024.onmicrosoft.com",,,"1","1","0","1","0","OK"
"OTU WA CNE - 104024","8137ac79-ecd3-44f2-902a-3d7047648cb8","otuwacne104024.onmicrosoft.com",,,"0","3","0","3","0","OK"
"OTU WA CNE - 104024","8137ac79-ecd3-44f2-902a-3d7047648cb8","otuwacne104024.onmicrosoft.com",,,"0","1","0","3","0","OK"
"OTU WA CNE - 104023","e190d087-5aa7-49d3-aa85-7f5f3a557fad","otuwacne104023.onmicrosoft.com",,,"0","1","0","2","0","OK"
"OTU WA CNE - 104023","e190d087-5aa7-49d3-aa85-7f5f3a557fad","otuwacne104023.onmicrosoft.com",,,"1","1","0","1","0","OK"
"OTU WA CNE - 104023","e190d087-5aa7-49d3-aa85-7f5f3a557fad","otuwacne104023.onmicrosoft.com",,,"0","3","0","3","0","OK"
"OTU WA CNE - 104023","e190d087-5aa7-49d3-aa85-7f5f3a557fad","otuwacne104023.onmicrosoft.com",,,"0","1","0","3","0","OK"
"OTU WA CNE - 104022","2705ac40-4350-4221-bf79-cd4c2c0a410f","otuwacne104022.onmicrosoft.com",,,"1","1","0","1","0","OK"
"OTU WA CNE - 104022","2705ac40-4350-4221-bf79-cd4c2c0a410f","otuwacne104022.onmicrosoft.com",,,"1","1","0","1","0","OK"
"OTU WA CNE - 104022","2705ac40-4350-4221-bf79-cd4c2c0a410f","otuwacne104022.onmicrosoft.com",,,"0","3","0","3","0","OK"
"OTU WA CNE - 104022","2705ac40-4350-4221-bf79-cd4c2c0a410f","otuwacne104022.onmicrosoft.com",,,"0","1","0","2","0","OK"
"OTU WA CNE - 104021","8826e5b0-5745-44da-b46e-7868826bbd9a","otuwacne104021.onmicrosoft.com",,,"0","1","0","2","0","OK"
"OTU WA CNE - 104021","8826e5b0-5745-44da-b46e-7868826bbd9a","otuwacne104021.onmicrosoft.com",,,"1","1","0","1","0","OK"
"OTU WA CNE - 104021","8826e5b0-5745-44da-b46e-7868826bbd9a","otuwacne104021.onmicrosoft.com",,,"0","3","0","3","0","OK"
"OTU WA CNE - 104021","8826e5b0-5745-44da-b46e-7868826bbd9a","otuwacne104021.onmicrosoft.com",,,"0","1","0","2","0","OK"
"OTU WA CNE - 104020","9c332479-62c7-4218-a9fd-1f8c771625ed","otuwacne104020.onmicrosoft.com",,,"0","1","0","2","0","OK"
"OTU WA CNE - 104020","9c332479-62c7-4218-a9fd-1f8c771625ed","otuwacne104020.onmicrosoft.com",,,"1","1","0","1","0","OK"
"OTU WA CNE - 104020","9c332479-62c7-4218-a9fd-1f8c771625ed","otuwacne104020.onmicrosoft.com",,,"0","3","0","3","0","OK"
"OTU WA CNE - 104020","9c332479-62c7-4218-a9fd-1f8c771625ed","otuwacne104020.onmicrosoft.com",,,"0","1","0","2","0","OK"
"OTU WA CNE - 104019","b27ea40b-42cb-4915-bc1c-998f0168e19e","otuwacne104019.onmicrosoft.com",,,"0","1","0","2","0","OK"
"OTU WA CNE - 104019","b27ea40b-42cb-4915-bc1c-998f0168e19e","otuwacne104019.onmicrosoft.com",,,"1","1","0","1","0","OK"
"OTU WA CNE - 104019","b27ea40b-42cb-4915-bc1c-998f0168e19e","otuwacne104019.onmicrosoft.com",,,"0","3","0","3","0","OK"
"OTU WA CNE - 104019","b27ea40b-42cb-4915-bc1c-998f0168e19e","otuwacne104019.onmicrosoft.com",,,"0","1","0","2","0","OK"
"OTU WA CNE - 104018","0a090846-6267-45b6-bdfc-9f8482da1694","otuwacne104018.onmicrosoft.com",,,"0","1","0","2","0","OK"
"OTU WA CNE - 104018","0a090846-6267-45b6-bdfc-9f8482da1694","otuwacne104018.onmicrosoft.com",,,"1","1","0","1","0","OK"
"OTU WA CNE - 104018","0a090846-6267-45b6-bdfc-9f8482da1694","otuwacne104018.onmicrosoft.com",,,"0","3","0","3","0","OK"
"OTU WA CNE - 104018","0a090846-6267-45b6-bdfc-9f8482da1694","otuwacne104018.onmicrosoft.com",,,"1","1","0","1","0","OK"
"OTU WA CNE - 104017","d5ee1bad-a8a6-4bf3-b56e-f06bbef38d6c","otuwacne104017.onmicrosoft.com",,,"0","1","0","2","0","OK"
"OTU WA CNE - 104017","d5ee1bad-a8a6-4bf3-b56e-f06bbef38d6c","otuwacne104017.onmicrosoft.com",,,"1","1","0","1","0","OK"
"OTU WA CNE - 104017","d5ee1bad-a8a6-4bf3-b56e-f06bbef38d6c","otuwacne104017.onmicrosoft.com",,,"0","3","0","3","0","OK"
"OTU WA CNE - 104017","d5ee1bad-a8a6-4bf3-b56e-f06bbef38d6c","otuwacne104017.onmicrosoft.com",,,"1","1","0","1","0","OK"
"OTU WA CNE - 104016","239b18f0-9f00-413c-9f28-7a4c89f9e489","otuwacne104016.onmicrosoft.com",,,"0","1","0","2","0","OK"
"OTU WA CNE - 104016","239b18f0-9f00-413c-9f28-7a4c89f9e489","otuwacne104016.onmicrosoft.com",,,"1","1","0","1","0","OK"
"OTU WA CNE - 104016","239b18f0-9f00-413c-9f28-7a4c89f9e489","otuwacne104016.onmicrosoft.com",,,"0","3","0","3","0","OK"
"OTU WA CNE - 104016","239b18f0-9f00-413c-9f28-7a4c89f9e489","otuwacne104016.onmicrosoft.com",,,"1","1","0","1","0","OK"
"OTU WA CNE - 104015","c068eea7-73b6-4be9-b265-9289be35cd81","otuwacne104015.onmicrosoft.com",,,"0","1","0","2","0","OK"
"OTU WA CNE - 104015","c068eea7-73b6-4be9-b265-9289be35cd81","otuwacne104015.onmicrosoft.com",,,"1","1","0","1","0","OK"
"OTU WA CNE - 104015","c068eea7-73b6-4be9-b265-9289be35cd81","otuwacne104015.onmicrosoft.com",,,"0","3","0","3","0","OK"
"OTU WA CNE - 104015","c068eea7-73b6-4be9-b265-9289be35cd81","otuwacne104015.onmicrosoft.com",,,"1","1","0","1","0","OK"
"OTU WA CNE - 104014","0a0495e4-e3f3-40ec-b90f-181fcaeeace2","otuwacne104014.onmicrosoft.com",,,"0","1","0","2","0","OK"
"OTU WA CNE - 104014","0a0495e4-e3f3-40ec-b90f-181fcaeeace2","otuwacne104014.onmicrosoft.com",,,"1","1","0","1","0","OK"
"OTU WA CNE - 104014","0a0495e4-e3f3-40ec-b90f-181fcaeeace2","otuwacne104014.onmicrosoft.com",,,"0","3","0","3","0","OK"
"OTU WA CNE - 104014","0a0495e4-e3f3-40ec-b90f-181fcaeeace2","otuwacne104014.onmicrosoft.com",,,"1","1","0","1","0","OK"
"OTU WA CNE - 104013","740edb9c-e174-4938-a673-07f42776ef2a","otuwacne104013.onmicrosoft.com",,,"0","1","0","2","0","OK"
"OTU WA CNE - 104013","740edb9c-e174-4938-a673-07f42776ef2a","otuwacne104013.onmicrosoft.com",,,"1","1","0","1","0","OK"
"OTU WA CNE - 104013","740edb9c-e174-4938-a673-07f42776ef2a","otuwacne104013.onmicrosoft.com",,,"0","3","0","3","0","OK"
"OTU WA CNE - 104013","740edb9c-e174-4938-a673-07f42776ef2a","otuwacne104013.onmicrosoft.com",,,"1","1","0","1","0","OK"
"OTU WA CNE - 104012","06f6bca4-7cc0-4899-bd08-0c976894d165","otuwacne104012.onmicrosoft.com",,,"0","1","0","2","0","OK"
"OTU WA CNE - 104012","06f6bca4-7cc0-4899-bd08-0c976894d165","otuwacne104012.onmicrosoft.com",,,"1","1","0","2","0","OK"
"OTU WA CNE - 104012","06f6bca4-7cc0-4899-bd08-0c976894d165","otuwacne104012.onmicrosoft.com",,,"0","3","0","3","0","OK"
"OTU WA CNE - 104012","06f6bca4-7cc0-4899-bd08-0c976894d165","otuwacne104012.onmicrosoft.com",,,"1","1","0","1","0","OK"
"OTU WA CNE - 104011","715f4527-5dcc-462e-a7b9-dfbbb6be43e3","otuwacne104011.onmicrosoft.com",,,"0","1","0","2","0","OK"
"OTU WA CNE - 104011","715f4527-5dcc-462e-a7b9-dfbbb6be43e3","otuwacne104011.onmicrosoft.com",,,"1","1","0","2","0","OK"
"OTU WA CNE - 104011","715f4527-5dcc-462e-a7b9-dfbbb6be43e3","otuwacne104011.onmicrosoft.com",,,"0","3","0","3","0","OK"
"OTU WA CNE - 104011","715f4527-5dcc-462e-a7b9-dfbbb6be43e3","otuwacne104011.onmicrosoft.com",,,"1","1","0","1","0","OK"
"OTU WA CNE - 104010","a38be04e-2bd5-4bad-b4fc-6ae2d4c429ef","otuwacne104010.onmicrosoft.com",,,"0","1","0","2","0","OK"
"OTU WA CNE - 104010","a38be04e-2bd5-4bad-b4fc-6ae2d4c429ef","otuwacne104010.onmicrosoft.com",,,"1","1","0","1","0","OK"
"OTU WA CNE - 104010","a38be04e-2bd5-4bad-b4fc-6ae2d4c429ef","otuwacne104010.onmicrosoft.com",,,"0","3","0","3","0","OK"
"OTU WA CNE - 104010","a38be04e-2bd5-4bad-b4fc-6ae2d4c429ef","otuwacne104010.onmicrosoft.com",,,"1","1","0","1","0","OK"
"OTU WA CNE - 104009","dc7323a9-b2c3-4dbf-9d7e-59bc1832837d","otuwacne104009.onmicrosoft.com",,,"0","1","0","1","0","OK"
"OTU WA CNE - 104009","dc7323a9-b2c3-4dbf-9d7e-59bc1832837d","otuwacne104009.onmicrosoft.com",,,"0","1","0","1","0","OK"
"OTU WA CNE - 104009","dc7323a9-b2c3-4dbf-9d7e-59bc1832837d","otuwacne104009.onmicrosoft.com",,,"0","3","0","5","0","OK"
"OTU WA CNE - 104009","dc7323a9-b2c3-4dbf-9d7e-59bc1832837d","otuwacne104009.onmicrosoft.com",,,"0","1","0","2","0","OK"
"OTU WA CNE - 104008","20417043-3ea5-43ea-85b1-606301f03632","otuwacne104008.onmicrosoft.com",,,"0","1","0","2","0","OK"
"OTU WA CNE - 104008","20417043-3ea5-43ea-85b1-606301f03632","otuwacne104008.onmicrosoft.com",,,"1","1","0","1","0","OK"
"OTU WA CNE - 104008","20417043-3ea5-43ea-85b1-606301f03632","otuwacne104008.onmicrosoft.com",,,"0","3","0","3","0","OK"
"OTU WA CNE - 104008","20417043-3ea5-43ea-85b1-606301f03632","otuwacne104008.onmicrosoft.com",,,"1","1","0","1","0","OK"
"OTU WA CNE - 104007","7feeb899-6bdc-4376-a909-452aba019ddd","otuwacne104007.onmicrosoft.com",,,"0","1","0","2","0","OK"
"OTU WA CNE - 104007","7feeb899-6bdc-4376-a909-452aba019ddd","otuwacne104007.onmicrosoft.com",,,"1","1","0","1","0","OK"
"OTU WA CNE - 104007","7feeb899-6bdc-4376-a909-452aba019ddd","otuwacne104007.onmicrosoft.com",,,"0","3","0","3","0","OK"
"OTU WA CNE - 104007","7feeb899-6bdc-4376-a909-452aba019ddd","otuwacne104007.onmicrosoft.com",,,"1","1","0","1","0","OK"
"OTU WA CNE - 104006","c8361611-e905-4af9-b27b-4a0c19c7ab9d","otuwacne104006.onmicrosoft.com",,,"0","1","0","2","0","OK"
"OTU WA CNE - 104006","c8361611-e905-4af9-b27b-4a0c19c7ab9d","otuwacne104006.onmicrosoft.com",,,"1","1","0","1","0","OK"
"OTU WA CNE - 104006","c8361611-e905-4af9-b27b-4a0c19c7ab9d","otuwacne104006.onmicrosoft.com",,,"0","3","0","3","0","OK"
"OTU WA CNE - 104006","c8361611-e905-4af9-b27b-4a0c19c7ab9d","otuwacne104006.onmicrosoft.com",,,"1","1","0","1","0","OK"
"OTU WA CNE - 104005","77060ab6-f578-4346-ae1e-1b5e216db2ed","otuwacne104005.onmicrosoft.com",,,"0","1","0","2","0","OK"
"OTU WA CNE - 104005","77060ab6-f578-4346-ae1e-1b5e216db2ed","otuwacne104005.onmicrosoft.com",,,"0","1","0","2","0","OK"
"OTU WA CNE - 104005","77060ab6-f578-4346-ae1e-1b5e216db2ed","otuwacne104005.onmicrosoft.com",,,"0","3","0","3","0","OK"
"OTU WA CNE - 104005","77060ab6-f578-4346-ae1e-1b5e216db2ed","otuwacne104005.onmicrosoft.com",,,"0","1","0","2","0","OK"
"OTU WA CNE - 104004","dcde1ddd-af2c-4b23-9ae5-d2a1fab7339f","otuwacne104004.onmicrosoft.com",,,"0","1","0","2","0","OK"
"OTU WA CNE - 104004","dcde1ddd-af2c-4b23-9ae5-d2a1fab7339f","otuwacne104004.onmicrosoft.com",,,"1","1","0","1","0","OK"
"OTU WA CNE - 104004","dcde1ddd-af2c-4b23-9ae5-d2a1fab7339f","otuwacne104004.onmicrosoft.com",,,"0","3","0","3","0","OK"
"OTU WA CNE - 104004","dcde1ddd-af2c-4b23-9ae5-d2a1fab7339f","otuwacne104004.onmicrosoft.com",,,"1","1","0","1","0","OK"
"OTU WA CNE - 104003","8576e7cd-3097-4f8f-b95e-5fa90f62ded3","otuwacne104003.onmicrosoft.com",,,"0","1","0","2","0","OK"
"OTU WA CNE - 104003","8576e7cd-3097-4f8f-b95e-5fa90f62ded3","otuwacne104003.onmicrosoft.com",,,"1","1","0","1","0","OK"
"OTU WA CNE - 104003","8576e7cd-3097-4f8f-b95e-5fa90f62ded3","otuwacne104003.onmicrosoft.com",,,"0","3","0","3","0","OK"
"OTU WA CNE - 104003","8576e7cd-3097-4f8f-b95e-5fa90f62ded3","otuwacne104003.onmicrosoft.com",,,"1","1","0","1","0","OK"
"OTU WA CNE - 104002","28a55a2c-82bd-4b23-9f46-15ec7498ae91","otuwacne104002.onmicrosoft.com",,,"0","1","0","2","0","OK"
"OTU WA CNE - 104002","28a55a2c-82bd-4b23-9f46-15ec7498ae91","otuwacne104002.onmicrosoft.com",,,"1","1","0","1","0","OK"
"OTU WA CNE - 104002","28a55a2c-82bd-4b23-9f46-15ec7498ae91","otuwacne104002.onmicrosoft.com",,,"0","3","0","3","0","OK"
"OTU WA CNE - 104002","28a55a2c-82bd-4b23-9f46-15ec7498ae91","otuwacne104002.onmicrosoft.com",,,"1","1","0","1","0","OK"
"OTU WA CNE - 104002","28a55a2c-82bd-4b23-9f46-15ec7498ae91","otuwacne104002.onmicrosoft.com",,,"1","1","0","0","0","OK"
"OTU WA CNE - 104001","f228cb19-dd3b-46c2-8f83-26f187126f85","otuwacne104001.onmicrosoft.com",,,"0","1","0","2","0","OK"
"OTU WA CNE - 104001","f228cb19-dd3b-46c2-8f83-26f187126f85","otuwacne104001.onmicrosoft.com",,,"1","1","0","1","0","OK"
"OTU WA CNE - 104001","f228cb19-dd3b-46c2-8f83-26f187126f85","otuwacne104001.onmicrosoft.com",,,"0","3","0","3","0","OK"
"OTU WA CNE - 104001","f228cb19-dd3b-46c2-8f83-26f187126f85","otuwacne104001.onmicrosoft.com",,,"1","1","0","1","0","OK"
"OTU WA CNE - 104000","4d27db45-5247-434e-b486-cafa2a3e8cc1","otuwacne104000.onmicrosoft.com",,,"0","1","0","2","0","OK"
"OTU WA CNE - 104000","4d27db45-5247-434e-b486-cafa2a3e8cc1","otuwacne104000.onmicrosoft.com",,,"1","1","0","1","0","OK"
"OTU WA CNE - 104000","4d27db45-5247-434e-b486-cafa2a3e8cc1","otuwacne104000.onmicrosoft.com",,,"0","3","0","3","0","OK"
"OTU WA CNE - 104000","4d27db45-5247-434e-b486-cafa2a3e8cc1","otuwacne104000.onmicrosoft.com",,,"1","1","0","1","0","OK"
"OTU WA CNE - 103999","0bbab552-d379-4e86-96e1-c86662064893","otuwacne103999.onmicrosoft.com",,,"0","1","0","1","0","OK"
"OTU WA CNE - 103999","0bbab552-d379-4e86-96e1-c86662064893","otuwacne103999.onmicrosoft.com",,,"0","1","0","1","0","OK"
"OTU WA CNE - 103999","0bbab552-d379-4e86-96e1-c86662064893","otuwacne103999.onmicrosoft.com",,,"0","3","0","5","0","OK"
"OTU WA CNE - 103999","0bbab552-d379-4e86-96e1-c86662064893","otuwacne103999.onmicrosoft.com",,,"0","1","0","2","0","OK"
"OTU WA CNE - 103998","3ed144d1-0d90-40cb-9bb4-dbad7a874e74","otuwacne103998.onmicrosoft.com",,,"0","1","0","2","0","OK"
"OTU WA CNE - 103998","3ed144d1-0d90-40cb-9bb4-dbad7a874e74","otuwacne103998.onmicrosoft.com",,,"1","1","0","1","0","OK"
"OTU WA CNE - 103998","3ed144d1-0d90-40cb-9bb4-dbad7a874e74","otuwacne103998.onmicrosoft.com",,,"0","3","0","3","0","OK"
"OTU WA CNE - 103998","3ed144d1-0d90-40cb-9bb4-dbad7a874e74","otuwacne103998.onmicrosoft.com",,,"1","1","0","1","0","OK"
"OTU WA CNE - 103997","a72d2241-6280-47be-a855-ea92aaf08ed6","otuwacne103997.onmicrosoft.com",,,"1","1","0","1","0","OK"
"OTU WA CNE - 103997","a72d2241-6280-47be-a855-ea92aaf08ed6","otuwacne103997.onmicrosoft.com",,,"1","1","0","1","0","OK"
"OTU WA CNE - 103997","a72d2241-6280-47be-a855-ea92aaf08ed6","otuwacne103997.onmicrosoft.com",,,"0","3","0","3","0","OK"
"OTU WA CNE - 103997","a72d2241-6280-47be-a855-ea92aaf08ed6","otuwacne103997.onmicrosoft.com",,,"1","1","0","1","0","OK"
"OTU WA CNE - 103996","ecc2d30e-95b3-41ef-b4b1-2f9f541a34ca","otuwacne103996.onmicrosoft.com",,,"1","1","0","1","0","OK"
"OTU WA CNE - 103996","ecc2d30e-95b3-41ef-b4b1-2f9f541a34ca","otuwacne103996.onmicrosoft.com",,,"1","1","0","1","0","OK"
"OTU WA CNE - 103996","ecc2d30e-95b3-41ef-b4b1-2f9f541a34ca","otuwacne103996.onmicrosoft.com",,,"0","3","0","3","0","OK"
"OTU WA CNE - 103996","ecc2d30e-95b3-41ef-b4b1-2f9f541a34ca","otuwacne103996.onmicrosoft.com",,,"1","1","0","1","0","OK"
"OTU WA CNE - 103995","4b2446e0-e17b-4e53-92dc-27c96dbf052b","otuwacne103995.onmicrosoft.com",,,"1","1","0","1","0","OK"
"OTU WA CNE - 103995","4b2446e0-e17b-4e53-92dc-27c96dbf052b","otuwacne103995.onmicrosoft.com",,,"1","1","0","1","0","OK"
"OTU WA CNE - 103995","4b2446e0-e17b-4e53-92dc-27c96dbf052b","otuwacne103995.onmicrosoft.com",,,"0","3","0","3","0","OK"
"OTU WA CNE - 103995","4b2446e0-e17b-4e53-92dc-27c96dbf052b","otuwacne103995.onmicrosoft.com",,,"1","1","0","1","0","OK"
"OTU WA CNE - 103994","9497f345-2dc9-4aca-9581-03f973c0729b","otuwacne103994.onmicrosoft.com",,,"1","1","0","1","0","OK"
"OTU WA CNE - 103994","9497f345-2dc9-4aca-9581-03f973c0729b","otuwacne103994.onmicrosoft.com",,,"1","1","0","1","0","OK"
"OTU WA CNE - 103994","9497f345-2dc9-4aca-9581-03f973c0729b","otuwacne103994.onmicrosoft.com",,,"0","3","0","3","0","OK"
"OTU WA CNE - 103994","9497f345-2dc9-4aca-9581-03f973c0729b","otuwacne103994.onmicrosoft.com",,,"1","1","0","1","0","OK"
"OTU WA CNE - 103993","515758fa-6df2-4d1c-ad7f-c6e92e29cd5a","otuwacne103993.onmicrosoft.com",,,"1","1","0","1","0","OK"
"OTU WA CNE - 103993","515758fa-6df2-4d1c-ad7f-c6e92e29cd5a","otuwacne103993.onmicrosoft.com",,,"1","1","0","1","0","OK"
"OTU WA CNE - 103993","515758fa-6df2-4d1c-ad7f-c6e92e29cd5a","otuwacne103993.onmicrosoft.com",,,"0","3","0","5","0","OK"
"OTU WA CNE - 103993","515758fa-6df2-4d1c-ad7f-c6e92e29cd5a","otuwacne103993.onmicrosoft.com",,,"1","1","0","1","0","OK"
"OTU WA CNE - 103992","d180178c-b0a7-4b4f-a760-c17d5432a050","otuwacne103992.onmicrosoft.com",,,"1","1","0","1","0","OK"
"OTU WA CNE - 103992","d180178c-b0a7-4b4f-a760-c17d5432a050","otuwacne103992.onmicrosoft.com",,,"1","1","0","1","0","OK"
"OTU WA CNE - 103992","d180178c-b0a7-4b4f-a760-c17d5432a050","otuwacne103992.onmicrosoft.com",,,"0","3","0","3","0","OK"
"OTU WA CNE - 103992","d180178c-b0a7-4b4f-a760-c17d5432a050","otuwacne103992.onmicrosoft.com",,,"1","1","0","2","0","OK"
"OTU WA CNE - 103990","0fdff097-6981-49aa-a15d-b300e7a85553","otuwacne103990.onmicrosoft.com",,,"1","1","0","1","0","OK"
"OTU WA CNE - 103990","0fdff097-6981-49aa-a15d-b300e7a85553","otuwacne103990.onmicrosoft.com",,,"1","1","0","1","0","OK"
"OTU WA CNE - 103990","0fdff097-6981-49aa-a15d-b300e7a85553","otuwacne103990.onmicrosoft.com",,,"0","3","0","3","0","OK"
"OTU WA CNE - 103990","0fdff097-6981-49aa-a15d-b300e7a85553","otuwacne103990.onmicrosoft.com",,,"1","1","0","2","0","OK"
"OTU WA CNE - 103989","7b89fd47-443d-426c-a9c3-ae01ee45bd46","otuwacne103989.onmicrosoft.com",,,"0","1","0","1","0","OK"
"OTU WA CNE - 103989","7b89fd47-443d-426c-a9c3-ae01ee45bd46","otuwacne103989.onmicrosoft.com",,,"0","1","0","1","0","OK"
"OTU WA CNE - 103989","7b89fd47-443d-426c-a9c3-ae01ee45bd46","otuwacne103989.onmicrosoft.com",,,"0","3","0","5","0","OK"
"OTU WA CNE - 103989","7b89fd47-443d-426c-a9c3-ae01ee45bd46","otuwacne103989.onmicrosoft.com",,,"0","1","0","2","0","OK"
"OTU WA CNE - 103988","6ad8c3d0-d2a5-4679-886a-62520920bc6b","otuwacne103988.onmicrosoft.com",,,"1","1","0","1","0","OK"
"OTU WA CNE - 103988","6ad8c3d0-d2a5-4679-886a-62520920bc6b","otuwacne103988.onmicrosoft.com",,,"1","1","0","1","0","OK"
"OTU WA CNE - 103988","6ad8c3d0-d2a5-4679-886a-62520920bc6b","otuwacne103988.onmicrosoft.com",,,"0","3","0","3","0","OK"
"OTU WA CNE - 103988","6ad8c3d0-d2a5-4679-886a-62520920bc6b","otuwacne103988.onmicrosoft.com",,,"1","1","0","1","0","OK"
"OTU WA CNE - 103987","d10bb18b-1445-4d3c-9013-b6816b01a14d","otuwacne103987.onmicrosoft.com",,,"1","1","0","1","0","OK"
"OTU WA CNE - 103987","d10bb18b-1445-4d3c-9013-b6816b01a14d","otuwacne103987.onmicrosoft.com",,,"1","1","0","1","0","OK"
"OTU WA CNE - 103987","d10bb18b-1445-4d3c-9013-b6816b01a14d","otuwacne103987.onmicrosoft.com",,,"0","3","0","3","0","OK"
"OTU WA CNE - 103987","d10bb18b-1445-4d3c-9013-b6816b01a14d","otuwacne103987.onmicrosoft.com",,,"1","1","0","1","0","OK"
"OTU WA CNE - 103986","2f2346f5-7774-44af-bff8-48424e5098a4","otuwacne103986.onmicrosoft.com",,,"1","1","0","1","0","OK"
"OTU WA CNE - 103986","2f2346f5-7774-44af-bff8-48424e5098a4","otuwacne103986.onmicrosoft.com",,,"1","1","0","1","0","OK"
"OTU WA CNE - 103986","2f2346f5-7774-44af-bff8-48424e5098a4","otuwacne103986.onmicrosoft.com",,,"0","3","0","3","0","OK"
"OTU WA CNE - 103986","2f2346f5-7774-44af-bff8-48424e5098a4","otuwacne103986.onmicrosoft.com",,,"1","1","0","1","0","OK"
"OTU WA CNE - 103985","1c7c5c7f-8a07-43d2-a34b-018e9dccf1b5","otuwacne103985.onmicrosoft.com",,,"1","1","0","1","0","OK"
"OTU WA CNE - 103985","1c7c5c7f-8a07-43d2-a34b-018e9dccf1b5","otuwacne103985.onmicrosoft.com",,,"1","1","0","1","0","OK"
"OTU WA CNE - 103985","1c7c5c7f-8a07-43d2-a34b-018e9dccf1b5","otuwacne103985.onmicrosoft.com",,,"0","3","0","3","0","OK"
"OTU WA CNE - 103985","1c7c5c7f-8a07-43d2-a34b-018e9dccf1b5","otuwacne103985.onmicrosoft.com",,,"1","1","0","1","0","OK"
"OTU WA CNE - 103984","720321f9-abf7-4f35-b95f-865ea1129e66","otuwacne103984.onmicrosoft.com",,,"1","1","0","1","0","OK"
"OTU WA CNE - 103984","720321f9-abf7-4f35-b95f-865ea1129e66","otuwacne103984.onmicrosoft.com",,,"1","1","0","1","0","OK"
"OTU WA CNE - 103984","720321f9-abf7-4f35-b95f-865ea1129e66","otuwacne103984.onmicrosoft.com",,,"0","3","0","3","0","OK"
"OTU WA CNE - 103984","720321f9-abf7-4f35-b95f-865ea1129e66","otuwacne103984.onmicrosoft.com",,,"1","1","0","1","0","OK"
"OTU WA CNE - 103983","6c747e2a-2cfa-4353-83c2-2f96e8658e7f","otuwacne103983.onmicrosoft.com",,,"1","1","0","1","0","OK"
"OTU WA CNE - 103983","6c747e2a-2cfa-4353-83c2-2f96e8658e7f","otuwacne103983.onmicrosoft.com",,,"1","1","0","1","0","OK"
"OTU WA CNE - 103983","6c747e2a-2cfa-4353-83c2-2f96e8658e7f","otuwacne103983.onmicrosoft.com",,,"0","3","0","3","0","OK"
"OTU WA CNE - 103983","6c747e2a-2cfa-4353-83c2-2f96e8658e7f","otuwacne103983.onmicrosoft.com",,,"1","1","0","1","0","OK"
"OTU WA CNE - 103981","ee874972-3931-442f-94f1-194077ab5509","otuwacne103981.onmicrosoft.com",,,"1","1","0","1","0","OK"
"OTU WA CNE - 103981","ee874972-3931-442f-94f1-194077ab5509","otuwacne103981.onmicrosoft.com",,,"1","1","0","1","0","OK"
"OTU WA CNE - 103981","ee874972-3931-442f-94f1-194077ab5509","otuwacne103981.onmicrosoft.com",,,"0","3","0","3","0","OK"
"OTU WA CNE - 103981","ee874972-3931-442f-94f1-194077ab5509","otuwacne103981.onmicrosoft.com",,,"1","1","0","1","0","OK"
"OTU WA CNE - 103980","d0a39780-539a-4a6e-b2de-b736b0620bbf","otuwacne103980.onmicrosoft.com",,,"1","1","0","1","0","OK"
"OTU WA CNE - 103980","d0a39780-539a-4a6e-b2de-b736b0620bbf","otuwacne103980.onmicrosoft.com",,,"1","1","0","1","0","OK"
"OTU WA CNE - 103980","d0a39780-539a-4a6e-b2de-b736b0620bbf","otuwacne103980.onmicrosoft.com",,,"0","3","0","3","0","OK"
"OTU WA CNE - 103980","d0a39780-539a-4a6e-b2de-b736b0620bbf","otuwacne103980.onmicrosoft.com",,,"1","1","0","1","0","OK"
"OTU WA CNE - 103979","5d6cad3a-51ac-4226-9127-86b1f2fd974f","otuwacne103979.onmicrosoft.com",,,"1","1","0","1","0","OK"
"OTU WA CNE - 103979","5d6cad3a-51ac-4226-9127-86b1f2fd974f","otuwacne103979.onmicrosoft.com",,,"1","1","0","1","0","OK"
"OTU WA CNE - 103979","5d6cad3a-51ac-4226-9127-86b1f2fd974f","otuwacne103979.onmicrosoft.com",,,"0","3","0","3","0","OK"
"OTU WA CNE - 103979","5d6cad3a-51ac-4226-9127-86b1f2fd974f","otuwacne103979.onmicrosoft.com",,,"1","1","0","1","0","OK"
"OTU WA CNE - 103978","996de039-3941-4d35-8d36-c1019a0c004e","otuwacne103978.onmicrosoft.com",,,"1","1","0","1","0","OK"
"OTU WA CNE - 103978","996de039-3941-4d35-8d36-c1019a0c004e","otuwacne103978.onmicrosoft.com",,,"1","1","0","1","0","OK"
"OTU WA CNE - 103978","996de039-3941-4d35-8d36-c1019a0c004e","otuwacne103978.onmicrosoft.com",,,"0","3","0","3","0","OK"
"OTU WA CNE - 103978","996de039-3941-4d35-8d36-c1019a0c004e","otuwacne103978.onmicrosoft.com",,,"1","1","0","2","0","OK"
"OTU WA CNE - 103977","3a6c6a6f-0ec1-41d3-ae2f-6c8619ccca0f","otuwacne103977.onmicrosoft.com",,,"0","1","0","1","0","OK"
"OTU WA CNE - 103977","3a6c6a6f-0ec1-41d3-ae2f-6c8619ccca0f","otuwacne103977.onmicrosoft.com",,,"0","1","0","1","0","OK"
"OTU WA CNE - 103977","3a6c6a6f-0ec1-41d3-ae2f-6c8619ccca0f","otuwacne103977.onmicrosoft.com",,,"0","3","0","5","0","OK"
"OTU WA CNE - 103977","3a6c6a6f-0ec1-41d3-ae2f-6c8619ccca0f","otuwacne103977.onmicrosoft.com",,,"0","1","0","2","0","OK"
"OTU WA CNE - 103976","62ee6aee-b2fe-49e5-bf86-99d42ea82bcb","otuwacne103976.onmicrosoft.com",,,"1","1","0","1","0","OK"
"OTU WA CNE - 103976","62ee6aee-b2fe-49e5-bf86-99d42ea82bcb","otuwacne103976.onmicrosoft.com",,,"1","1","0","1","0","OK"
"OTU WA CNE - 103976","62ee6aee-b2fe-49e5-bf86-99d42ea82bcb","otuwacne103976.onmicrosoft.com",,,"0","3","0","5","0","OK"
"OTU WA CNE - 103976","62ee6aee-b2fe-49e5-bf86-99d42ea82bcb","otuwacne103976.onmicrosoft.com",,,"1","1","0","1","0","OK"
"OTU WA CNE - 103975","bebe3aa5-8e16-452a-83bb-be5947d6f98c","otuwacne103975.onmicrosoft.com",,,"1","1","0","1","0","OK"
"OTU WA CNE - 103975","bebe3aa5-8e16-452a-83bb-be5947d6f98c","otuwacne103975.onmicrosoft.com",,,"1","1","0","1","0","OK"
"OTU WA CNE - 103975","bebe3aa5-8e16-452a-83bb-be5947d6f98c","otuwacne103975.onmicrosoft.com",,,"0","3","0","5","0","OK"
"OTU WA CNE - 103975","bebe3aa5-8e16-452a-83bb-be5947d6f98c","otuwacne103975.onmicrosoft.com",,,"1","1","0","1","0","OK"
"OTU WA CNE - 103974","b784a8bb-38ad-4d23-91dc-6fa18f32aaf1","otuwacne103974.onmicrosoft.com",,,"0","1","0","1","0","OK"
"OTU WA CNE - 103974","b784a8bb-38ad-4d23-91dc-6fa18f32aaf1","otuwacne103974.onmicrosoft.com",,,"0","1","0","1","0","OK"
"OTU WA CNE - 103974","b784a8bb-38ad-4d23-91dc-6fa18f32aaf1","otuwacne103974.onmicrosoft.com",,,"0","3","0","5","0","OK"
"OTU WA CNE - 103974","b784a8bb-38ad-4d23-91dc-6fa18f32aaf1","otuwacne103974.onmicrosoft.com",,,"0","1","0","2","0","OK"
"OTU WA CNE - 103973","8397a0cc-e938-47e8-8eb6-10d147fa7c9a","otuwacne103973.onmicrosoft.com",,,"1","1","0","1","0","OK"
"OTU WA CNE - 103973","8397a0cc-e938-47e8-8eb6-10d147fa7c9a","otuwacne103973.onmicrosoft.com",,,"1","1","0","1","0","OK"
"OTU WA CNE - 103973","8397a0cc-e938-47e8-8eb6-10d147fa7c9a","otuwacne103973.onmicrosoft.com",,,"0","3","0","3","0","OK"
"OTU WA CNE - 103973","8397a0cc-e938-47e8-8eb6-10d147fa7c9a","otuwacne103973.onmicrosoft.com",,,"1","1","0","1","0","OK"
"OTU WA CNE - 103972","c00a3fea-3972-4c63-a250-22a96d8af04d","otuwacne103972.onmicrosoft.com",,,"1","1","0","1","0","OK"
"OTU WA CNE - 103972","c00a3fea-3972-4c63-a250-22a96d8af04d","otuwacne103972.onmicrosoft.com",,,"1","1","0","1","0","OK"
"OTU WA CNE - 103972","c00a3fea-3972-4c63-a250-22a96d8af04d","otuwacne103972.onmicrosoft.com",,,"0","3","0","3","0","OK"
"OTU WA CNE - 103972","c00a3fea-3972-4c63-a250-22a96d8af04d","otuwacne103972.onmicrosoft.com",,,"1","1","0","1","0","OK"
"OTU WA CNE - 103971","ac3439e7-a87c-4d49-9ce6-e160f843b335","otuwacne103971.onmicrosoft.com",,,"0","1","0","1","0","OK"
"OTU WA CNE - 103971","ac3439e7-a87c-4d49-9ce6-e160f843b335","otuwacne103971.onmicrosoft.com",,,"0","1","0","1","0","OK"
"OTU WA CNE - 103971","ac3439e7-a87c-4d49-9ce6-e160f843b335","otuwacne103971.onmicrosoft.com",,,"0","3","0","5","0","OK"
"OTU WA CNE - 103971","ac3439e7-a87c-4d49-9ce6-e160f843b335","otuwacne103971.onmicrosoft.com",,,"0","1","0","2","0","OK"
"OTU WA CNE - 103970","5260b566-f122-49c9-99ab-7916003b0980","otuwacne103970.onmicrosoft.com",,,"1","1","0","1","0","OK"
"OTU WA CNE - 103970","5260b566-f122-49c9-99ab-7916003b0980","otuwacne103970.onmicrosoft.com",,,"1","1","0","1","0","OK"
"OTU WA CNE - 103970","5260b566-f122-49c9-99ab-7916003b0980","otuwacne103970.onmicrosoft.com",,,"0","3","0","3","0","OK"
"OTU WA CNE - 103970","5260b566-f122-49c9-99ab-7916003b0980","otuwacne103970.onmicrosoft.com",,,"1","1","0","1","0","OK"
"OTU WA CNE - 103969","581fb582-2f14-4377-9557-ceea0d409c08","otuwacne103969.onmicrosoft.com",,,"1","1","0","1","0","OK"
"OTU WA CNE - 103969","581fb582-2f14-4377-9557-ceea0d409c08","otuwacne103969.onmicrosoft.com",,,"1","1","0","1","0","OK"
"OTU WA CNE - 103969","581fb582-2f14-4377-9557-ceea0d409c08","otuwacne103969.onmicrosoft.com",,,"0","3","0","3","0","OK"
"OTU WA CNE - 103969","581fb582-2f14-4377-9557-ceea0d409c08","otuwacne103969.onmicrosoft.com",,,"1","1","0","1","0","OK"
"OTU WA CNE - 103968","088d64d3-fcc4-428f-bdc6-245bb6227182","otuwacne103968.onmicrosoft.com",,,"1","1","0","1","0","OK"
"OTU WA CNE - 103968","088d64d3-fcc4-428f-bdc6-245bb6227182","otuwacne103968.onmicrosoft.com",,,"1","1","0","1","0","OK"
"OTU WA CNE - 103968","088d64d3-fcc4-428f-bdc6-245bb6227182","otuwacne103968.onmicrosoft.com",,,"0","3","0","3","0","OK"
"OTU WA CNE - 103968","088d64d3-fcc4-428f-bdc6-245bb6227182","otuwacne103968.onmicrosoft.com",,,"1","1","0","1","0","OK"
"OTU WA CNE - 103967","d9a9476e-6d10-4d51-a667-f430c40a6db8","otuwacne103967.onmicrosoft.com",,,"1","1","0","1","0","OK"
"OTU WA CNE - 103967","d9a9476e-6d10-4d51-a667-f430c40a6db8","otuwacne103967.onmicrosoft.com",,,"1","1","0","1","0","OK"
"OTU WA CNE - 103967","d9a9476e-6d10-4d51-a667-f430c40a6db8","otuwacne103967.onmicrosoft.com",,,"0","3","0","3","0","OK"
"OTU WA CNE - 103967","d9a9476e-6d10-4d51-a667-f430c40a6db8","otuwacne103967.onmicrosoft.com",,,"1","1","0","1","0","OK"
"OTU WA CNE - 103966","d87bdccf-295a-4082-bec6-1f9fe0657f8d","otuwacne103966.onmicrosoft.com",,,"1","1","0","1","0","OK"
"OTU WA CNE - 103966","d87bdccf-295a-4082-bec6-1f9fe0657f8d","otuwacne103966.onmicrosoft.com",,,"1","1","0","1","0","OK"
"OTU WA CNE - 103966","d87bdccf-295a-4082-bec6-1f9fe0657f8d","otuwacne103966.onmicrosoft.com",,,"0","3","0","3","0","OK"
"OTU WA CNE - 103966","d87bdccf-295a-4082-bec6-1f9fe0657f8d","otuwacne103966.onmicrosoft.com",,,"1","1","0","1","0","OK"
"OTU WA CNE - 103965","e5fa521c-34f2-451c-93ab-e275aa237515","otuwacne103965.onmicrosoft.com",,,"1","1","0","1","0","OK"
"OTU WA CNE - 103965","e5fa521c-34f2-451c-93ab-e275aa237515","otuwacne103965.onmicrosoft.com",,,"1","1","0","1","0","OK"
"OTU WA CNE - 103965","e5fa521c-34f2-451c-93ab-e275aa237515","otuwacne103965.onmicrosoft.com",,,"0","3","0","3","0","OK"
"OTU WA CNE - 103965","e5fa521c-34f2-451c-93ab-e275aa237515","otuwacne103965.onmicrosoft.com",,,"1","1","0","1","0","OK"
"OTU WA CNE - 103964","bc496fd4-cbca-43f9-a157-682f299c41c2","otuwacne103964.onmicrosoft.com",,,"1","1","0","1","0","OK"
"OTU WA CNE - 103964","bc496fd4-cbca-43f9-a157-682f299c41c2","otuwacne103964.onmicrosoft.com",,,"1","1","0","1","0","OK"
"OTU WA CNE - 103964","bc496fd4-cbca-43f9-a157-682f299c41c2","otuwacne103964.onmicrosoft.com",,,"0","3","0","3","0","OK"
"OTU WA CNE - 103964","bc496fd4-cbca-43f9-a157-682f299c41c2","otuwacne103964.onmicrosoft.com",,,"1","1","0","1","0","OK"
"OTU WA CNE - 103963","0b23844d-215b-466f-8100-b03bbb5f3911","otuwacne103963.onmicrosoft.com",,,"1","1","0","1","0","OK"
"OTU WA CNE - 103963","0b23844d-215b-466f-8100-b03bbb5f3911","otuwacne103963.onmicrosoft.com",,,"1","1","0","1","0","OK"
"OTU WA CNE - 103963","0b23844d-215b-466f-8100-b03bbb5f3911","otuwacne103963.onmicrosoft.com",,,"0","3","0","3","0","OK"
"OTU WA CNE - 103963","0b23844d-215b-466f-8100-b03bbb5f3911","otuwacne103963.onmicrosoft.com",,,"1","1","0","1","0","OK"
"OTU WA CNE - 103962","152c40d7-5a3a-4f32-af08-57fcc2287489","otuwacne103962.onmicrosoft.com",,,"1","1","0","1","0","OK"
"OTU WA CNE - 103962","152c40d7-5a3a-4f32-af08-57fcc2287489","otuwacne103962.onmicrosoft.com",,,"1","1","0","1","0","OK"
"OTU WA CNE - 103962","152c40d7-5a3a-4f32-af08-57fcc2287489","otuwacne103962.onmicrosoft.com",,,"0","3","0","3","0","OK"
"OTU WA CNE - 103962","152c40d7-5a3a-4f32-af08-57fcc2287489","otuwacne103962.onmicrosoft.com",,,"1","1","0","1","0","OK"
"OTU WA CNE - 103961","c373a689-4210-43eb-8365-62ceacf3c2d7","otuwacne103961.onmicrosoft.com",,,"1","1","0","2","0","OK"
"OTU WA CNE - 103961","c373a689-4210-43eb-8365-62ceacf3c2d7","otuwacne103961.onmicrosoft.com",,,"1","1","0","1","0","OK"
"OTU WA CNE - 103961","c373a689-4210-43eb-8365-62ceacf3c2d7","otuwacne103961.onmicrosoft.com",,,"0","3","0","3","0","OK"
"OTU WA CNE - 103961","c373a689-4210-43eb-8365-62ceacf3c2d7","otuwacne103961.onmicrosoft.com",,,"1","1","0","1","0","OK"
"OTU WA CNE - 103960","d3e105f7-469f-424d-8951-c83ac7cf597d","otuwacne103960.onmicrosoft.com",,,"0","1","0","1","0","OK"
"OTU WA CNE - 103960","d3e105f7-469f-424d-8951-c83ac7cf597d","otuwacne103960.onmicrosoft.com",,,"0","1","0","1","0","OK"
"OTU WA CNE - 103960","d3e105f7-469f-424d-8951-c83ac7cf597d","otuwacne103960.onmicrosoft.com",,,"0","3","0","5","0","OK"
"OTU WA CNE - 103960","d3e105f7-469f-424d-8951-c83ac7cf597d","otuwacne103960.onmicrosoft.com",,,"0","1","0","2","0","OK"
"OTU WA CNE - 103959","360ebf92-46dc-4d94-9c5b-2716e53460fc","otuwacne103959.onmicrosoft.com",,,"1","1","0","1","0","OK"
"OTU WA CNE - 103959","360ebf92-46dc-4d94-9c5b-2716e53460fc","otuwacne103959.onmicrosoft.com",,,"1","1","0","1","0","OK"
"OTU WA CNE - 103959","360ebf92-46dc-4d94-9c5b-2716e53460fc","otuwacne103959.onmicrosoft.com",,,"0","3","0","3","0","OK"
"OTU WA CNE - 103959","360ebf92-46dc-4d94-9c5b-2716e53460fc","otuwacne103959.onmicrosoft.com",,,"1","1","0","1","0","OK"
"OTU WA CNE - 103958","39cc44fb-7d6d-477a-9d3e-8d297b8b7b27","otuwacne103958.onmicrosoft.com",,,"0","1","0","1","0","OK"
"OTU WA CNE - 103958","39cc44fb-7d6d-477a-9d3e-8d297b8b7b27","otuwacne103958.onmicrosoft.com",,,"0","1","0","1","0","OK"
"OTU WA CNE - 103958","39cc44fb-7d6d-477a-9d3e-8d297b8b7b27","otuwacne103958.onmicrosoft.com",,,"0","3","0","5","0","OK"
"OTU WA CNE - 103958","39cc44fb-7d6d-477a-9d3e-8d297b8b7b27","otuwacne103958.onmicrosoft.com",,,"0","1","0","2","0","OK"
"OTU WA CNE - 103957","a62bd3b3-81da-4d05-849f-7aa531392d00","otuwacne103957.onmicrosoft.com",,,"0","1","0","1","0","OK"
"OTU WA CNE - 103957","a62bd3b3-81da-4d05-849f-7aa531392d00","otuwacne103957.onmicrosoft.com",,,"0","1","0","1","0","OK"
"OTU WA CNE - 103957","a62bd3b3-81da-4d05-849f-7aa531392d00","otuwacne103957.onmicrosoft.com",,,"0","3","0","5","0","OK"
"OTU WA CNE - 103957","a62bd3b3-81da-4d05-849f-7aa531392d00","otuwacne103957.onmicrosoft.com",,,"0","1","0","2","0","OK"
"OTU WA CNE - 103956","265daf79-065a-4b05-8cff-f07a9c200303","otuwacne103956.onmicrosoft.com",,,"0","1","0","1","0","OK"
"OTU WA CNE - 103956","265daf79-065a-4b05-8cff-f07a9c200303","otuwacne103956.onmicrosoft.com",,,"0","1","0","1","0","OK"
"OTU WA CNE - 103956","265daf79-065a-4b05-8cff-f07a9c200303","otuwacne103956.onmicrosoft.com",,,"0","3","0","5","0","OK"
"OTU WA CNE - 103956","265daf79-065a-4b05-8cff-f07a9c200303","otuwacne103956.onmicrosoft.com",,,"0","1","0","2","0","OK"
"OTU WA CNE - 103955","d9baa514-5975-4392-b08f-664d3c0fea6f","otuwacne103955.onmicrosoft.com",,,"1","1","0","2","0","OK"
"OTU WA CNE - 103955","d9baa514-5975-4392-b08f-664d3c0fea6f","otuwacne103955.onmicrosoft.com",,,"1","1","0","1","0","OK"
"OTU WA CNE - 103955","d9baa514-5975-4392-b08f-664d3c0fea6f","otuwacne103955.onmicrosoft.com",,,"0","3","0","3","0","OK"
"OTU WA CNE - 103955","d9baa514-5975-4392-b08f-664d3c0fea6f","otuwacne103955.onmicrosoft.com",,,"1","1","0","1","0","OK"
"OTU WA CNE - 103954","7bfbd78a-45a0-4671-a309-c4fb32d5bc5a","otuwacne103954.onmicrosoft.com",,,"0","1","0","2","0","OK"
"OTU WA CNE - 103954","7bfbd78a-45a0-4671-a309-c4fb32d5bc5a","otuwacne103954.onmicrosoft.com",,,"0","1","0","2","0","OK"
"OTU WA CNE - 103954","7bfbd78a-45a0-4671-a309-c4fb32d5bc5a","otuwacne103954.onmicrosoft.com",,,"0","3","0","3","0","OK"
"OTU WA CNE - 103954","7bfbd78a-45a0-4671-a309-c4fb32d5bc5a","otuwacne103954.onmicrosoft.com",,,"0","1","0","2","0","OK"
"OTU WA CNE - 103953","cbbe8e31-df15-4f69-8758-49dd3fc41410","otuwacne103953.onmicrosoft.com",,,"0","0","0","1","0","OK"
"OTU WA CNE - 103953","cbbe8e31-df15-4f69-8758-49dd3fc41410","otuwacne103953.onmicrosoft.com",,,"0","0","0","1","0","OK"
"OTU WA CNE - 103953","cbbe8e31-df15-4f69-8758-49dd3fc41410","otuwacne103953.onmicrosoft.com",,,"0","0","0","5","0","OK"
"OTU WA CNE - 103953","cbbe8e31-df15-4f69-8758-49dd3fc41410","otuwacne103953.onmicrosoft.com",,,"0","0","0","1","0","OK"
"OTU WA CNE - 103952","55fdf1aa-ad94-4198-ac1b-68717a4a8fc5","otuwacne103952.onmicrosoft.com",,,"0","1","0","1","0","OK"
"OTU WA CNE - 103952","55fdf1aa-ad94-4198-ac1b-68717a4a8fc5","otuwacne103952.onmicrosoft.com",,,"0","1","0","1","0","OK"
"OTU WA CNE - 103952","55fdf1aa-ad94-4198-ac1b-68717a4a8fc5","otuwacne103952.onmicrosoft.com",,,"0","3","0","3","0","OK"
"OTU WA CNE - 103952","55fdf1aa-ad94-4198-ac1b-68717a4a8fc5","otuwacne103952.onmicrosoft.com",,,"0","1","0","1","0","OK"
"OTU WA CNE - 103951","b61fd3b5-554d-4e28-8601-ed0dac162077","otuwacne103951.onmicrosoft.com",,,"0","1","0","1","0","OK"
"OTU WA CNE - 103951","b61fd3b5-554d-4e28-8601-ed0dac162077","otuwacne103951.onmicrosoft.com",,,"0","1","0","1","0","OK"
"OTU WA CNE - 103951","b61fd3b5-554d-4e28-8601-ed0dac162077","otuwacne103951.onmicrosoft.com",,,"0","3","0","3","0","OK"
"OTU WA CNE - 103951","b61fd3b5-554d-4e28-8601-ed0dac162077","otuwacne103951.onmicrosoft.com",,,"0","1","0","1","0","OK"
"OTU WA CNE - 103950","2c3790df-5ea3-4041-beae-f56d674c9dc6","otuwacne103950.onmicrosoft.com",,,"0","1","0","1","0","OK"
"OTU WA CNE - 103950","2c3790df-5ea3-4041-beae-f56d674c9dc6","otuwacne103950.onmicrosoft.com",,,"0","1","0","1","0","OK"
"OTU WA CNE - 103950","2c3790df-5ea3-4041-beae-f56d674c9dc6","otuwacne103950.onmicrosoft.com",,,"0","3","0","5","0","OK"
"OTU WA CNE - 103950","2c3790df-5ea3-4041-beae-f56d674c9dc6","otuwacne103950.onmicrosoft.com",,,"0","1","0","2","0","OK"
"OTU WA CNE - 103949","b1ed5703-8bd0-4f81-ae98-ec3ef7c10c27","otuwacne103949.onmicrosoft.com",,,"0","1","0","1","0","OK"
"OTU WA CNE - 103949","b1ed5703-8bd0-4f81-ae98-ec3ef7c10c27","otuwacne103949.onmicrosoft.com",,,"0","1","0","1","0","OK"
"OTU WA CNE - 103949","b1ed5703-8bd0-4f81-ae98-ec3ef7c10c27","otuwacne103949.onmicrosoft.com",,,"0","3","0","3","0","OK"
"OTU WA CNE - 103949","b1ed5703-8bd0-4f81-ae98-ec3ef7c10c27","otuwacne103949.onmicrosoft.com",,,"0","1","0","1","0","OK"
"OTU WA CNE - 103948","df7d81ec-95e7-47d4-9ed0-0d73ab04e3d0","otuwacne103948.onmicrosoft.com",,,"0","1","0","1","0","OK"
"OTU WA CNE - 103948","df7d81ec-95e7-47d4-9ed0-0d73ab04e3d0","otuwacne103948.onmicrosoft.com",,,"0","1","0","1","0","OK"
"OTU WA CNE - 103948","df7d81ec-95e7-47d4-9ed0-0d73ab04e3d0","otuwacne103948.onmicrosoft.com",,,"0","3","0","3","0","OK"
"OTU WA CNE - 103948","df7d81ec-95e7-47d4-9ed0-0d73ab04e3d0","otuwacne103948.onmicrosoft.com",,,"0","1","0","1","0","OK"
"OTU WA CNE - 103947","76b4a96c-05d0-488d-9d65-d2f2c903dff6","otuwacne103947.onmicrosoft.com",,,"0","1","0","1","0","OK"
"OTU WA CNE - 103947","76b4a96c-05d0-488d-9d65-d2f2c903dff6","otuwacne103947.onmicrosoft.com",,,"0","1","0","1","0","OK"
"OTU WA CNE - 103947","76b4a96c-05d0-488d-9d65-d2f2c903dff6","otuwacne103947.onmicrosoft.com",,,"0","3","0","5","0","OK"
"OTU WA CNE - 103947","76b4a96c-05d0-488d-9d65-d2f2c903dff6","otuwacne103947.onmicrosoft.com",,,"0","1","0","2","0","OK"
"OTU WA CNE - 103946","ce2d853e-7aa7-4c09-9d3c-3ba7db826653","otuwacne103946.onmicrosoft.com",,,"0","1","0","1","0","OK"
"OTU WA CNE - 103946","ce2d853e-7aa7-4c09-9d3c-3ba7db826653","otuwacne103946.onmicrosoft.com",,,"0","1","0","1","0","OK"
"OTU WA CNE - 103946","ce2d853e-7aa7-4c09-9d3c-3ba7db826653","otuwacne103946.onmicrosoft.com",,,"0","3","0","5","0","OK"
"OTU WA CNE - 103946","ce2d853e-7aa7-4c09-9d3c-3ba7db826653","otuwacne103946.onmicrosoft.com",,,"0","1","0","2","0","OK"
"OTU WA CNE - 103945","65b6c862-abe8-4775-bf1b-f04512114af1","otuwacne103945.onmicrosoft.com",,,"0","1","0","1","0","OK"
"OTU WA CNE - 103945","65b6c862-abe8-4775-bf1b-f04512114af1","otuwacne103945.onmicrosoft.com",,,"0","1","0","1","0","OK"
"OTU WA CNE - 103945","65b6c862-abe8-4775-bf1b-f04512114af1","otuwacne103945.onmicrosoft.com",,,"0","3","0","5","0","OK"
"OTU WA CNE - 103945","65b6c862-abe8-4775-bf1b-f04512114af1","otuwacne103945.onmicrosoft.com",,,"0","1","0","1","0","OK"
"OTU WA CNE - 103944","d5a924ac-62cb-4f91-9584-8ad2ab51ee51","otuwacne103944.onmicrosoft.com",,,"0","1","0","1","0","OK"
"OTU WA CNE - 103944","d5a924ac-62cb-4f91-9584-8ad2ab51ee51","otuwacne103944.onmicrosoft.com",,,"0","1","0","1","0","OK"
"OTU WA CNE - 103944","d5a924ac-62cb-4f91-9584-8ad2ab51ee51","otuwacne103944.onmicrosoft.com",,,"0","3","0","3","0","OK"
"OTU WA CNE - 103944","d5a924ac-62cb-4f91-9584-8ad2ab51ee51","otuwacne103944.onmicrosoft.com",,,"0","1","0","1","0","OK"
"OTU WA CNE - 103943","d3a9e600-4ed8-451a-80b3-31db1ea4eaa1","otuwacne103943.onmicrosoft.com",,,"0","1","0","1","0","OK"
"OTU WA CNE - 103943","d3a9e600-4ed8-451a-80b3-31db1ea4eaa1","otuwacne103943.onmicrosoft.com",,,"0","1","0","1","0","OK"
"OTU WA CNE - 103943","d3a9e600-4ed8-451a-80b3-31db1ea4eaa1","otuwacne103943.onmicrosoft.com",,,"0","3","0","3","0","OK"
"OTU WA CNE - 103943","d3a9e600-4ed8-451a-80b3-31db1ea4eaa1","otuwacne103943.onmicrosoft.com",,,"0","1","0","1","0","OK"
"OTU WA CNE - 103942","94906fc2-483b-4986-b9d9-60ba8aa3ad65","otuwacne103942.onmicrosoft.com",,,"0","1","0","1","0","OK"
"OTU WA CNE - 103942","94906fc2-483b-4986-b9d9-60ba8aa3ad65","otuwacne103942.onmicrosoft.com",,,"0","1","0","1","0","OK"
"OTU WA CNE - 103942","94906fc2-483b-4986-b9d9-60ba8aa3ad65","otuwacne103942.onmicrosoft.com",,,"0","3","0","3","0","OK"
"OTU WA CNE - 103942","94906fc2-483b-4986-b9d9-60ba8aa3ad65","otuwacne103942.onmicrosoft.com",,,"0","1","0","1","0","OK"
"OTU WA CNE - 103941","f4527b2e-cdb1-4957-86b4-1f50ac972841","otuwacne103941.onmicrosoft.com",,,"0","1","0","1","0","OK"
"OTU WA CNE - 103941","f4527b2e-cdb1-4957-86b4-1f50ac972841","otuwacne103941.onmicrosoft.com",,,"0","1","0","1","0","OK"
"OTU WA CNE - 103941","f4527b2e-cdb1-4957-86b4-1f50ac972841","otuwacne103941.onmicrosoft.com",,,"0","3","0","3","0","OK"
"OTU WA CNE - 103941","f4527b2e-cdb1-4957-86b4-1f50ac972841","otuwacne103941.onmicrosoft.com",,,"0","1","0","1","0","OK"
"OTU WA CNE - 103940","2b455926-da39-4cae-b189-fac4ed293f80","otuwacne103940.onmicrosoft.com",,,"0","1","0","1","0","OK"
"OTU WA CNE - 103940","2b455926-da39-4cae-b189-fac4ed293f80","otuwacne103940.onmicrosoft.com",,,"0","1","0","1","0","OK"
"OTU WA CNE - 103940","2b455926-da39-4cae-b189-fac4ed293f80","otuwacne103940.onmicrosoft.com",,,"0","3","0","3","0","OK"
"OTU WA CNE - 103940","2b455926-da39-4cae-b189-fac4ed293f80","otuwacne103940.onmicrosoft.com",,,"0","1","0","1","0","OK"
"OTU WA CNE - 103939","0ad6b347-2740-4979-af96-63127115f165","otuwacne103939.onmicrosoft.com",,,"0","1","0","1","0","OK"
"OTU WA CNE - 103939","0ad6b347-2740-4979-af96-63127115f165","otuwacne103939.onmicrosoft.com",,,"0","1","0","1","0","OK"
"OTU WA CNE - 103939","0ad6b347-2740-4979-af96-63127115f165","otuwacne103939.onmicrosoft.com",,,"0","3","0","3","0","OK"
"OTU WA CNE - 103939","0ad6b347-2740-4979-af96-63127115f165","otuwacne103939.onmicrosoft.com",,,"0","1","0","1","0","OK"
"OTU WA CNE - 103938","6a55c4e8-7a10-4373-bec5-e132a847a54b","otuwacne103938.onmicrosoft.com",,,"0","1","0","1","0","OK"
"OTU WA CNE - 103938","6a55c4e8-7a10-4373-bec5-e132a847a54b","otuwacne103938.onmicrosoft.com",,,"0","1","0","1","0","OK"
"OTU WA CNE - 103938","6a55c4e8-7a10-4373-bec5-e132a847a54b","otuwacne103938.onmicrosoft.com",,,"0","3","0","3","0","OK"
"OTU WA CNE - 103938","6a55c4e8-7a10-4373-bec5-e132a847a54b","otuwacne103938.onmicrosoft.com",,,"0","1","0","1","0","OK"
"OTU WA CNE - 103937","91be7a1f-489d-411b-b325-6057a9c36c70","otuwacne103937.onmicrosoft.com",,,"0","1","0","1","0","OK"
"OTU WA CNE - 103937","91be7a1f-489d-411b-b325-6057a9c36c70","otuwacne103937.onmicrosoft.com",,,"0","1","0","1","0","OK"
"OTU WA CNE - 103937","91be7a1f-489d-411b-b325-6057a9c36c70","otuwacne103937.onmicrosoft.com",,,"0","3","0","5","0","OK"
"OTU WA CNE - 103937","91be7a1f-489d-411b-b325-6057a9c36c70","otuwacne103937.onmicrosoft.com",,,"0","1","0","1","0","OK"
"OTU WA CNE - 103936","76dba37f-9699-4885-b9d9-ed852ae5f835","otuwacne103936.onmicrosoft.com",,,"0","1","0","1","0","OK"
"OTU WA CNE - 103936","76dba37f-9699-4885-b9d9-ed852ae5f835","otuwacne103936.onmicrosoft.com",,,"0","1","0","1","0","OK"
"OTU WA CNE - 103936","76dba37f-9699-4885-b9d9-ed852ae5f835","otuwacne103936.onmicrosoft.com",,,"0","3","0","3","0","OK"
"OTU WA CNE - 103936","76dba37f-9699-4885-b9d9-ed852ae5f835","otuwacne103936.onmicrosoft.com",,,"0","1","0","1","0","OK"
"OTU WA CNE - 103935","d4832ddc-1212-49ce-bee5-a93fca8040c5","otuwacne103935.onmicrosoft.com",,,"0","1","0","1","0","OK"
"OTU WA CNE - 103935","d4832ddc-1212-49ce-bee5-a93fca8040c5","otuwacne103935.onmicrosoft.com",,,"0","1","0","1","0","OK"
"OTU WA CNE - 103935","d4832ddc-1212-49ce-bee5-a93fca8040c5","otuwacne103935.onmicrosoft.com",,,"0","3","0","3","0","OK"
"OTU WA CNE - 103935","d4832ddc-1212-49ce-bee5-a93fca8040c5","otuwacne103935.onmicrosoft.com",,,"0","1","0","1","0","OK"
"OTU WA CNE - 103934","c082ef81-04c3-40da-acb3-acc206ff1210","otuwacne103934.onmicrosoft.com",,,"0","1","0","1","0","OK"
"OTU WA CNE - 103934","c082ef81-04c3-40da-acb3-acc206ff1210","otuwacne103934.onmicrosoft.com",,,"0","1","0","1","0","OK"
"OTU WA CNE - 103934","c082ef81-04c3-40da-acb3-acc206ff1210","otuwacne103934.onmicrosoft.com",,,"0","3","0","3","0","OK"
"OTU WA CNE - 103934","c082ef81-04c3-40da-acb3-acc206ff1210","otuwacne103934.onmicrosoft.com",,,"1","1","0","1","0","OK"
"OTU WA CNE - 103933","cdb32e64-7227-4c22-8533-93ab591d62e0","otuwacne103933.onmicrosoft.com",,,"0","1","0","1","0","OK"
"OTU WA CNE - 103933","cdb32e64-7227-4c22-8533-93ab591d62e0","otuwacne103933.onmicrosoft.com",,,"0","1","0","1","0","OK"
"OTU WA CNE - 103933","cdb32e64-7227-4c22-8533-93ab591d62e0","otuwacne103933.onmicrosoft.com",,,"0","3","0","3","0","OK"
"OTU WA CNE - 103933","cdb32e64-7227-4c22-8533-93ab591d62e0","otuwacne103933.onmicrosoft.com",,,"1","1","0","1","0","OK"
"OTU WA CNE - 103932","508cf1ab-b621-4af2-83a9-c7b3905126a3","otuwacne103932.onmicrosoft.com",,,"0","1","0","1","0","OK"
"OTU WA CNE - 103932","508cf1ab-b621-4af2-83a9-c7b3905126a3","otuwacne103932.onmicrosoft.com",,,"1","1","0","1","0","OK"
"OTU WA CNE - 103932","508cf1ab-b621-4af2-83a9-c7b3905126a3","otuwacne103932.onmicrosoft.com",,,"0","3","0","3","0","OK"
"OTU WA CNE - 103932","508cf1ab-b621-4af2-83a9-c7b3905126a3","otuwacne103932.onmicrosoft.com",,,"1","1","0","1","0","OK"
"OTU WA CNE - 103931","7fe98fbc-d0f4-4922-b365-4834e69463a9","otuwacne103931.onmicrosoft.com",,,"0","1","0","1","0","OK"
"OTU WA CNE - 103931","7fe98fbc-d0f4-4922-b365-4834e69463a9","otuwacne103931.onmicrosoft.com",,,"1","1","0","1","0","OK"
"OTU WA CNE - 103931","7fe98fbc-d0f4-4922-b365-4834e69463a9","otuwacne103931.onmicrosoft.com",,,"0","3","0","3","0","OK"
"OTU WA CNE - 103931","7fe98fbc-d0f4-4922-b365-4834e69463a9","otuwacne103931.onmicrosoft.com",,,"1","1","0","1","0","OK"
"OTU WA CNE - 103930","9539a55d-3f7e-497f-812c-549f0b02a0a9","otuwacne103930.onmicrosoft.com",,,"0","1","0","1","0","OK"
"OTU WA CNE - 103930","9539a55d-3f7e-497f-812c-549f0b02a0a9","otuwacne103930.onmicrosoft.com",,,"0","1","0","1","0","OK"
"OTU WA CNE - 103930","9539a55d-3f7e-497f-812c-549f0b02a0a9","otuwacne103930.onmicrosoft.com",,,"0","3","0","5","0","OK"
"OTU WA CNE - 103930","9539a55d-3f7e-497f-812c-549f0b02a0a9","otuwacne103930.onmicrosoft.com",,,"0","1","0","1","0","OK"
"OTU WA CNE - 103929","2d32005e-debb-4307-9225-22c44c80b196","otuwacne103929.onmicrosoft.com",,,"0","1","0","1","0","OK"
"OTU WA CNE - 103929","2d32005e-debb-4307-9225-22c44c80b196","otuwacne103929.onmicrosoft.com",,,"1","1","0","1","0","OK"
"OTU WA CNE - 103929","2d32005e-debb-4307-9225-22c44c80b196","otuwacne103929.onmicrosoft.com",,,"0","3","0","3","0","OK"
"OTU WA CNE - 103929","2d32005e-debb-4307-9225-22c44c80b196","otuwacne103929.onmicrosoft.com",,,"1","1","0","1","0","OK"
"OTU WA CNE - 103928","0609e4d7-751c-4907-a300-be64411d9436","otuwacne103928.onmicrosoft.com",,,"1","1","0","1","0","OK"
"OTU WA CNE - 103928","0609e4d7-751c-4907-a300-be64411d9436","otuwacne103928.onmicrosoft.com",,,"1","1","0","1","0","OK"
"OTU WA CNE - 103928","0609e4d7-751c-4907-a300-be64411d9436","otuwacne103928.onmicrosoft.com",,,"0","3","0","3","0","OK"
"OTU WA CNE - 103928","0609e4d7-751c-4907-a300-be64411d9436","otuwacne103928.onmicrosoft.com",,,"1","1","0","1","0","OK"
"OTU WA CNE - 103927","1778b86d-7055-4ecb-9139-598f675ca101","otuwacne103927.onmicrosoft.com",,,"1","1","0","1","0","OK"
"OTU WA CNE - 103927","1778b86d-7055-4ecb-9139-598f675ca101","otuwacne103927.onmicrosoft.com",,,"1","1","0","1","0","OK"
"OTU WA CNE - 103927","1778b86d-7055-4ecb-9139-598f675ca101","otuwacne103927.onmicrosoft.com",,,"0","3","0","3","0","OK"
"OTU WA CNE - 103927","1778b86d-7055-4ecb-9139-598f675ca101","otuwacne103927.onmicrosoft.com",,,"1","1","0","1","0","OK"
"OTU WA CNE - 103925","3ff9236f-a25e-4843-b191-898764f35a70","otuwacne103925.onmicrosoft.com",,,"1","1","0","1","0","OK"
"OTU WA CNE - 103925","3ff9236f-a25e-4843-b191-898764f35a70","otuwacne103925.onmicrosoft.com",,,"1","1","0","1","0","OK"
"OTU WA CNE - 103925","3ff9236f-a25e-4843-b191-898764f35a70","otuwacne103925.onmicrosoft.com",,,"0","3","0","3","0","OK"
"OTU WA CNE - 103925","3ff9236f-a25e-4843-b191-898764f35a70","otuwacne103925.onmicrosoft.com",,,"1","1","0","1","0","OK"
"OTU WA CNE - 103924","ce9e87cb-eaae-4a44-8bef-df96334ed4f0","otuwacne103924.onmicrosoft.com",,,"1","1","0","1","0","OK"
"OTU WA CNE - 103924","ce9e87cb-eaae-4a44-8bef-df96334ed4f0","otuwacne103924.onmicrosoft.com",,,"1","1","0","1","0","OK"
"OTU WA CNE - 103924","ce9e87cb-eaae-4a44-8bef-df96334ed4f0","otuwacne103924.onmicrosoft.com",,,"0","3","0","3","0","OK"
"OTU WA CNE - 103924","ce9e87cb-eaae-4a44-8bef-df96334ed4f0","otuwacne103924.onmicrosoft.com",,,"1","1","0","1","0","OK"
"OTU WA CNE - 103922","d727d293-c771-4a04-b151-0d2a585cb2a8","otuwacne103922.onmicrosoft.com",,,"1","1","0","1","0","OK"
"OTU WA CNE - 103922","d727d293-c771-4a04-b151-0d2a585cb2a8","otuwacne103922.onmicrosoft.com",,,"1","1","0","1","0","OK"
"OTU WA CNE - 103922","d727d293-c771-4a04-b151-0d2a585cb2a8","otuwacne103922.onmicrosoft.com",,,"0","3","0","3","0","OK"
"OTU WA CNE - 103922","d727d293-c771-4a04-b151-0d2a585cb2a8","otuwacne103922.onmicrosoft.com",,,"0","1","0","3","0","OK"
"OTU WA CNE - 103921","68eb9f36-7912-437e-9e62-08e46b15b0ac","otuwacne103921.onmicrosoft.com",,,"1","1","0","1","0","OK"
"OTU WA CNE - 103921","68eb9f36-7912-437e-9e62-08e46b15b0ac","otuwacne103921.onmicrosoft.com",,,"1","1","0","1","0","OK"
"OTU WA CNE - 103921","68eb9f36-7912-437e-9e62-08e46b15b0ac","otuwacne103921.onmicrosoft.com",,,"0","3","0","3","0","OK"
"OTU WA CNE - 103921","68eb9f36-7912-437e-9e62-08e46b15b0ac","otuwacne103921.onmicrosoft.com",,,"0","1","0","2","0","OK"
"OTU WA CNE - 103920","da9254b8-a2b9-4a50-991c-7888b6aaad09","otuwacne103920.onmicrosoft.com",,,"1","1","0","1","0","OK"
"OTU WA CNE - 103920","da9254b8-a2b9-4a50-991c-7888b6aaad09","otuwacne103920.onmicrosoft.com",,,"1","1","0","1","0","OK"
"OTU WA CNE - 103920","da9254b8-a2b9-4a50-991c-7888b6aaad09","otuwacne103920.onmicrosoft.com",,,"0","3","0","3","0","OK"
"OTU WA CNE - 103920","da9254b8-a2b9-4a50-991c-7888b6aaad09","otuwacne103920.onmicrosoft.com",,,"0","1","0","2","0","OK"
"OTU WA CNE - 103919","14082785-18ab-4187-b20b-298c462d8727","otuwacne103919.onmicrosoft.com",,,"1","1","0","1","0","OK"
"OTU WA CNE - 103919","14082785-18ab-4187-b20b-298c462d8727","otuwacne103919.onmicrosoft.com",,,"1","1","0","1","0","OK"
"OTU WA CNE - 103919","14082785-18ab-4187-b20b-298c462d8727","otuwacne103919.onmicrosoft.com",,,"0","3","0","3","0","OK"
"OTU WA CNE - 103919","14082785-18ab-4187-b20b-298c462d8727","otuwacne103919.onmicrosoft.com",,,"0","1","0","2","0","OK"
"OTU WA CNE - 103918","a1100c26-f2b3-410d-890a-7c14aacf020b","otuwacne103918.onmicrosoft.com",,,"1","1","0","1","0","OK"
"OTU WA CNE - 103918","a1100c26-f2b3-410d-890a-7c14aacf020b","otuwacne103918.onmicrosoft.com",,,"1","1","0","1","0","OK"
"OTU WA CNE - 103918","a1100c26-f2b3-410d-890a-7c14aacf020b","otuwacne103918.onmicrosoft.com",,,"0","3","0","3","0","OK"
"OTU WA CNE - 103918","a1100c26-f2b3-410d-890a-7c14aacf020b","otuwacne103918.onmicrosoft.com",,,"0","1","0","2","0","OK"
"OTU WA CNE - 103917","a23b8f48-de7b-466c-8526-66cfbbb84d36","otuwacne103917.onmicrosoft.com",,,"1","1","0","1","0","OK"
"OTU WA CNE - 103917","a23b8f48-de7b-466c-8526-66cfbbb84d36","otuwacne103917.onmicrosoft.com",,,"1","1","0","1","0","OK"
"OTU WA CNE - 103917","a23b8f48-de7b-466c-8526-66cfbbb84d36","otuwacne103917.onmicrosoft.com",,,"0","3","0","3","0","OK"
"OTU WA CNE - 103917","a23b8f48-de7b-466c-8526-66cfbbb84d36","otuwacne103917.onmicrosoft.com",,,"1","1","0","1","0","OK"
"OTU WA CNE - 103916","62658a69-d3c7-4cd0-bed7-5074dd2112dd","otuwacne103916.onmicrosoft.com",,,"1","1","0","1","0","OK"
"OTU WA CNE - 103916","62658a69-d3c7-4cd0-bed7-5074dd2112dd","otuwacne103916.onmicrosoft.com",,,"1","1","0","1","0","OK"
"OTU WA CNE - 103916","62658a69-d3c7-4cd0-bed7-5074dd2112dd","otuwacne103916.onmicrosoft.com",,,"0","3","0","3","0","OK"
"OTU WA CNE - 103916","62658a69-d3c7-4cd0-bed7-5074dd2112dd","otuwacne103916.onmicrosoft.com",,,"1","1","0","1","0","OK"
"OTU WA CNE - 103915","b13069f4-5126-478d-9c3f-585311924e1b","otuwacne103915.onmicrosoft.com",,,"1","1","0","1","0","OK"
"OTU WA CNE - 103915","b13069f4-5126-478d-9c3f-585311924e1b","otuwacne103915.onmicrosoft.com",,,"1","1","0","1","0","OK"
"OTU WA CNE - 103915","b13069f4-5126-478d-9c3f-585311924e1b","otuwacne103915.onmicrosoft.com",,,"0","3","0","3","0","OK"
"OTU WA CNE - 103915","b13069f4-5126-478d-9c3f-585311924e1b","otuwacne103915.onmicrosoft.com",,,"1","1","0","1","0","OK"
"OTU WA CNE - 103914","a761d25e-9540-4ae9-b421-1c730b77b9b7","otuwacne103914.onmicrosoft.com",,,"1","1","0","1","0","OK"
"OTU WA CNE - 103914","a761d25e-9540-4ae9-b421-1c730b77b9b7","otuwacne103914.onmicrosoft.com",,,"1","1","0","1","0","OK"
"OTU WA CNE - 103914","a761d25e-9540-4ae9-b421-1c730b77b9b7","otuwacne103914.onmicrosoft.com",,,"0","3","0","3","0","OK"
"OTU WA CNE - 103914","a761d25e-9540-4ae9-b421-1c730b77b9b7","otuwacne103914.onmicrosoft.com",,,"1","1","0","1","0","OK"
"OTU WA CNE - 103913","60033a35-2afe-4cfd-9a47-9a620404aa31","otuwacne103913.onmicrosoft.com",,,"1","1","0","1","0","OK"
"OTU WA CNE - 103913","60033a35-2afe-4cfd-9a47-9a620404aa31","otuwacne103913.onmicrosoft.com",,,"1","1","0","1","0","OK"
"OTU WA CNE - 103913","60033a35-2afe-4cfd-9a47-9a620404aa31","otuwacne103913.onmicrosoft.com",,,"0","3","0","3","0","OK"
"OTU WA CNE - 103913","60033a35-2afe-4cfd-9a47-9a620404aa31","otuwacne103913.onmicrosoft.com",,,"1","1","0","1","0","OK"
"OTU WA CNE - 103912","d8bde6b6-8f34-49d3-bbe7-d5b9d70a633f","otuwacne103912.onmicrosoft.com",,,"1","1","0","1","0","OK"
"OTU WA CNE - 103912","d8bde6b6-8f34-49d3-bbe7-d5b9d70a633f","otuwacne103912.onmicrosoft.com",,,"1","1","0","1","0","OK"
"OTU WA CNE - 103912","d8bde6b6-8f34-49d3-bbe7-d5b9d70a633f","otuwacne103912.onmicrosoft.com",,,"0","3","0","3","0","OK"
"OTU WA CNE - 103912","d8bde6b6-8f34-49d3-bbe7-d5b9d70a633f","otuwacne103912.onmicrosoft.com",,,"1","1","0","1","0","OK"
"OTU WA CNE - 103911","ade4696c-6d14-48ad-92d5-ec4e4f02e939","otuwacne103911.onmicrosoft.com",,,"1","1","0","1","0","OK"
"OTU WA CNE - 103911","ade4696c-6d14-48ad-92d5-ec4e4f02e939","otuwacne103911.onmicrosoft.com",,,"1","1","0","1","0","OK"
"OTU WA CNE - 103911","ade4696c-6d14-48ad-92d5-ec4e4f02e939","otuwacne103911.onmicrosoft.com",,,"0","3","0","3","0","OK"
"OTU WA CNE - 103911","ade4696c-6d14-48ad-92d5-ec4e4f02e939","otuwacne103911.onmicrosoft.com",,,"1","1","0","1","0","OK"
"OTU WA CNE - 103910","4d5890e4-6964-4e9b-b3ab-05ca61bb17da","otuwacne103910.onmicrosoft.com",,,"1","1","0","1","0","OK"
"OTU WA CNE - 103910","4d5890e4-6964-4e9b-b3ab-05ca61bb17da","otuwacne103910.onmicrosoft.com",,,"1","1","0","1","0","OK"
"OTU WA CNE - 103910","4d5890e4-6964-4e9b-b3ab-05ca61bb17da","otuwacne103910.onmicrosoft.com",,,"0","3","0","3","0","OK"
"OTU WA CNE - 103910","4d5890e4-6964-4e9b-b3ab-05ca61bb17da","otuwacne103910.onmicrosoft.com",,,"1","1","0","1","0","OK"
"OTU WA CNE - 103909","4a45c1d2-a5f3-48e6-99ff-ff208240cb71","otuwacne103909.onmicrosoft.com",,,"1","1","0","1","0","OK"
"OTU WA CNE - 103909","4a45c1d2-a5f3-48e6-99ff-ff208240cb71","otuwacne103909.onmicrosoft.com",,,"1","1","0","1","0","OK"
"OTU WA CNE - 103909","4a45c1d2-a5f3-48e6-99ff-ff208240cb71","otuwacne103909.onmicrosoft.com",,,"0","3","0","3","0","OK"
"OTU WA CNE - 103909","4a45c1d2-a5f3-48e6-99ff-ff208240cb71","otuwacne103909.onmicrosoft.com",,,"1","1","0","2","0","OK"
"OTU WA CNE - 103908","ccd0895e-cbee-4d9f-b863-2eba23c9ecfc","otuwacne103908.onmicrosoft.com",,,"1","1","0","1","0","OK"
"OTU WA CNE - 103908","ccd0895e-cbee-4d9f-b863-2eba23c9ecfc","otuwacne103908.onmicrosoft.com",,,"1","1","0","1","0","OK"
"OTU WA CNE - 103908","ccd0895e-cbee-4d9f-b863-2eba23c9ecfc","otuwacne103908.onmicrosoft.com",,,"0","3","0","3","0","OK"
"OTU WA CNE - 103908","ccd0895e-cbee-4d9f-b863-2eba23c9ecfc","otuwacne103908.onmicrosoft.com",,,"1","1","0","2","0","OK"
"OTU WA CNE - 103907","c8f6549b-750c-4520-b088-9f60487ddc41","otuwacne103907.onmicrosoft.com",,,"1","1","0","1","0","OK"
"OTU WA CNE - 103907","c8f6549b-750c-4520-b088-9f60487ddc41","otuwacne103907.onmicrosoft.com",,,"1","1","0","1","0","OK"
"OTU WA CNE - 103907","c8f6549b-750c-4520-b088-9f60487ddc41","otuwacne103907.onmicrosoft.com",,,"0","3","0","3","0","OK"
"OTU WA CNE - 103907","c8f6549b-750c-4520-b088-9f60487ddc41","otuwacne103907.onmicrosoft.com",,,"1","1","0","2","0","OK"
"OTU WA CNE - 103906","d9b27f9e-99ba-4f26-9411-203e5ef21a7a","otuwacne103906.onmicrosoft.com",,,"0","1","0","1","0","OK"
"OTU WA CNE - 103906","d9b27f9e-99ba-4f26-9411-203e5ef21a7a","otuwacne103906.onmicrosoft.com",,,"0","1","0","1","0","OK"
"OTU WA CNE - 103906","d9b27f9e-99ba-4f26-9411-203e5ef21a7a","otuwacne103906.onmicrosoft.com",,,"0","3","0","5","0","OK"
"OTU WA CNE - 103906","d9b27f9e-99ba-4f26-9411-203e5ef21a7a","otuwacne103906.onmicrosoft.com",,,"0","1","0","1","0","OK"
"OTU WA CNE - 103905","b38f5fbd-5d6e-4139-a229-e0f40e1816b0","otuwacne103905.onmicrosoft.com",,,"1","1","0","1","0","OK"
"OTU WA CNE - 103905","b38f5fbd-5d6e-4139-a229-e0f40e1816b0","otuwacne103905.onmicrosoft.com",,,"1","1","0","1","0","OK"
"OTU WA CNE - 103905","b38f5fbd-5d6e-4139-a229-e0f40e1816b0","otuwacne103905.onmicrosoft.com",,,"0","3","0","3","0","OK"
"OTU WA CNE - 103905","b38f5fbd-5d6e-4139-a229-e0f40e1816b0","otuwacne103905.onmicrosoft.com",,,"1","1","0","1","0","OK"
"OTU WA CNE - 103904","0898782a-cdd6-458e-a97d-1489271b942d","otuwacne103904.onmicrosoft.com",,,"1","1","0","1","0","OK"
"OTU WA CNE - 103904","0898782a-cdd6-458e-a97d-1489271b942d","otuwacne103904.onmicrosoft.com",,,"1","1","0","1","0","OK"
"OTU WA CNE - 103904","0898782a-cdd6-458e-a97d-1489271b942d","otuwacne103904.onmicrosoft.com",,,"0","3","0","3","0","OK"
"OTU WA CNE - 103904","0898782a-cdd6-458e-a97d-1489271b942d","otuwacne103904.onmicrosoft.com",,,"1","1","0","1","0","OK"
"OTU WA CNE - 103903","f01cdb30-e142-4b5b-864a-7e8acfb1e550","otuwacne103903.onmicrosoft.com",,,"1","1","0","1","0","OK"
"OTU WA CNE - 103903","f01cdb30-e142-4b5b-864a-7e8acfb1e550","otuwacne103903.onmicrosoft.com",,,"1","1","0","1","0","OK"
"OTU WA CNE - 103903","f01cdb30-e142-4b5b-864a-7e8acfb1e550","otuwacne103903.onmicrosoft.com",,,"0","3","0","3","0","OK"
"OTU WA CNE - 103903","f01cdb30-e142-4b5b-864a-7e8acfb1e550","otuwacne103903.onmicrosoft.com",,,"1","1","0","1","0","OK"
"OTU WA CNE - 103902","92c7d10b-fc4b-419c-a770-e8686379a052","otuwacne103902.onmicrosoft.com",,,"0","1","0","1","0","OK"
"OTU WA CNE - 103902","92c7d10b-fc4b-419c-a770-e8686379a052","otuwacne103902.onmicrosoft.com",,,"0","1","0","1","0","OK"
"OTU WA CNE - 103902","92c7d10b-fc4b-419c-a770-e8686379a052","otuwacne103902.onmicrosoft.com",,,"0","3","0","5","0","OK"
"OTU WA CNE - 103902","92c7d10b-fc4b-419c-a770-e8686379a052","otuwacne103902.onmicrosoft.com",,,"0","1","0","1","0","OK"
"OTU WA CNE - 103901","fd702382-640e-4472-9674-e78aa7e7852f","otuwacne103901.onmicrosoft.com",,,"1","1","0","1","0","OK"
"OTU WA CNE - 103901","fd702382-640e-4472-9674-e78aa7e7852f","otuwacne103901.onmicrosoft.com",,,"1","1","0","1","0","OK"
"OTU WA CNE - 103901","fd702382-640e-4472-9674-e78aa7e7852f","otuwacne103901.onmicrosoft.com",,,"0","3","0","3","0","OK"
"OTU WA CNE - 103901","fd702382-640e-4472-9674-e78aa7e7852f","otuwacne103901.onmicrosoft.com",,,"1","1","0","1","0","OK"
"OTU WA CNE - 103900","e4a6773c-7631-47e7-bd97-a9c6a07470fc","otuwacne103900.onmicrosoft.com",,,"0","1","0","1","0","OK"
"OTU WA CNE - 103900","e4a6773c-7631-47e7-bd97-a9c6a07470fc","otuwacne103900.onmicrosoft.com",,,"0","1","0","1","0","OK"
"OTU WA CNE - 103900","e4a6773c-7631-47e7-bd97-a9c6a07470fc","otuwacne103900.onmicrosoft.com",,,"0","3","0","5","0","OK"
"OTU WA CNE - 103900","e4a6773c-7631-47e7-bd97-a9c6a07470fc","otuwacne103900.onmicrosoft.com",,,"0","1","0","1","0","OK"
"OTU WA CNE - 103899","9fd076b2-76ad-4b6f-85d2-6cc8afbd810c","otuwacne103899.onmicrosoft.com",,,"1","1","0","1","0","OK"
"OTU WA CNE - 103899","9fd076b2-76ad-4b6f-85d2-6cc8afbd810c","otuwacne103899.onmicrosoft.com",,,"1","1","0","2","0","OK"
"OTU WA CNE - 103899","9fd076b2-76ad-4b6f-85d2-6cc8afbd810c","otuwacne103899.onmicrosoft.com",,,"0","3","0","3","0","OK"
"OTU WA CNE - 103899","9fd076b2-76ad-4b6f-85d2-6cc8afbd810c","otuwacne103899.onmicrosoft.com",,,"1","1","0","1","0","OK"
"OTU WA CNE - 103898","2532cb95-80a3-4fa3-b555-295437d451cd","otuwacne103898.onmicrosoft.com",,,"2","1","1","1","0","OK"
"OTU WA CNE - 103898","2532cb95-80a3-4fa3-b555-295437d451cd","otuwacne103898.onmicrosoft.com",,,"0","1","0","2","0","OK"
"OTU WA CNE - 103898","2532cb95-80a3-4fa3-b555-295437d451cd","otuwacne103898.onmicrosoft.com",,,"0","3","0","3","0","OK"
"OTU WA CNE - 103898","2532cb95-80a3-4fa3-b555-295437d451cd","otuwacne103898.onmicrosoft.com",,,"0","1","0","2","0","OK"
"OTU WA CNE - 103897","5235136c-0b5b-4ea2-ad36-eb0283192b13","otuwacne103897.onmicrosoft.com",,,"0","1","0","1","0","OK"
"OTU WA CNE - 103897","5235136c-0b5b-4ea2-ad36-eb0283192b13","otuwacne103897.onmicrosoft.com",,,"0","1","0","1","0","OK"
"OTU WA CNE - 103897","5235136c-0b5b-4ea2-ad36-eb0283192b13","otuwacne103897.onmicrosoft.com",,,"0","3","0","5","0","OK"
"OTU WA CNE - 103897","5235136c-0b5b-4ea2-ad36-eb0283192b13","otuwacne103897.onmicrosoft.com",,,"0","1","0","1","0","OK"
"OTU WA CNE - 103896","29ad9ccc-95e3-4228-8379-605b6b8e5e12","otuwacne103896.onmicrosoft.com",,,"1","1","0","1","0","OK"
"OTU WA CNE - 103896","29ad9ccc-95e3-4228-8379-605b6b8e5e12","otuwacne103896.onmicrosoft.com",,,"0","1","0","2","0","OK"
"OTU WA CNE - 103896","29ad9ccc-95e3-4228-8379-605b6b8e5e12","otuwacne103896.onmicrosoft.com",,,"0","3","0","3","0","OK"
"OTU WA CNE - 103896","29ad9ccc-95e3-4228-8379-605b6b8e5e12","otuwacne103896.onmicrosoft.com",,,"1","1","0","1","0","OK"
"OTU WA CNE - 103895","cc624eac-476b-49bf-9559-7225de43850f","otuwacne103895.onmicrosoft.com",,,"2","1","1","1","0","OK"
"OTU WA CNE - 103895","cc624eac-476b-49bf-9559-7225de43850f","otuwacne103895.onmicrosoft.com",,,"1","1","0","1","0","OK"
"OTU WA CNE - 103895","cc624eac-476b-49bf-9559-7225de43850f","otuwacne103895.onmicrosoft.com",,,"0","3","0","3","0","OK"
"OTU WA CNE - 103895","cc624eac-476b-49bf-9559-7225de43850f","otuwacne103895.onmicrosoft.com",,,"1","1","0","1","0","OK"
"OTU WA CNE - 103894","a921d03c-fbb5-4129-ae00-6d3e6fcf81a7","otuwacne103894.onmicrosoft.com",,,"1","1","0","2","0","OK"
"OTU WA CNE - 103894","a921d03c-fbb5-4129-ae00-6d3e6fcf81a7","otuwacne103894.onmicrosoft.com",,,"0","1","0","3","0","OK"
"OTU WA CNE - 103894","a921d03c-fbb5-4129-ae00-6d3e6fcf81a7","otuwacne103894.onmicrosoft.com",,,"0","3","0","3","0","OK"
"OTU WA CNE - 103894","a921d03c-fbb5-4129-ae00-6d3e6fcf81a7","otuwacne103894.onmicrosoft.com",,,"0","1","0","3","0","OK"
"OTU WA CNE - 103893","ec56821f-5f6d-4b2a-9a3c-b7029424139d","otuwacne103893.onmicrosoft.com",,,"2","1","1","2","0","OK"
"OTU WA CNE - 103893","ec56821f-5f6d-4b2a-9a3c-b7029424139d","otuwacne103893.onmicrosoft.com",,,"1","1","0","2","0","OK"
"OTU WA CNE - 103893","ec56821f-5f6d-4b2a-9a3c-b7029424139d","otuwacne103893.onmicrosoft.com",,,"0","3","0","3","0","OK"
"OTU WA CNE - 103893","ec56821f-5f6d-4b2a-9a3c-b7029424139d","otuwacne103893.onmicrosoft.com",,,"1000000","1","999999","0","0","OK"
"OTU WA CNE - 103893","ec56821f-5f6d-4b2a-9a3c-b7029424139d","otuwacne103893.onmicrosoft.com",,,"1","1","0","2","0","OK"
"OTU WA CNE - 103892","3ac2ca41-8797-40fa-8aad-cf541dc22fa1","otuwacne103892.onmicrosoft.com",,,"0","1","0","1","0","OK"
"OTU WA CNE - 103892","3ac2ca41-8797-40fa-8aad-cf541dc22fa1","otuwacne103892.onmicrosoft.com",,,"0","1","0","1","0","OK"
"OTU WA CNE - 103892","3ac2ca41-8797-40fa-8aad-cf541dc22fa1","otuwacne103892.onmicrosoft.com",,,"0","3","0","5","0","OK"
"OTU WA CNE - 103892","3ac2ca41-8797-40fa-8aad-cf541dc22fa1","otuwacne103892.onmicrosoft.com",,,"0","1","0","1","0","OK"
"OTU WA CNE - 103891","238850da-67d5-41ec-8b3a-1a4bbc3598f9","otuwacne103891.onmicrosoft.com",,,"1","1","0","2","0","OK"
"OTU WA CNE - 103891","238850da-67d5-41ec-8b3a-1a4bbc3598f9","otuwacne103891.onmicrosoft.com",,,"0","1","0","3","0","OK"
"OTU WA CNE - 103891","238850da-67d5-41ec-8b3a-1a4bbc3598f9","otuwacne103891.onmicrosoft.com",,,"0","3","0","3","0","OK"
"OTU WA CNE - 103891","238850da-67d5-41ec-8b3a-1a4bbc3598f9","otuwacne103891.onmicrosoft.com",,,"0","1","0","3","0","OK"
