"CustomerName","CustomerId","Domain","SubscriptionName","SubscriptionId","OfferName","Status","Quantity","CreationDate","EffectiveDate","CommitmentEnd","AutoRenew"
"OTU WA CNE - 104140","509053f4-22dc-4dde-b965-5d669e8a1824","otuwacne104140.onmicrosoft.com","Microsoft Intune Suite","42c363d3-3060-49db-d617-907dc545b9c8","Microsoft Intune Suite","Deleted","2","16-05-2026 10:04:01","16-05-2026 00:00:00","15-06-2026 00:00:00","True"
"OTU WA CNE - 104140","509053f4-22dc-4dde-b965-5d669e8a1824","otuwacne104140.onmicrosoft.com","Microsoft Defender Vulnerability Management Add-on","22f4eae2-8994-4b88-c205-a254e58db2b1","Microsoft Defender Vulnerability Management Add-on","Deleted","1","15-05-2026 22:58:32","15-05-2026 00:00:00","14-06-2026 00:00:00","True"
"OTU WA CNE - 104140","509053f4-22dc-4dde-b965-5d669e8a1824","otuwacne104140.onmicrosoft.com","Microsoft 365 E5 (no Teams)","1da5f5e7-cbdb-4454-d6c3-e6ca0a4b515a","Microsoft 365 E5 (no Teams)","Deleted","1","15-05-2026 22:24:40","15-05-2026 00:00:00","14-06-2026 00:00:00","True"
"OTU WA CNE - 104140","509053f4-22dc-4dde-b965-5d669e8a1824","otuwacne104140.onmicrosoft.com","Microsoft Entra ID P2","cef1ccfe-cf54-4139-d13f-97ff3996a55f","Microsoft Entra ID P2","Deleted","5","15-05-2026 21:18:25","15-05-2026 00:00:00","14-06-2026 00:00:00","True"
"OTU WA CNE - 104140","509053f4-22dc-4dde-b965-5d669e8a1824","otuwacne104140.onmicrosoft.com","Azure plan","761d993b-a5ba-4ce2-c15d-cdeae8129ba1","Azure plan","Active","1","13-05-2026 05:37:05","13-05-2026 00:00:00","31-12-9999 23:59:59","False"
"OTU WA CNE - 104139","942474ec-6b2f-48af-8956-813e59a0fbac","otuwacne104139.onmicrosoft.com","Microsoft Intune Suite","dcbb34d4-d2cf-4afe-c170-1e600b97d202","Microsoft Intune Suite","Deleted","2","16-05-2026 10:03:42","16-05-2026 00:00:00","15-06-2026 00:00:00","True"
"OTU WA CNE - 104139","942474ec-6b2f-48af-8956-813e59a0fbac","otuwacne104139.onmicrosoft.com","Microsoft Defender Vulnerability Management Add-on","d45bd744-48bf-44ae-c04a-888fb909e81c","Microsoft Defender Vulnerability Management Add-on","Deleted","1","15-05-2026 22:58:18","15-05-2026 00:00:00","14-06-2026 00:00:00","True"
"OTU WA CNE - 104139","942474ec-6b2f-48af-8956-813e59a0fbac","otuwacne104139.onmicrosoft.com","Microsoft 365 E5 (no Teams)","a45f259c-635d-4879-d10c-229b02b5b6a6","Microsoft 365 E5 (no Teams)","Deleted","1","15-05-2026 22:24:21","15-05-2026 00:00:00","14-06-2026 00:00:00","True"
"OTU WA CNE - 104139","942474ec-6b2f-48af-8956-813e59a0fbac","otuwacne104139.onmicrosoft.com","Microsoft Entra ID P2","2185be94-3345-474f-c47d-e32198764269","Microsoft Entra ID P2","Deleted","5","15-05-2026 21:17:47","15-05-2026 00:00:00","14-06-2026 00:00:00","True"
"OTU WA CNE - 104139","942474ec-6b2f-48af-8956-813e59a0fbac","otuwacne104139.onmicrosoft.com","Azure plan","51a03b61-ced4-42b8-c835-2e79a0c91c5e","Azure plan","Active","1","13-05-2026 05:32:59","13-05-2026 00:00:00","31-12-9999 23:59:59","False"
"OTU WA CNE - 104138","862d9112-26a5-4649-9c63-31d9e5ad48e5","otuwacne104138.onmicrosoft.com","Microsoft Intune Suite","9c4e0004-1e65-4a38-c3eb-8e872e8ee71c","Microsoft Intune Suite","Deleted","2","16-05-2026 10:03:15","16-05-2026 00:00:00","15-06-2026 00:00:00","True"
"OTU WA CNE - 104138","862d9112-26a5-4649-9c63-31d9e5ad48e5","otuwacne104138.onmicrosoft.com","Microsoft Defender Vulnerability Management Add-on","b837d556-a2ea-42b0-cc63-9249b15d007b","Microsoft Defender Vulnerability Management Add-on","Deleted","1","15-05-2026 22:58:02","15-05-2026 00:00:00","14-06-2026 00:00:00","True"
"OTU WA CNE - 104138","862d9112-26a5-4649-9c63-31d9e5ad48e5","otuwacne104138.onmicrosoft.com","Microsoft 365 E5 (no Teams)","6ef67cf7-49af-4a2e-dd98-806b52ac5fc6","Microsoft 365 E5 (no Teams)","Deleted","1","15-05-2026 22:24:02","15-05-2026 00:00:00","14-06-2026 00:00:00","True"
"OTU WA CNE - 104138","862d9112-26a5-4649-9c63-31d9e5ad48e5","otuwacne104138.onmicrosoft.com","Microsoft Entra ID P2","f23123d2-9493-42d7-c85b-0a5bee4ffa72","Microsoft Entra ID P2","Deleted","5","15-05-2026 21:17:03","15-05-2026 00:00:00","14-06-2026 00:00:00","True"
"OTU WA CNE - 104138","862d9112-26a5-4649-9c63-31d9e5ad48e5","otuwacne104138.onmicrosoft.com","Azure plan","7171d35a-d768-41fb-cafb-edbbda07e69d","Azure plan","Active","1","13-05-2026 05:29:02","13-05-2026 00:00:00","31-12-9999 23:59:59","False"
"OTU WA CNE - 104137","5d13bb55-7cdc-4d58-827e-848a95692451","otuwacne104137.onmicrosoft.com","Microsoft Intune Suite","d0c6fdfd-e436-4dfa-c30f-bc715e57b512","Microsoft Intune Suite","Deleted","2","16-05-2026 10:02:50","16-05-2026 00:00:00","15-06-2026 00:00:00","True"
"OTU WA CNE - 104137","5d13bb55-7cdc-4d58-827e-848a95692451","otuwacne104137.onmicrosoft.com","Microsoft Defender Vulnerability Management Add-on","e81a6ebb-2775-4606-cce7-10672885d7f3","Microsoft Defender Vulnerability Management Add-on","Deleted","1","15-05-2026 22:57:33","15-05-2026 00:00:00","14-06-2026 00:00:00","True"
"OTU WA CNE - 104137","5d13bb55-7cdc-4d58-827e-848a95692451","otuwacne104137.onmicrosoft.com","Microsoft 365 E5 (no Teams)","2c9a0035-9ac3-41f9-c6aa-8299be7b2826","Microsoft 365 E5 (no Teams)","Deleted","1","15-05-2026 22:23:37","15-05-2026 00:00:00","14-06-2026 00:00:00","True"
"OTU WA CNE - 104137","5d13bb55-7cdc-4d58-827e-848a95692451","otuwacne104137.onmicrosoft.com","Microsoft Entra ID P2","32d0ebda-469e-4928-cad1-2e6865de8581","Microsoft Entra ID P2","Deleted","5","15-05-2026 21:19:30","15-05-2026 00:00:00","14-06-2026 00:00:00","True"
"OTU WA CNE - 104137","5d13bb55-7cdc-4d58-827e-848a95692451","otuwacne104137.onmicrosoft.com","Azure plan","892e698c-f2f3-4d4e-df2a-06787f755fd0","Azure plan","Active","1","13-05-2026 05:25:03","13-05-2026 00:00:00","31-12-9999 23:59:59","False"
"OTU WA CNE - 104136","a8fc8585-f687-4d5f-ab86-984f726c4246","otuwacne104136.onmicrosoft.com","Microsoft Intune Suite","c6ae5a41-afe1-4331-d4fd-f41bd158f392","Microsoft Intune Suite","Deleted","2","16-05-2026 10:02:28","16-05-2026 00:00:00","15-06-2026 00:00:00","True"
"OTU WA CNE - 104136","a8fc8585-f687-4d5f-ab86-984f726c4246","otuwacne104136.onmicrosoft.com","Microsoft Defender Vulnerability Management Add-on","75e4b669-09ac-4221-de1e-eb738f4c35f8","Microsoft Defender Vulnerability Management Add-on","Deleted","1","15-05-2026 22:57:11","15-05-2026 00:00:00","14-06-2026 00:00:00","True"
"OTU WA CNE - 104136","a8fc8585-f687-4d5f-ab86-984f726c4246","otuwacne104136.onmicrosoft.com","Microsoft 365 E5 (no Teams)","0616455c-1df8-4f95-d6d0-79b223bc727e","Microsoft 365 E5 (no Teams)","Deleted","1","15-05-2026 22:23:10","15-05-2026 00:00:00","14-06-2026 00:00:00","True"
"OTU WA CNE - 104136","a8fc8585-f687-4d5f-ab86-984f726c4246","otuwacne104136.onmicrosoft.com","Microsoft Entra ID P2","073b6323-bc3d-463a-d86c-6518cbd78bdf","Microsoft Entra ID P2","Deleted","5","15-05-2026 21:16:44","15-05-2026 00:00:00","14-06-2026 00:00:00","True"
"OTU WA CNE - 104136","a8fc8585-f687-4d5f-ab86-984f726c4246","otuwacne104136.onmicrosoft.com","Azure plan","a143b6a6-ce5c-40ef-c67f-fa6ad898405d","Azure plan","Active","1","13-05-2026 05:20:59","13-05-2026 00:00:00","31-12-9999 23:59:59","False"
"OTU WA CNE - 104135","f84f45de-6be6-47cc-a149-5258f35d9cad","otuwacne104135.onmicrosoft.com","Microsoft Intune Suite","cad95591-a1f0-4060-c7f7-ab1ec742c788","Microsoft Intune Suite","Deleted","2","16-05-2026 10:02:10","16-05-2026 00:00:00","15-06-2026 00:00:00","True"
"OTU WA CNE - 104135","f84f45de-6be6-47cc-a149-5258f35d9cad","otuwacne104135.onmicrosoft.com","Microsoft Defender Vulnerability Management Add-on","a1466107-a583-4157-c8b6-0e0070727a02","Microsoft Defender Vulnerability Management Add-on","Deleted","1","15-05-2026 22:56:52","15-05-2026 00:00:00","14-06-2026 00:00:00","True"
"OTU WA CNE - 104135","f84f45de-6be6-47cc-a149-5258f35d9cad","otuwacne104135.onmicrosoft.com","Microsoft 365 E5 (no Teams)","ade9ad6d-8bdb-4346-c31c-37f2d1187451","Microsoft 365 E5 (no Teams)","Deleted","1","15-05-2026 22:22:49","15-05-2026 00:00:00","14-06-2026 00:00:00","True"
"OTU WA CNE - 104135","f84f45de-6be6-47cc-a149-5258f35d9cad","otuwacne104135.onmicrosoft.com","Microsoft Entra ID P2","6db81255-cad1-4b37-c177-cd9d31b24697","Microsoft Entra ID P2","Deleted","5","15-05-2026 21:16:24","15-05-2026 00:00:00","14-06-2026 00:00:00","True"
"OTU WA CNE - 104135","f84f45de-6be6-47cc-a149-5258f35d9cad","otuwacne104135.onmicrosoft.com","Azure plan","228fbb98-e998-425f-dcd6-1bf6a1e03446","Azure plan","Active","1","13-05-2026 05:17:02","13-05-2026 00:00:00","31-12-9999 23:59:59","False"
"OTU WA CNE - 104134","89f4f531-14b0-4cdd-83a7-310930a58532","otuwacne104134.onmicrosoft.com","Microsoft Intune Suite","75b28227-5dc6-40d2-c280-186267c154b7","Microsoft Intune Suite","Deleted","2","16-05-2026 10:01:46","16-05-2026 00:00:00","15-06-2026 00:00:00","True"
"OTU WA CNE - 104134","89f4f531-14b0-4cdd-83a7-310930a58532","otuwacne104134.onmicrosoft.com","Microsoft Defender Vulnerability Management Add-on","4a1bda2a-fafd-4a3e-c1fc-86ea69734a26","Microsoft Defender Vulnerability Management Add-on","Deleted","1","15-05-2026 22:56:33","15-05-2026 00:00:00","14-06-2026 00:00:00","True"
"OTU WA CNE - 104134","89f4f531-14b0-4cdd-83a7-310930a58532","otuwacne104134.onmicrosoft.com","Microsoft 365 E5 (no Teams)","fc88b6a8-ee50-485c-deeb-ccdfb837fa0b","Microsoft 365 E5 (no Teams)","Deleted","1","15-05-2026 22:22:24","15-05-2026 00:00:00","14-06-2026 00:00:00","True"
"OTU WA CNE - 104134","89f4f531-14b0-4cdd-83a7-310930a58532","otuwacne104134.onmicrosoft.com","Microsoft Entra ID P2","f1af3102-875a-41f4-d27b-408fba3d5f4f","Microsoft Entra ID P2","Deleted","5","15-05-2026 21:16:07","15-05-2026 00:00:00","14-06-2026 00:00:00","True"
"OTU WA CNE - 104134","89f4f531-14b0-4cdd-83a7-310930a58532","otuwacne104134.onmicrosoft.com","Azure plan","d4c6b5f5-402d-4515-d33e-bd01ad8b823b","Azure plan","Active","1","13-05-2026 05:13:01","13-05-2026 00:00:00","31-12-9999 23:59:59","False"
"OTU WA CNE - 104133","e4a1f9f2-7af3-4974-98ab-9e83d5600a3a","otuwacne104133.onmicrosoft.com","Microsoft Intune Suite","c32badc4-62dc-4864-d81f-6d490e3bf470","Microsoft Intune Suite","Deleted","2","16-05-2026 10:01:30","16-05-2026 00:00:00","15-06-2026 00:00:00","True"
"OTU WA CNE - 104133","e4a1f9f2-7af3-4974-98ab-9e83d5600a3a","otuwacne104133.onmicrosoft.com","Microsoft Defender Vulnerability Management Add-on","fed9ec28-7c7e-47db-c9f9-a43b968c758a","Microsoft Defender Vulnerability Management Add-on","Deleted","1","15-05-2026 22:56:16","15-05-2026 00:00:00","14-06-2026 00:00:00","True"
"OTU WA CNE - 104133","e4a1f9f2-7af3-4974-98ab-9e83d5600a3a","otuwacne104133.onmicrosoft.com","Microsoft 365 E5 (no Teams)","a9740476-4d68-4f5c-c8c5-2319286d0d2a","Microsoft 365 E5 (no Teams)","Deleted","1","15-05-2026 22:22:03","15-05-2026 00:00:00","14-06-2026 00:00:00","True"
"OTU WA CNE - 104133","e4a1f9f2-7af3-4974-98ab-9e83d5600a3a","otuwacne104133.onmicrosoft.com","Microsoft Entra ID P2","e780917c-a892-4e88-ddea-0dbce804c4b2","Microsoft Entra ID P2","Deleted","5","15-05-2026 21:17:29","15-05-2026 00:00:00","14-06-2026 00:00:00","True"
"OTU WA CNE - 104133","e4a1f9f2-7af3-4974-98ab-9e83d5600a3a","otuwacne104133.onmicrosoft.com","Azure plan","2ff512b5-8b5c-45c0-c7b5-7cb9bdfcecbf","Azure plan","Active","1","13-05-2026 05:09:01","13-05-2026 00:00:00","31-12-9999 23:59:59","False"
"OTU WA CNE - 104132","8fe2827d-8b2b-4c93-bce5-a1551a1bd1dc","otuwacne104132.onmicrosoft.com","Microsoft Intune Suite","43812041-8a46-45fb-c959-3c43116b1b37","Microsoft Intune Suite","Deleted","2","16-05-2026 10:01:13","16-05-2026 00:00:00","15-06-2026 00:00:00","True"
"OTU WA CNE - 104132","8fe2827d-8b2b-4c93-bce5-a1551a1bd1dc","otuwacne104132.onmicrosoft.com","Microsoft Defender Vulnerability Management Add-on","8b815bbd-bffd-4531-da38-e1cae1fccfa9","Microsoft Defender Vulnerability Management Add-on","Deleted","1","15-05-2026 22:55:55","15-05-2026 00:00:00","14-06-2026 00:00:00","True"
"OTU WA CNE - 104132","8fe2827d-8b2b-4c93-bce5-a1551a1bd1dc","otuwacne104132.onmicrosoft.com","Microsoft 365 E5 (no Teams)","43984bbd-86b8-43a0-de13-eee084e86e88","Microsoft 365 E5 (no Teams)","Deleted","1","15-05-2026 22:21:45","15-05-2026 00:00:00","14-06-2026 00:00:00","True"
"OTU WA CNE - 104132","8fe2827d-8b2b-4c93-bce5-a1551a1bd1dc","otuwacne104132.onmicrosoft.com","Microsoft Entra ID P2","06d7ba38-39d8-4eee-c65f-c79c4dab4f8c","Microsoft Entra ID P2","Deleted","5","15-05-2026 21:15:29","15-05-2026 00:00:00","14-06-2026 00:00:00","True"
"OTU WA CNE - 104132","8fe2827d-8b2b-4c93-bce5-a1551a1bd1dc","otuwacne104132.onmicrosoft.com","Azure plan","0954b303-f95f-4080-d83c-e1d04d0d7eb6","Azure plan","Active","1","13-05-2026 05:04:59","13-05-2026 00:00:00","31-12-9999 23:59:59","False"
"OTU WA CNE - 104131","a6dc2572-7b77-42a2-9b4e-57ec5bd268d7","otuwacne104131.onmicrosoft.com","Microsoft Intune Suite","e4761a15-fded-4cad-c9c5-7684c4aee5eb","Microsoft Intune Suite","Deleted","2","16-05-2026 10:00:45","16-05-2026 00:00:00","15-06-2026 00:00:00","True"
"OTU WA CNE - 104131","a6dc2572-7b77-42a2-9b4e-57ec5bd268d7","otuwacne104131.onmicrosoft.com","Microsoft Defender Vulnerability Management Add-on","a5bce913-2121-4adc-d73e-af974d62200a","Microsoft Defender Vulnerability Management Add-on","Deleted","1","15-05-2026 22:55:39","15-05-2026 00:00:00","14-06-2026 00:00:00","True"
"OTU WA CNE - 104131","a6dc2572-7b77-42a2-9b4e-57ec5bd268d7","otuwacne104131.onmicrosoft.com","Microsoft 365 E5 (no Teams)","caf98173-100d-4f94-c180-e74af5da0d9e","Microsoft 365 E5 (no Teams)","Deleted","1","15-05-2026 22:21:27","15-05-2026 00:00:00","14-06-2026 00:00:00","True"
"OTU WA CNE - 104131","a6dc2572-7b77-42a2-9b4e-57ec5bd268d7","otuwacne104131.onmicrosoft.com","Microsoft Entra ID P2","be1ea6f9-20ca-4a96-db10-94b4ff80530f","Microsoft Entra ID P2","Deleted","5","15-05-2026 21:15:12","15-05-2026 00:00:00","14-06-2026 00:00:00","True"
"OTU WA CNE - 104131","a6dc2572-7b77-42a2-9b4e-57ec5bd268d7","otuwacne104131.onmicrosoft.com","Azure plan","c9e3117e-f7a2-4d45-c255-df37349ae6bb","Azure plan","Active","1","13-05-2026 05:01:03","13-05-2026 00:00:00","31-12-9999 23:59:59","False"
"OTU WA CNE - 104130","ee754bde-eecb-49cb-8803-67e9a400d10d","otuwacne104130.onmicrosoft.com","Microsoft Intune Suite","cebde9e6-b9f7-4f09-c212-edcabb5db530","Microsoft Intune Suite","Deleted","2","16-05-2026 10:00:20","16-05-2026 00:00:00","15-06-2026 00:00:00","True"
"OTU WA CNE - 104130","ee754bde-eecb-49cb-8803-67e9a400d10d","otuwacne104130.onmicrosoft.com","Microsoft Defender Vulnerability Management Add-on","df9f8938-1497-498b-d1d1-f2cfab0eef32","Microsoft Defender Vulnerability Management Add-on","Deleted","1","15-05-2026 22:55:19","15-05-2026 00:00:00","14-06-2026 00:00:00","True"
"OTU WA CNE - 104130","ee754bde-eecb-49cb-8803-67e9a400d10d","otuwacne104130.onmicrosoft.com","Microsoft 365 E5 (no Teams)","6f95f1c6-8375-4d2d-c653-5ba5c1f49562","Microsoft 365 E5 (no Teams)","Deleted","1","15-05-2026 22:21:01","15-05-2026 00:00:00","14-06-2026 00:00:00","True"
"OTU WA CNE - 104130","ee754bde-eecb-49cb-8803-67e9a400d10d","otuwacne104130.onmicrosoft.com","Microsoft Entra ID P2","da839c3e-587e-46d9-c320-f33e498be03c","Microsoft Entra ID P2","Deleted","5","15-05-2026 21:14:31","15-05-2026 00:00:00","14-06-2026 00:00:00","True"
"OTU WA CNE - 104130","ee754bde-eecb-49cb-8803-67e9a400d10d","otuwacne104130.onmicrosoft.com","Azure plan","ec00a6e1-ec9b-4815-d2b6-60721f5a7f0e","Azure plan","Active","1","13-05-2026 04:57:05","13-05-2026 00:00:00","31-12-9999 23:59:59","False"
"OTU WA CNE - 104129","b0d477f6-1dc1-4c03-9c5d-c46e208a8a50","otuwacne104129.onmicrosoft.com","Microsoft Intune Suite","7357a5b6-0e55-489a-da57-4d4bf831064b","Microsoft Intune Suite","Deleted","2","16-05-2026 09:59:57","16-05-2026 00:00:00","15-06-2026 00:00:00","True"
"OTU WA CNE - 104129","b0d477f6-1dc1-4c03-9c5d-c46e208a8a50","otuwacne104129.onmicrosoft.com","Microsoft Defender Vulnerability Management Add-on","7b0692c1-2cb4-4221-c79f-50ac9ef5e650","Microsoft Defender Vulnerability Management Add-on","Deleted","1","15-05-2026 22:54:56","15-05-2026 00:00:00","14-06-2026 00:00:00","True"
"OTU WA CNE - 104129","b0d477f6-1dc1-4c03-9c5d-c46e208a8a50","otuwacne104129.onmicrosoft.com","Microsoft 365 E5 (no Teams)","89b02cc8-a634-44ec-ce8d-4040ea6e1dab","Microsoft 365 E5 (no Teams)","Deleted","1","15-05-2026 22:20:43","15-05-2026 00:00:00","14-06-2026 00:00:00","True"
"OTU WA CNE - 104129","b0d477f6-1dc1-4c03-9c5d-c46e208a8a50","otuwacne104129.onmicrosoft.com","Microsoft Entra ID P2","ce65bceb-6c11-484f-d88e-b84e67b1f599","Microsoft Entra ID P2","Deleted","5","15-05-2026 21:14:50","15-05-2026 00:00:00","14-06-2026 00:00:00","True"
"OTU WA CNE - 104129","b0d477f6-1dc1-4c03-9c5d-c46e208a8a50","otuwacne104129.onmicrosoft.com","Azure plan","94d16efb-67f3-45bf-cfba-cd2b9b904513","Azure plan","Active","1","13-05-2026 04:53:03","13-05-2026 00:00:00","31-12-9999 23:59:59","False"
"OTU WA CNE - 104128","5f1d34cd-eb20-46cf-99a2-01730a781c47","otuwacne104128.onmicrosoft.com","Microsoft Intune Suite","ef3b638c-8880-4c20-d59b-5dbc6f49c1fc","Microsoft Intune Suite","Deleted","2","16-05-2026 09:59:38","16-05-2026 00:00:00","15-06-2026 00:00:00","True"
"OTU WA CNE - 104128","5f1d34cd-eb20-46cf-99a2-01730a781c47","otuwacne104128.onmicrosoft.com","Microsoft Defender Vulnerability Management Add-on","e86d2425-7c25-4149-d32e-fef511b0286f","Microsoft Defender Vulnerability Management Add-on","Deleted","1","15-05-2026 22:54:37","15-05-2026 00:00:00","14-06-2026 00:00:00","True"
"OTU WA CNE - 104128","5f1d34cd-eb20-46cf-99a2-01730a781c47","otuwacne104128.onmicrosoft.com","Microsoft 365 E5 (no Teams)","11e1420a-a8af-42e6-c3b5-26bb280e44c7","Microsoft 365 E5 (no Teams)","Deleted","1","15-05-2026 22:20:25","15-05-2026 00:00:00","14-06-2026 00:00:00","True"
"OTU WA CNE - 104128","5f1d34cd-eb20-46cf-99a2-01730a781c47","otuwacne104128.onmicrosoft.com","Microsoft Entra ID P2","33e64921-dcb5-4efc-c610-73c70f06b0ea","Microsoft Entra ID P2","Deleted","5","15-05-2026 21:14:09","15-05-2026 00:00:00","14-06-2026 00:00:00","True"
"OTU WA CNE - 104128","5f1d34cd-eb20-46cf-99a2-01730a781c47","otuwacne104128.onmicrosoft.com","Azure plan","0f448967-9a28-4c3f-de09-6d8bee2412ee","Azure plan","Active","1","13-05-2026 04:49:02","13-05-2026 00:00:00","31-12-9999 23:59:59","False"
"OTU WA CNE - 104126","1c5dca03-f1ac-4abf-a7af-087b59247da7","otuwacne104126.onmicrosoft.com","Microsoft Intune Suite","3a69409d-210a-47d6-dbaf-03bb48f1d261","Microsoft Intune Suite","Deleted","2","16-05-2026 09:58:59","16-05-2026 00:00:00","15-06-2026 00:00:00","True"
"OTU WA CNE - 104126","1c5dca03-f1ac-4abf-a7af-087b59247da7","otuwacne104126.onmicrosoft.com","Microsoft Defender Vulnerability Management Add-on","727175d5-6aed-4e7d-da7b-8c85d4236e2d","Microsoft Defender Vulnerability Management Add-on","Deleted","1","15-05-2026 22:54:04","15-05-2026 00:00:00","14-06-2026 00:00:00","True"
"OTU WA CNE - 104126","1c5dca03-f1ac-4abf-a7af-087b59247da7","otuwacne104126.onmicrosoft.com","Microsoft 365 E5 (no Teams)","0377dd81-f980-4510-cd47-de0337382b9b","Microsoft 365 E5 (no Teams)","Deleted","1","15-05-2026 22:19:47","15-05-2026 00:00:00","14-06-2026 00:00:00","True"
"OTU WA CNE - 104126","1c5dca03-f1ac-4abf-a7af-087b59247da7","otuwacne104126.onmicrosoft.com","Microsoft Entra ID P2","ce4d427c-2e37-4966-c4ff-eac41ffa6cf3","Microsoft Entra ID P2","Deleted","5","15-05-2026 21:15:45","15-05-2026 00:00:00","14-06-2026 00:00:00","True"
"OTU WA CNE - 104126","1c5dca03-f1ac-4abf-a7af-087b59247da7","otuwacne104126.onmicrosoft.com","Azure plan","83682ca7-bdaa-49fd-ccbd-5d6107eb8937","Azure plan","Active","1","13-05-2026 04:41:01","13-05-2026 00:00:00","31-12-9999 23:59:59","False"
"OTU WA CNE - 104125","ecec07ef-7622-4d94-ada4-010a62cad57c","otuwacne104125.onmicrosoft.com","Microsoft Intune Suite","b2ef4281-7f00-4fc3-da99-1eeadb2cbb53","Microsoft Intune Suite","Deleted","2","16-05-2026 09:58:44","16-05-2026 00:00:00","15-06-2026 00:00:00","True"
"OTU WA CNE - 104125","ecec07ef-7622-4d94-ada4-010a62cad57c","otuwacne104125.onmicrosoft.com","Microsoft Defender Vulnerability Management Add-on","a0dcd66e-b431-46e8-d243-eb6c343b226c","Microsoft Defender Vulnerability Management Add-on","Deleted","1","15-05-2026 22:53:47","15-05-2026 00:00:00","14-06-2026 00:00:00","True"
"OTU WA CNE - 104125","ecec07ef-7622-4d94-ada4-010a62cad57c","otuwacne104125.onmicrosoft.com","Microsoft 365 E5 (no Teams)","386a7720-7542-4eea-caab-ff9c8a320c31","Microsoft 365 E5 (no Teams)","Deleted","1","15-05-2026 22:19:26","15-05-2026 00:00:00","14-06-2026 00:00:00","True"
"OTU WA CNE - 104125","ecec07ef-7622-4d94-ada4-010a62cad57c","otuwacne104125.onmicrosoft.com","Microsoft Entra ID P2","84c8bc68-66c8-4a08-c410-d7ee8a5c8336","Microsoft Entra ID P2","Deleted","5","15-05-2026 21:13:27","15-05-2026 00:00:00","14-06-2026 00:00:00","True"
"OTU WA CNE - 104125","ecec07ef-7622-4d94-ada4-010a62cad57c","otuwacne104125.onmicrosoft.com","Azure plan","b3808e0d-41b5-45b9-d94e-ea1168fcb2dc","Azure plan","Active","1","13-05-2026 04:36:56","13-05-2026 00:00:00","31-12-9999 23:59:59","False"
"OTU WA CNE - 104124","569fd133-643c-4170-a080-04dd78f906f7","otuwacne104124.onmicrosoft.com","Microsoft Intune Suite","9720cdee-e397-4c6d-d291-1ed4454db365","Microsoft Intune Suite","Deleted","2","16-05-2026 09:58:26","16-05-2026 00:00:00","15-06-2026 00:00:00","True"
"OTU WA CNE - 104124","569fd133-643c-4170-a080-04dd78f906f7","otuwacne104124.onmicrosoft.com","Microsoft Defender Vulnerability Management Add-on","ca9fc489-9861-4187-db46-1795aa6f31a6","Microsoft Defender Vulnerability Management Add-on","Deleted","1","15-05-2026 22:53:28","15-05-2026 00:00:00","14-06-2026 00:00:00","True"
"OTU WA CNE - 104124","569fd133-643c-4170-a080-04dd78f906f7","otuwacne104124.onmicrosoft.com","Microsoft 365 E5 (no Teams)","078574c5-8a94-4081-d4bf-99b9b768f418","Microsoft 365 E5 (no Teams)","Deleted","1","15-05-2026 22:19:04","15-05-2026 00:00:00","14-06-2026 00:00:00","True"
"OTU WA CNE - 104124","569fd133-643c-4170-a080-04dd78f906f7","otuwacne104124.onmicrosoft.com","Microsoft Entra ID P2","24569b92-441b-4322-caa1-2b381117b969","Microsoft Entra ID P2","Deleted","5","15-05-2026 21:13:48","15-05-2026 00:00:00","14-06-2026 00:00:00","True"
"OTU WA CNE - 104124","569fd133-643c-4170-a080-04dd78f906f7","otuwacne104124.onmicrosoft.com","Azure plan","bcfd5485-27b3-4e67-de22-7401d5f0df2a","Azure plan","Active","1","13-05-2026 04:32:56","13-05-2026 00:00:00","31-12-9999 23:59:59","False"
"OTU WA CNE - 104123","c3800da4-49e2-448d-9aac-2288114a1bc2","otuwacne104123.onmicrosoft.com","Microsoft Intune Suite","2d55db38-4b61-47d2-d13c-802ebe4d3da4","Microsoft Intune Suite","Deleted","2","16-05-2026 09:57:57","16-05-2026 00:00:00","15-06-2026 00:00:00","True"
"OTU WA CNE - 104123","c3800da4-49e2-448d-9aac-2288114a1bc2","otuwacne104123.onmicrosoft.com","Microsoft Defender Vulnerability Management Add-on","3b804fe9-f15b-4b56-d240-f4f76bedbf51","Microsoft Defender Vulnerability Management Add-on","Deleted","1","15-05-2026 22:53:13","15-05-2026 00:00:00","14-06-2026 00:00:00","True"
"OTU WA CNE - 104123","c3800da4-49e2-448d-9aac-2288114a1bc2","otuwacne104123.onmicrosoft.com","Microsoft 365 E5 (no Teams)","bcec1f30-315d-4d57-d7de-4f37aabed0a8","Microsoft 365 E5 (no Teams)","Deleted","1","15-05-2026 22:18:47","15-05-2026 00:00:00","14-06-2026 00:00:00","True"
"OTU WA CNE - 104123","c3800da4-49e2-448d-9aac-2288114a1bc2","otuwacne104123.onmicrosoft.com","Microsoft Entra ID P2","2a5796c7-d9f2-452f-deed-2304ff606d69","Microsoft Entra ID P2","Deleted","5","15-05-2026 21:13:07","15-05-2026 00:00:00","14-06-2026 00:00:00","True"
"OTU WA CNE - 104123","c3800da4-49e2-448d-9aac-2288114a1bc2","otuwacne104123.onmicrosoft.com","Azure plan","4817b9a7-09f7-4284-cb07-9cb60a2e874c","Azure plan","Active","1","13-05-2026 04:28:53","13-05-2026 00:00:00","31-12-9999 23:59:59","False"
"OTU WA CNE - 104122","6e05c535-b728-451c-9a0e-97db7f673313","otuwacne104122.onmicrosoft.com","Microsoft Intune Suite","f1e115a4-2cba-4433-c47a-5d352d3d3318","Microsoft Intune Suite","Deleted","2","16-05-2026 09:57:36","16-05-2026 00:00:00","15-06-2026 00:00:00","True"
"OTU WA CNE - 104122","6e05c535-b728-451c-9a0e-97db7f673313","otuwacne104122.onmicrosoft.com","Microsoft Defender Vulnerability Management Add-on","a87401db-99f7-490e-c494-8af4bcd11e9f","Microsoft Defender Vulnerability Management Add-on","Deleted","1","15-05-2026 22:52:56","15-05-2026 00:00:00","14-06-2026 00:00:00","True"
"OTU WA CNE - 104122","6e05c535-b728-451c-9a0e-97db7f673313","otuwacne104122.onmicrosoft.com","Microsoft 365 E5 (no Teams)","c1dd3eea-3509-466e-d6a5-6ce4c316fb69","Microsoft 365 E5 (no Teams)","Deleted","1","15-05-2026 22:18:30","15-05-2026 00:00:00","14-06-2026 00:00:00","True"
"OTU WA CNE - 104122","6e05c535-b728-451c-9a0e-97db7f673313","otuwacne104122.onmicrosoft.com","Microsoft Entra ID P2","f30e3707-e567-4fb2-c2f6-1319e58c2ea2","Microsoft Entra ID P2","Deleted","5","15-05-2026 21:12:44","15-05-2026 00:00:00","14-06-2026 00:00:00","True"
"OTU WA CNE - 104122","6e05c535-b728-451c-9a0e-97db7f673313","otuwacne104122.onmicrosoft.com","Azure plan","8fb6e4be-645f-4101-d61b-e81041a9e95b","Azure plan","Active","1","13-05-2026 04:25:00","13-05-2026 00:00:00","31-12-9999 23:59:59","False"
"OTU WA CNE - 104121","fb1811e9-49d6-4f36-9cfa-9736068ff1c3","otuwacne104121.onmicrosoft.com","Microsoft Intune Suite","292c7453-3371-4b06-d8d4-a719cdbd929c","Microsoft Intune Suite","Deleted","2","16-05-2026 09:57:15","16-05-2026 00:00:00","15-06-2026 00:00:00","True"
"OTU WA CNE - 104121","fb1811e9-49d6-4f36-9cfa-9736068ff1c3","otuwacne104121.onmicrosoft.com","Microsoft Defender Vulnerability Management Add-on","5d822dbd-0f95-4556-d2a8-b44dc2e8b1a6","Microsoft Defender Vulnerability Management Add-on","Deleted","1","15-05-2026 22:52:36","15-05-2026 00:00:00","14-06-2026 00:00:00","True"
"OTU WA CNE - 104121","fb1811e9-49d6-4f36-9cfa-9736068ff1c3","otuwacne104121.onmicrosoft.com","Microsoft 365 E5 (no Teams)","371d20df-97fb-4542-c578-5a7647788bbf","Microsoft 365 E5 (no Teams)","Deleted","1","15-05-2026 22:18:13","15-05-2026 00:00:00","14-06-2026 00:00:00","True"
"OTU WA CNE - 104121","fb1811e9-49d6-4f36-9cfa-9736068ff1c3","otuwacne104121.onmicrosoft.com","Microsoft Entra ID P2","46d848c6-9ce6-4c80-c458-8a12ab73d219","Microsoft Entra ID P2","Deleted","5","15-05-2026 21:12:29","15-05-2026 00:00:00","14-06-2026 00:00:00","True"
"OTU WA CNE - 104121","fb1811e9-49d6-4f36-9cfa-9736068ff1c3","otuwacne104121.onmicrosoft.com","Azure plan","49251192-2a9e-4404-cb1a-3b0f40f32205","Azure plan","Active","1","13-05-2026 04:20:56","13-05-2026 00:00:00","31-12-9999 23:59:59","False"
"OTU WA CNE - 104120","3893deb4-f0fb-4ed9-b757-e61dfa8b3e56","otuwacne104120.onmicrosoft.com","Microsoft Intune Suite","28ba24cb-8ab0-49f3-c883-1930cfe5631e","Microsoft Intune Suite","Deleted","2","16-05-2026 09:56:51","16-05-2026 00:00:00","15-06-2026 00:00:00","True"
"OTU WA CNE - 104120","3893deb4-f0fb-4ed9-b757-e61dfa8b3e56","otuwacne104120.onmicrosoft.com","Microsoft Defender Vulnerability Management Add-on","38cab219-1fd7-4af7-df48-96f4affbe5ba","Microsoft Defender Vulnerability Management Add-on","Deleted","1","15-05-2026 22:52:22","15-05-2026 00:00:00","14-06-2026 00:00:00","True"
"OTU WA CNE - 104120","3893deb4-f0fb-4ed9-b757-e61dfa8b3e56","otuwacne104120.onmicrosoft.com","Microsoft 365 E5 (no Teams)","a0cd3980-779a-4121-c3b5-5f8e26dfc97b","Microsoft 365 E5 (no Teams)","Deleted","1","15-05-2026 22:17:56","15-05-2026 00:00:00","14-06-2026 00:00:00","True"
"OTU WA CNE - 104120","3893deb4-f0fb-4ed9-b757-e61dfa8b3e56","otuwacne104120.onmicrosoft.com","Microsoft Entra ID P2","8db29645-0c9b-4454-c5e9-74bae906d1a4","Microsoft Entra ID P2","Deleted","5","15-05-2026 21:12:13","15-05-2026 00:00:00","14-06-2026 00:00:00","True"
"OTU WA CNE - 104120","3893deb4-f0fb-4ed9-b757-e61dfa8b3e56","otuwacne104120.onmicrosoft.com","Azure plan","55792c92-ecae-44e5-d84a-7b257fc51370","Azure plan","Active","1","13-05-2026 04:17:07","13-05-2026 00:00:00","31-12-9999 23:59:59","False"
"OTU WA CNE - 104119","3be3e040-71c5-44fb-b4dc-7bef5c379b15","otuwacne104119.onmicrosoft.com","Microsoft Intune Suite","d02e922f-743a-4140-c6ac-429d6876304a","Microsoft Intune Suite","Deleted","2","16-05-2026 09:56:29","16-05-2026 00:00:00","15-06-2026 00:00:00","True"
"OTU WA CNE - 104119","3be3e040-71c5-44fb-b4dc-7bef5c379b15","otuwacne104119.onmicrosoft.com","Microsoft Defender Vulnerability Management Add-on","f300674f-d83a-4f07-df56-f7ac66ce27dd","Microsoft Defender Vulnerability Management Add-on","Deleted","1","15-05-2026 23:55:23","15-05-2026 00:00:00","14-06-2026 00:00:00","True"
"OTU WA CNE - 104119","3be3e040-71c5-44fb-b4dc-7bef5c379b15","otuwacne104119.onmicrosoft.com","Microsoft 365 E5 (no Teams)","c8818ca8-24b2-4ac5-df7f-4641498520ea","Microsoft 365 E5 (no Teams)","Deleted","1","15-05-2026 23:13:41","15-05-2026 00:00:00","14-06-2026 00:00:00","True"
"OTU WA CNE - 104119","3be3e040-71c5-44fb-b4dc-7bef5c379b15","otuwacne104119.onmicrosoft.com","Microsoft Entra ID P2","0539bf1a-0978-4830-d85d-e39e4681527a","Microsoft Entra ID P2","Deleted","5","15-05-2026 21:11:53","15-05-2026 00:00:00","14-06-2026 00:00:00","True"
"OTU WA CNE - 104119","3be3e040-71c5-44fb-b4dc-7bef5c379b15","otuwacne104119.onmicrosoft.com","Azure plan","e4096349-b0af-4af7-cb23-03266c02f65c","Azure plan","Active","1","13-05-2026 03:54:22","13-05-2026 00:00:00","31-12-9999 23:59:59","False"
"OTU WA CNE - 104118","bda74783-ac25-4e0c-8819-7b3e5bb8a334","otuwacne104118.onmicrosoft.com","Microsoft Intune Suite","8e5cc93c-c2d9-4441-d369-9451d0f0a976","Microsoft Intune Suite","Deleted","2","16-05-2026 09:56:12","16-05-2026 00:00:00","15-06-2026 00:00:00","True"
"OTU WA CNE - 104118","bda74783-ac25-4e0c-8819-7b3e5bb8a334","otuwacne104118.onmicrosoft.com","Microsoft Defender Vulnerability Management Add-on","aca3ed4d-eab8-4c8a-c15c-96bc16aff467","Microsoft Defender Vulnerability Management Add-on","Deleted","2","15-05-2026 22:52:06","15-05-2026 00:00:00","14-06-2026 00:00:00","True"
"OTU WA CNE - 104118","bda74783-ac25-4e0c-8819-7b3e5bb8a334","otuwacne104118.onmicrosoft.com","Microsoft 365 E5 (no Teams)","3e40eaa4-ca75-4879-cfa5-3ef15eb096ca","Microsoft 365 E5 (no Teams)","Deleted","1","15-05-2026 22:17:33","15-05-2026 00:00:00","14-06-2026 00:00:00","True"
"OTU WA CNE - 104118","bda74783-ac25-4e0c-8819-7b3e5bb8a334","otuwacne104118.onmicrosoft.com","Microsoft Entra ID P2","dfcd1853-a52b-4e66-d578-c6a39d01e4f1","Microsoft Entra ID P2","Deleted","5","15-05-2026 21:11:18","15-05-2026 00:00:00","14-06-2026 00:00:00","True"
"OTU WA CNE - 104118","bda74783-ac25-4e0c-8819-7b3e5bb8a334","otuwacne104118.onmicrosoft.com","Azure plan","1e741c02-0c09-4399-d66c-deee80af961f","Azure plan","Active","1","13-05-2026 04:13:06","13-05-2026 00:00:00","31-12-9999 23:59:59","False"
"OTU WA CNE - 104117","89488c30-61d2-4fe6-a3be-d6cd958e117e","otuwacne104117.onmicrosoft.com","Microsoft Intune Suite","0cc91129-a3cc-4c50-de58-6e1c48dfdc33","Microsoft Intune Suite","Deleted","2","16-05-2026 09:55:49","16-05-2026 00:00:00","15-06-2026 00:00:00","True"
"OTU WA CNE - 104117","89488c30-61d2-4fe6-a3be-d6cd958e117e","otuwacne104117.onmicrosoft.com","Microsoft Defender Vulnerability Management Add-on","fd2e57af-228e-4e64-c836-50b135c4e6a2","Microsoft Defender Vulnerability Management Add-on","Deleted","2","15-05-2026 22:51:50","15-05-2026 00:00:00","14-06-2026 00:00:00","True"
"OTU WA CNE - 104117","89488c30-61d2-4fe6-a3be-d6cd958e117e","otuwacne104117.onmicrosoft.com","Microsoft 365 E5 (no Teams)","0d61d7ad-629d-496b-cb13-5caea20f9d0b","Microsoft 365 E5 (no Teams)","Deleted","1","15-05-2026 22:17:16","15-05-2026 00:00:00","14-06-2026 00:00:00","True"
"OTU WA CNE - 104117","89488c30-61d2-4fe6-a3be-d6cd958e117e","otuwacne104117.onmicrosoft.com","Microsoft Entra ID P2","2fd0bd15-978b-4c59-d7fa-e7faa7617b28","Microsoft Entra ID P2","Deleted","5","15-05-2026 21:10:53","15-05-2026 00:00:00","14-06-2026 00:00:00","True"
"OTU WA CNE - 104117","89488c30-61d2-4fe6-a3be-d6cd958e117e","otuwacne104117.onmicrosoft.com","Azure plan","112dc3f6-73c0-46cb-cfcf-80854a3e2a88","Azure plan","Active","1","13-05-2026 04:09:02","13-05-2026 00:00:00","31-12-9999 23:59:59","False"
"OTU WA CNE - 104116","071e107f-2c66-4d45-aba1-c89db3e330ad","otuwacne104116.onmicrosoft.com","Microsoft Intune Suite","bf045ccc-c5b0-4c4d-dd9d-000dbabf809c","Microsoft Intune Suite","Deleted","2","16-05-2026 09:55:24","16-05-2026 00:00:00","15-06-2026 00:00:00","True"
"OTU WA CNE - 104116","071e107f-2c66-4d45-aba1-c89db3e330ad","otuwacne104116.onmicrosoft.com","Microsoft Defender Vulnerability Management Add-on","82e440d5-262a-457f-d974-388e7401fa2e","Microsoft Defender Vulnerability Management Add-on","Deleted","2","15-05-2026 22:51:12","15-05-2026 00:00:00","14-06-2026 00:00:00","True"
"OTU WA CNE - 104116","071e107f-2c66-4d45-aba1-c89db3e330ad","otuwacne104116.onmicrosoft.com","Microsoft 365 E5 (no Teams)","f02201de-3b47-4adf-c41a-33c05de267c8","Microsoft 365 E5 (no Teams)","Deleted","1","15-05-2026 22:16:59","15-05-2026 00:00:00","14-06-2026 00:00:00","True"
"OTU WA CNE - 104116","071e107f-2c66-4d45-aba1-c89db3e330ad","otuwacne104116.onmicrosoft.com","Microsoft Entra ID P2","885c8005-6265-45aa-da44-7a648a59728b","Microsoft Entra ID P2","Deleted","5","15-05-2026 21:11:36","15-05-2026 00:00:00","14-06-2026 00:00:00","True"
"OTU WA CNE - 104116","071e107f-2c66-4d45-aba1-c89db3e330ad","otuwacne104116.onmicrosoft.com","Azure plan","0500bd5e-66c8-4d67-c8d0-ffa178183015","Azure plan","Active","1","13-05-2026 04:04:56","13-05-2026 00:00:00","31-12-9999 23:59:59","False"
"OTU WA CNE - 104115","a8a5bc5b-f340-4f94-8ccc-aa2584c9990c","otuwacne104115.onmicrosoft.com","Microsoft Intune Suite","01c09973-919b-4328-c14f-607967c343e9","Microsoft Intune Suite","Deleted","2","16-05-2026 09:55:05","16-05-2026 00:00:00","15-06-2026 00:00:00","True"
"OTU WA CNE - 104115","a8a5bc5b-f340-4f94-8ccc-aa2584c9990c","otuwacne104115.onmicrosoft.com","Microsoft Defender Vulnerability Management Add-on","e5f35f95-b98b-46c8-dd29-3f88c92f7011","Microsoft Defender Vulnerability Management Add-on","Deleted","2","15-05-2026 22:50:54","15-05-2026 00:00:00","14-06-2026 00:00:00","True"
"OTU WA CNE - 104115","a8a5bc5b-f340-4f94-8ccc-aa2584c9990c","otuwacne104115.onmicrosoft.com","Microsoft 365 E5 (no Teams)","26a25101-6323-4d20-d11a-761d479390a4","Microsoft 365 E5 (no Teams)","Deleted","1","15-05-2026 22:16:40","15-05-2026 00:00:00","14-06-2026 00:00:00","True"
"OTU WA CNE - 104115","a8a5bc5b-f340-4f94-8ccc-aa2584c9990c","otuwacne104115.onmicrosoft.com","Microsoft Entra ID P2","96ef36c0-c376-4b5c-c3d3-0e76e5d3516e","Microsoft Entra ID P2","Deleted","5","15-05-2026 21:10:17","15-05-2026 00:00:00","14-06-2026 00:00:00","True"
"OTU WA CNE - 104115","a8a5bc5b-f340-4f94-8ccc-aa2584c9990c","otuwacne104115.onmicrosoft.com","Azure plan","7eea4850-f613-45c1-c8bd-01b54c230a6b","Azure plan","Active","1","12-05-2026 18:09:50","12-05-2026 00:00:00","31-12-9999 23:59:59","False"
"OTU WA CNE - 104114","1039fe82-b430-4ea1-8e5e-b480d95cd15a","otuwacne104114.onmicrosoft.com","Microsoft Intune Suite","02e94801-4ad1-44f1-d962-921b633e7c64","Microsoft Intune Suite","Deleted","2","16-05-2026 09:54:48","16-05-2026 00:00:00","15-06-2026 00:00:00","True"
"OTU WA CNE - 104114","1039fe82-b430-4ea1-8e5e-b480d95cd15a","otuwacne104114.onmicrosoft.com","Microsoft Defender Vulnerability Management Add-on","989f6e5d-3b02-4c9d-cfb5-31ceb46d9021","Microsoft Defender Vulnerability Management Add-on","Deleted","2","15-05-2026 22:50:39","15-05-2026 00:00:00","14-06-2026 00:00:00","True"
"OTU WA CNE - 104114","1039fe82-b430-4ea1-8e5e-b480d95cd15a","otuwacne104114.onmicrosoft.com","Microsoft 365 E5 (no Teams)","43792c4f-4374-403b-ce88-3ab7041abff4","Microsoft 365 E5 (no Teams)","Deleted","1","15-05-2026 22:16:22","15-05-2026 00:00:00","14-06-2026 00:00:00","True"
"OTU WA CNE - 104114","1039fe82-b430-4ea1-8e5e-b480d95cd15a","otuwacne104114.onmicrosoft.com","Microsoft Entra ID P2","a0cc2246-b964-4e2a-c2ba-77075717dc67","Microsoft Entra ID P2","Deleted","5","15-05-2026 21:09:56","15-05-2026 00:00:00","14-06-2026 00:00:00","True"
"OTU WA CNE - 104114","1039fe82-b430-4ea1-8e5e-b480d95cd15a","otuwacne104114.onmicrosoft.com","Azure plan","029f7db0-a651-4ee7-daa3-212d16c6e2de","Azure plan","Active","1","12-05-2026 18:05:46","12-05-2026 00:00:00","31-12-9999 23:59:59","False"
"OTU WA CNE - 104113","a4746cf3-e9be-4060-9657-1aaa2af0012b","otuwacne104113.onmicrosoft.com","Microsoft Intune Suite","1ecf3498-a6f4-4f27-c5e2-2e5167e44985","Microsoft Intune Suite","Deleted","2","16-05-2026 09:54:30","16-05-2026 00:00:00","15-06-2026 00:00:00","True"
"OTU WA CNE - 104113","a4746cf3-e9be-4060-9657-1aaa2af0012b","otuwacne104113.onmicrosoft.com","Microsoft Defender Vulnerability Management Add-on","3c072d22-d140-4ebb-d2f2-ce716d4bd04d","Microsoft Defender Vulnerability Management Add-on","Deleted","2","15-05-2026 22:50:24","15-05-2026 00:00:00","14-06-2026 00:00:00","True"
"OTU WA CNE - 104113","a4746cf3-e9be-4060-9657-1aaa2af0012b","otuwacne104113.onmicrosoft.com","Microsoft 365 E5 (no Teams)","ee636fe2-161a-458d-c7da-678c0f826f22","Microsoft 365 E5 (no Teams)","Deleted","1","15-05-2026 22:15:58","15-05-2026 00:00:00","14-06-2026 00:00:00","True"
"OTU WA CNE - 104113","a4746cf3-e9be-4060-9657-1aaa2af0012b","otuwacne104113.onmicrosoft.com","Microsoft Entra ID P2","42786c85-f1ed-4342-dfb5-79fbaf17971b","Microsoft Entra ID P2","Deleted","5","15-05-2026 21:09:40","15-05-2026 00:00:00","14-06-2026 00:00:00","True"
"OTU WA CNE - 104113","a4746cf3-e9be-4060-9657-1aaa2af0012b","otuwacne104113.onmicrosoft.com","Azure plan","c8c318e4-d0e4-4438-c4c3-054bebc576a8","Azure plan","Active","1","12-05-2026 18:01:52","12-05-2026 00:00:00","31-12-9999 23:59:59","False"
"OTU WA CNE - 104112","d40beacd-20c1-422b-853a-ef84450b9ac7","otuwacne104112.onmicrosoft.com","Microsoft Intune Suite","1806a33e-f0c5-4710-d208-5032be251a52","Microsoft Intune Suite","Deleted","2","16-05-2026 09:54:06","16-05-2026 00:00:00","15-06-2026 00:00:00","True"
"OTU WA CNE - 104112","d40beacd-20c1-422b-853a-ef84450b9ac7","otuwacne104112.onmicrosoft.com","Microsoft Defender Vulnerability Management Add-on","ce3372ac-4802-4048-c883-266f1fcdcdfd","Microsoft Defender Vulnerability Management Add-on","Deleted","2","15-05-2026 22:50:10","15-05-2026 00:00:00","14-06-2026 00:00:00","True"
"OTU WA CNE - 104112","d40beacd-20c1-422b-853a-ef84450b9ac7","otuwacne104112.onmicrosoft.com","Microsoft 365 E5 (no Teams)","e121ea50-66aa-4bc4-da4f-6ac8132be710","Microsoft 365 E5 (no Teams)","Deleted","1","15-05-2026 22:15:37","15-05-2026 00:00:00","14-06-2026 00:00:00","True"
"OTU WA CNE - 104112","d40beacd-20c1-422b-853a-ef84450b9ac7","otuwacne104112.onmicrosoft.com","Microsoft Entra ID P2","b1949a4d-b95d-4bff-c64f-6634e07a4bd5","Microsoft Entra ID P2","Deleted","5","15-05-2026 21:09:02","15-05-2026 00:00:00","14-06-2026 00:00:00","True"
"OTU WA CNE - 104112","d40beacd-20c1-422b-853a-ef84450b9ac7","otuwacne104112.onmicrosoft.com","Azure plan","8267de22-722a-474a-d0f4-3d2e896a30bb","Azure plan","Active","1","12-05-2026 17:58:01","12-05-2026 00:00:00","31-12-9999 23:59:59","False"
"OTU WA CNE - 104111","66ae8b26-1fa0-4041-8eb4-0379ab27cde7","otuwacne104111.onmicrosoft.com","Microsoft 365 E5 (no Teams)","638527f9-4831-4c30-d039-3887b4519e59","Microsoft 365 E5 (no Teams)","Active","1","22-05-2026 18:21:02","22-05-2026 00:00:00","21-06-2026 00:00:00","True"
"OTU WA CNE - 104111","66ae8b26-1fa0-4041-8eb4-0379ab27cde7","otuwacne104111.onmicrosoft.com","Microsoft Intune Suite","f755f3c5-a391-4459-d6ab-2f9aa12122fb","Microsoft Intune Suite","Deleted","2","16-05-2026 09:53:47","16-05-2026 00:00:00","15-06-2026 00:00:00","True"
"OTU WA CNE - 104111","66ae8b26-1fa0-4041-8eb4-0379ab27cde7","otuwacne104111.onmicrosoft.com","Microsoft Defender Vulnerability Management Add-on","4c52ec8c-7b60-4697-d0a3-0500fe8afe72","Microsoft Defender Vulnerability Management Add-on","Deleted","2","15-05-2026 22:49:54","15-05-2026 00:00:00","14-06-2026 00:00:00","True"
"OTU WA CNE - 104111","66ae8b26-1fa0-4041-8eb4-0379ab27cde7","otuwacne104111.onmicrosoft.com","Microsoft 365 E5 (no Teams)","c605185c-2ca7-4c90-c835-62914455049e","Microsoft 365 E5 (no Teams)","Deleted","1","15-05-2026 22:15:19","15-05-2026 00:00:00","14-06-2026 00:00:00","True"
"OTU WA CNE - 104111","66ae8b26-1fa0-4041-8eb4-0379ab27cde7","otuwacne104111.onmicrosoft.com","Microsoft Entra ID P2","5ee3437e-1b48-4c0e-cda8-289ae6b185fa","Microsoft Entra ID P2","Deleted","5","15-05-2026 21:09:21","15-05-2026 00:00:00","14-06-2026 00:00:00","True"
"OTU WA CNE - 104111","66ae8b26-1fa0-4041-8eb4-0379ab27cde7","otuwacne104111.onmicrosoft.com","Azure plan","20c8a788-31ac-4b66-c274-05eee18a9ef1","Azure plan","Active","1","12-05-2026 17:54:00","12-05-2026 00:00:00","31-12-9999 23:59:59","False"
"OTU WA CNE - 104110","87a94d19-c052-4609-a60b-d1b6e8780e72","otuwacne104110.onmicrosoft.com","Microsoft Intune Suite","bac1f2d2-7e9b-4620-d3bb-aa6b4e5f9d82","Microsoft Intune Suite","Deleted","2","16-05-2026 09:53:25","16-05-2026 00:00:00","15-06-2026 00:00:00","True"
"OTU WA CNE - 104110","87a94d19-c052-4609-a60b-d1b6e8780e72","otuwacne104110.onmicrosoft.com","Microsoft Defender Vulnerability Management Add-on","627e3a96-b0c9-4ead-cb89-6d15b15c3ca2","Microsoft Defender Vulnerability Management Add-on","Deleted","2","15-05-2026 22:49:38","15-05-2026 00:00:00","14-06-2026 00:00:00","True"
"OTU WA CNE - 104110","87a94d19-c052-4609-a60b-d1b6e8780e72","otuwacne104110.onmicrosoft.com","Microsoft 365 E5 (no Teams)","1f9c28c1-030b-44dd-ce35-30c93e7f3f39","Microsoft 365 E5 (no Teams)","Deleted","1","15-05-2026 22:14:57","15-05-2026 00:00:00","14-06-2026 00:00:00","True"
"OTU WA CNE - 104110","87a94d19-c052-4609-a60b-d1b6e8780e72","otuwacne104110.onmicrosoft.com","Microsoft Entra ID P2","280a8742-dc61-4bcc-c119-792461824c36","Microsoft Entra ID P2","Deleted","5","15-05-2026 21:08:43","15-05-2026 00:00:00","14-06-2026 00:00:00","True"
"OTU WA CNE - 104110","87a94d19-c052-4609-a60b-d1b6e8780e72","otuwacne104110.onmicrosoft.com","Azure plan","f3947f76-e103-4501-d067-7f42579c177c","Azure plan","Active","1","12-05-2026 17:50:08","12-05-2026 00:00:00","31-12-9999 23:59:59","False"
"OTU WA CNE - 104109","40e3ec6d-6854-4956-b079-6c6422460edf","otuwacne104109.onmicrosoft.com","Microsoft Intune Suite","46704449-f049-4800-d704-484fc3029fb1","Microsoft Intune Suite","Deleted","2","16-05-2026 09:52:57","16-05-2026 00:00:00","15-06-2026 00:00:00","True"
"OTU WA CNE - 104109","40e3ec6d-6854-4956-b079-6c6422460edf","otuwacne104109.onmicrosoft.com","Microsoft Defender Vulnerability Management Add-on","d36d4b69-e154-4963-c22e-d71611381b37","Microsoft Defender Vulnerability Management Add-on","Deleted","2","15-05-2026 22:49:16","15-05-2026 00:00:00","14-06-2026 00:00:00","True"
"OTU WA CNE - 104109","40e3ec6d-6854-4956-b079-6c6422460edf","otuwacne104109.onmicrosoft.com","Microsoft 365 E5 (no Teams)","88f240c3-b9d5-4d47-de94-309c3d84cf98","Microsoft 365 E5 (no Teams)","Deleted","1","15-05-2026 22:14:38","15-05-2026 00:00:00","14-06-2026 00:00:00","True"
"OTU WA CNE - 104109","40e3ec6d-6854-4956-b079-6c6422460edf","otuwacne104109.onmicrosoft.com","Microsoft Entra ID P2","71406e48-15b7-480f-d4bd-752d254172a4","Microsoft Entra ID P2","Deleted","5","15-05-2026 21:10:37","15-05-2026 00:00:00","14-06-2026 00:00:00","True"
"OTU WA CNE - 104109","40e3ec6d-6854-4956-b079-6c6422460edf","otuwacne104109.onmicrosoft.com","Azure plan","3b6660bc-c36c-4db5-cc46-423450dda274","Azure plan","Active","1","12-05-2026 17:46:07","12-05-2026 00:00:00","31-12-9999 23:59:59","False"
"OTU WA CNE - 104108","b275cdc4-7e0e-4120-9e01-ab42741fc6aa","otuwacne104108.onmicrosoft.com","Microsoft 365 E5 (no Teams)","9d940d00-d3f8-4c35-c9ab-8c31d2d0bb52","Microsoft 365 E5 (no Teams)","Active","1","22-05-2026 19:18:21","22-05-2026 00:00:00","21-06-2026 00:00:00","True"
"OTU WA CNE - 104108","b275cdc4-7e0e-4120-9e01-ab42741fc6aa","otuwacne104108.onmicrosoft.com","Microsoft Intune Suite","58d006b1-2320-40fa-c0d0-d88295b1285f","Microsoft Intune Suite","Deleted","2","16-05-2026 09:52:36","16-05-2026 00:00:00","15-06-2026 00:00:00","True"
"OTU WA CNE - 104108","b275cdc4-7e0e-4120-9e01-ab42741fc6aa","otuwacne104108.onmicrosoft.com","Microsoft Defender Vulnerability Management Add-on","9d7e3dd0-45e3-4487-c425-c02d3515ec20","Microsoft Defender Vulnerability Management Add-on","Deleted","2","15-05-2026 22:48:59","15-05-2026 00:00:00","14-06-2026 00:00:00","True"
"OTU WA CNE - 104108","b275cdc4-7e0e-4120-9e01-ab42741fc6aa","otuwacne104108.onmicrosoft.com","Microsoft 365 E5 (no Teams)","cf83b06a-6994-4a90-d854-1ea6c05e898c","Microsoft 365 E5 (no Teams)","Deleted","1","15-05-2026 22:14:16","15-05-2026 00:00:00","14-06-2026 00:00:00","True"
"OTU WA CNE - 104108","b275cdc4-7e0e-4120-9e01-ab42741fc6aa","otuwacne104108.onmicrosoft.com","Microsoft Entra ID P2","49890bee-91b0-4952-d831-b05d06be69d0","Microsoft Entra ID P2","Deleted","5","15-05-2026 21:08:25","15-05-2026 00:00:00","14-06-2026 00:00:00","True"
"OTU WA CNE - 104108","b275cdc4-7e0e-4120-9e01-ab42741fc6aa","otuwacne104108.onmicrosoft.com","Azure plan","d5506196-38c8-4275-c157-10c6c967ed06","Azure plan","Active","1","12-05-2026 19:29:04","12-05-2026 00:00:00","31-12-9999 23:59:59","False"
"OTU WA CNE - 104107","36d0b1fc-cf54-4db5-bad9-52acf31bb1e3","otuwacne104107.onmicrosoft.com","Microsoft Intune Suite","0716da17-d3be-4911-cafc-7fa3ce7978dc","Microsoft Intune Suite","Deleted","2","16-05-2026 09:52:14","16-05-2026 00:00:00","15-06-2026 00:00:00","True"
"OTU WA CNE - 104107","36d0b1fc-cf54-4db5-bad9-52acf31bb1e3","otuwacne104107.onmicrosoft.com","Microsoft Defender Vulnerability Management Add-on","e2a1c329-b486-4642-d174-cd5a8671478b","Microsoft Defender Vulnerability Management Add-on","Deleted","2","15-05-2026 22:48:39","15-05-2026 00:00:00","14-06-2026 00:00:00","True"
"OTU WA CNE - 104107","36d0b1fc-cf54-4db5-bad9-52acf31bb1e3","otuwacne104107.onmicrosoft.com","Microsoft 365 E5 (no Teams)","36c7d2e6-5610-4844-d19a-294c72eb1fea","Microsoft 365 E5 (no Teams)","Deleted","1","15-05-2026 22:13:58","15-05-2026 00:00:00","14-06-2026 00:00:00","True"
"OTU WA CNE - 104107","36d0b1fc-cf54-4db5-bad9-52acf31bb1e3","otuwacne104107.onmicrosoft.com","Microsoft Entra ID P2","e3458dfa-9117-497f-c10b-428a2b05e7a7","Microsoft Entra ID P2","Deleted","5","15-05-2026 21:07:46","15-05-2026 00:00:00","14-06-2026 00:00:00","True"
"OTU WA CNE - 104107","36d0b1fc-cf54-4db5-bad9-52acf31bb1e3","otuwacne104107.onmicrosoft.com","Azure plan","e15c6f61-61b2-4bba-d8fa-8efb7fba18ca","Azure plan","Active","1","12-05-2026 17:42:14","12-05-2026 00:00:00","31-12-9999 23:59:59","False"
"OTU WA CNE - 104106","da6307bd-eed0-4402-89b8-0f5cec6c93f3","otuwacne104106.onmicrosoft.com","Microsoft Intune Suite","664b0024-69ba-44f0-d1fc-1b02f3714b80","Microsoft Intune Suite","Deleted","2","16-05-2026 09:51:56","16-05-2026 00:00:00","15-06-2026 00:00:00","True"
"OTU WA CNE - 104106","da6307bd-eed0-4402-89b8-0f5cec6c93f3","otuwacne104106.onmicrosoft.com","Microsoft Defender Vulnerability Management Add-on","569393bf-940b-4f1c-c708-52a932ee3953","Microsoft Defender Vulnerability Management Add-on","Deleted","2","15-05-2026 22:48:18","15-05-2026 00:00:00","14-06-2026 00:00:00","True"
"OTU WA CNE - 104106","da6307bd-eed0-4402-89b8-0f5cec6c93f3","otuwacne104106.onmicrosoft.com","Microsoft 365 E5 (no Teams)","488dd87e-db38-44e9-db49-e94d5368aa92","Microsoft 365 E5 (no Teams)","Deleted","1","15-05-2026 22:13:41","15-05-2026 00:00:00","14-06-2026 00:00:00","True"
"OTU WA CNE - 104106","da6307bd-eed0-4402-89b8-0f5cec6c93f3","otuwacne104106.onmicrosoft.com","Microsoft Entra ID P2","5f3521ab-ac55-4458-c16d-679060f60c4d","Microsoft Entra ID P2","Deleted","5","15-05-2026 21:08:06","15-05-2026 00:00:00","14-06-2026 00:00:00","True"
"OTU WA CNE - 104106","da6307bd-eed0-4402-89b8-0f5cec6c93f3","otuwacne104106.onmicrosoft.com","Azure plan","2e72a407-d74d-4923-d1bf-fae2371ec4cc","Azure plan","Active","1","12-05-2026 19:25:12","12-05-2026 00:00:00","31-12-9999 23:59:59","False"
"OTU WA CNE - 104105","7527fd43-9ae6-4828-8acb-1477c5b38822","otuwacne104105.onmicrosoft.com","Microsoft Intune Suite","6c0cadff-0a76-45a3-dc2c-c4e7bde4d7a4","Microsoft Intune Suite","Deleted","2","16-05-2026 09:51:31","16-05-2026 00:00:00","15-06-2026 00:00:00","True"
"OTU WA CNE - 104105","7527fd43-9ae6-4828-8acb-1477c5b38822","otuwacne104105.onmicrosoft.com","Microsoft Defender Vulnerability Management Add-on","57ac88ec-bcbd-4c57-d165-7aa16ed201c7","Microsoft Defender Vulnerability Management Add-on","Deleted","2","15-05-2026 22:48:00","15-05-2026 00:00:00","14-06-2026 00:00:00","True"
"OTU WA CNE - 104105","7527fd43-9ae6-4828-8acb-1477c5b38822","otuwacne104105.onmicrosoft.com","Microsoft 365 E5 (no Teams)","d217d3c2-7d21-4521-c980-bfb7537efd8a","Microsoft 365 E5 (no Teams)","Deleted","1","15-05-2026 22:13:20","15-05-2026 00:00:00","14-06-2026 00:00:00","True"
"OTU WA CNE - 104105","7527fd43-9ae6-4828-8acb-1477c5b38822","otuwacne104105.onmicrosoft.com","Microsoft Entra ID P2","e87960bb-91f5-4a24-d32d-200b50ae3982","Microsoft Entra ID P2","Deleted","5","15-05-2026 21:07:27","15-05-2026 00:00:00","14-06-2026 00:00:00","True"
"OTU WA CNE - 104105","7527fd43-9ae6-4828-8acb-1477c5b38822","otuwacne104105.onmicrosoft.com","Azure plan","5f8f5f40-90db-48f6-cf37-3dc10ee6e9bf","Azure plan","Active","1","12-05-2026 17:38:12","12-05-2026 00:00:00","31-12-9999 23:59:59","False"
"OTU WA CNE - 104104","24c99700-fdc7-45f8-a8c2-33c0c28abec8","otuwacne104104.onmicrosoft.com","Microsoft Intune Suite","bbaa0bbb-24fc-46b0-dfee-afd5780b0274","Microsoft Intune Suite","Deleted","2","16-05-2026 09:51:10","16-05-2026 00:00:00","15-06-2026 00:00:00","True"
"OTU WA CNE - 104104","24c99700-fdc7-45f8-a8c2-33c0c28abec8","otuwacne104104.onmicrosoft.com","Microsoft Defender Vulnerability Management Add-on","e51b1b0e-f8f4-45e1-ddcd-19213d801429","Microsoft Defender Vulnerability Management Add-on","Deleted","2","15-05-2026 22:47:45","15-05-2026 00:00:00","14-06-2026 00:00:00","True"
"OTU WA CNE - 104104","24c99700-fdc7-45f8-a8c2-33c0c28abec8","otuwacne104104.onmicrosoft.com","Microsoft 365 E5 (no Teams)","87e7fa35-bdb8-43f9-ced1-62789a6fec6c","Microsoft 365 E5 (no Teams)","Deleted","1","15-05-2026 22:12:56","15-05-2026 00:00:00","14-06-2026 00:00:00","True"
"OTU WA CNE - 104104","24c99700-fdc7-45f8-a8c2-33c0c28abec8","otuwacne104104.onmicrosoft.com","Microsoft Entra ID P2","251012c7-e2c0-4d8c-c0c7-a482c468e60b","Microsoft Entra ID P2","Deleted","5","15-05-2026 21:07:05","15-05-2026 00:00:00","14-06-2026 00:00:00","True"
"OTU WA CNE - 104104","24c99700-fdc7-45f8-a8c2-33c0c28abec8","otuwacne104104.onmicrosoft.com","Azure plan","c05d44a8-f6e2-47bf-c36b-fedd06cb7c60","Azure plan","Active","1","12-05-2026 17:34:24","12-05-2026 00:00:00","31-12-9999 23:59:59","False"
"OTU WA CNE - 104103","cd16277f-fbbb-4f3b-8880-591e19913111","otuwacne104103.onmicrosoft.com","Microsoft Intune Suite","2fff7b1f-6e95-41fd-d55f-cc3c27b458e2","Microsoft Intune Suite","Deleted","2","16-05-2026 09:50:52","16-05-2026 00:00:00","15-06-2026 00:00:00","True"
"OTU WA CNE - 104103","cd16277f-fbbb-4f3b-8880-591e19913111","otuwacne104103.onmicrosoft.com","Microsoft Defender Vulnerability Management Add-on","327ea9d9-4341-4b26-ca94-84b53f4924d5","Microsoft Defender Vulnerability Management Add-on","Deleted","2","15-05-2026 22:47:29","15-05-2026 00:00:00","14-06-2026 00:00:00","True"
"OTU WA CNE - 104103","cd16277f-fbbb-4f3b-8880-591e19913111","otuwacne104103.onmicrosoft.com","Microsoft 365 E5 (no Teams)","ab16f5ab-b890-4794-dbe9-05f0113f7ec4","Microsoft 365 E5 (no Teams)","Deleted","1","15-05-2026 22:12:38","15-05-2026 00:00:00","14-06-2026 00:00:00","True"
"OTU WA CNE - 104103","cd16277f-fbbb-4f3b-8880-591e19913111","otuwacne104103.onmicrosoft.com","Microsoft Entra ID P2","8baebf41-a26b-4e92-dd6b-c082af190190","Microsoft Entra ID P2","Deleted","5","15-05-2026 21:06:00","15-05-2026 00:00:00","14-06-2026 00:00:00","True"
"OTU WA CNE - 104103","cd16277f-fbbb-4f3b-8880-591e19913111","otuwacne104103.onmicrosoft.com","Azure plan","ce854c20-fc3d-4c8c-df01-103eddc96512","Azure plan","Active","1","12-05-2026 17:30:25","12-05-2026 00:00:00","31-12-9999 23:59:59","False"
"OTU WA CNE - 104102","cd591841-6899-48ac-b3e5-cf74dcb8adce","otuwacne104102.onmicrosoft.com","Microsoft Intune Suite","9e1224c6-7dd9-4ae4-c18f-39c7e0f91af9","Microsoft Intune Suite","Deleted","2","16-05-2026 09:50:35","16-05-2026 00:00:00","15-06-2026 00:00:00","True"
"OTU WA CNE - 104102","cd591841-6899-48ac-b3e5-cf74dcb8adce","otuwacne104102.onmicrosoft.com","Microsoft Defender Vulnerability Management Add-on","c59f5fe7-76b3-405b-dcee-556e83447b6a","Microsoft Defender Vulnerability Management Add-on","Deleted","2","15-05-2026 22:47:12","15-05-2026 00:00:00","14-06-2026 00:00:00","True"
"OTU WA CNE - 104102","cd591841-6899-48ac-b3e5-cf74dcb8adce","otuwacne104102.onmicrosoft.com","Microsoft 365 E5 (no Teams)","93f78d81-2849-461c-d2af-af36867c202e","Microsoft 365 E5 (no Teams)","Deleted","1","15-05-2026 22:12:16","15-05-2026 00:00:00","14-06-2026 00:00:00","True"
"OTU WA CNE - 104102","cd591841-6899-48ac-b3e5-cf74dcb8adce","otuwacne104102.onmicrosoft.com","Microsoft Entra ID P2","9346a4e9-dfb1-4075-dd31-d47ca03f60cf","Microsoft Entra ID P2","Deleted","5","15-05-2026 21:06:40","15-05-2026 00:00:00","14-06-2026 00:00:00","True"
"OTU WA CNE - 104102","cd591841-6899-48ac-b3e5-cf74dcb8adce","otuwacne104102.onmicrosoft.com","Azure plan","d5c625f8-9d20-48bf-ceb0-eead0e30e66e","Azure plan","Active","1","12-05-2026 17:26:34","12-05-2026 00:00:00","31-12-9999 23:59:59","False"
"OTU WA CNE - 104101","89aad810-ad6f-4ff0-9d86-adbef742e953","otuwacne104101.onmicrosoft.com","Microsoft Intune Suite","ef1597ba-d000-4fbf-c5c2-c2809869d361","Microsoft Intune Suite","Deleted","2","16-05-2026 09:50:13","16-05-2026 00:00:00","15-06-2026 00:00:00","True"
"OTU WA CNE - 104101","89aad810-ad6f-4ff0-9d86-adbef742e953","otuwacne104101.onmicrosoft.com","Microsoft Defender Vulnerability Management Add-on","f176a460-7cc0-4208-c3a7-abb761dc560e","Microsoft Defender Vulnerability Management Add-on","Deleted","2","15-05-2026 22:46:57","15-05-2026 00:00:00","14-06-2026 00:00:00","True"
"OTU WA CNE - 104101","89aad810-ad6f-4ff0-9d86-adbef742e953","otuwacne104101.onmicrosoft.com","Microsoft 365 E5 (no Teams)","83a5dc72-6861-408b-d035-218f94b94b30","Microsoft 365 E5 (no Teams)","Deleted","1","15-05-2026 22:11:52","15-05-2026 00:00:00","14-06-2026 00:00:00","True"
"OTU WA CNE - 104101","89aad810-ad6f-4ff0-9d86-adbef742e953","otuwacne104101.onmicrosoft.com","Microsoft Entra ID P2","767e546d-66f5-496c-c1a6-52a466793bbd","Microsoft Entra ID P2","Deleted","5","15-05-2026 21:05:29","15-05-2026 00:00:00","14-06-2026 00:00:00","True"
"OTU WA CNE - 104101","89aad810-ad6f-4ff0-9d86-adbef742e953","otuwacne104101.onmicrosoft.com","Azure plan","ca87830e-1618-484e-ca63-8f16bb6f6363","Azure plan","Active","1","12-05-2026 17:22:39","12-05-2026 00:00:00","31-12-9999 23:59:59","False"
"OTU WA CNE - 104100","ffa720c8-8323-40c0-beb7-05e89a8becbe","otuwacne104100.onmicrosoft.com","Microsoft Intune Suite","8e5c3130-f7be-4ae5-c764-25e54205b346","Microsoft Intune Suite","Deleted","2","16-05-2026 09:49:54","16-05-2026 00:00:00","15-06-2026 00:00:00","True"
"OTU WA CNE - 104100","ffa720c8-8323-40c0-beb7-05e89a8becbe","otuwacne104100.onmicrosoft.com","Microsoft Defender Vulnerability Management Add-on","b982a153-5185-4e70-cfe1-dd4e892aef2a","Microsoft Defender Vulnerability Management Add-on","Deleted","2","15-05-2026 22:46:42","15-05-2026 00:00:00","14-06-2026 00:00:00","True"
"OTU WA CNE - 104100","ffa720c8-8323-40c0-beb7-05e89a8becbe","otuwacne104100.onmicrosoft.com","Microsoft 365 E5 (no Teams)","8661e4f3-9075-4cd5-ca3d-5aaff45741ca","Microsoft 365 E5 (no Teams)","Deleted","1","15-05-2026 22:11:32","15-05-2026 00:00:00","14-06-2026 00:00:00","True"
"OTU WA CNE - 104100","ffa720c8-8323-40c0-beb7-05e89a8becbe","otuwacne104100.onmicrosoft.com","Microsoft Entra ID P2","d3882a4b-0a27-4ff9-d590-b5530bb5df1d","Microsoft Entra ID P2","Deleted","5","15-05-2026 21:05:04","15-05-2026 00:00:00","14-06-2026 00:00:00","True"
"OTU WA CNE - 104100","ffa720c8-8323-40c0-beb7-05e89a8becbe","otuwacne104100.onmicrosoft.com","Azure plan","d2e31cbc-95cd-45ff-df5f-e23e055e88cd","Azure plan","Active","1","12-05-2026 17:18:38","12-05-2026 00:00:00","31-12-9999 23:59:59","False"
"OTU WA CNE - 104098","e4dd101a-fac1-44bb-a00e-90f9e6985165","otuwacne104098.onmicrosoft.com","Microsoft Intune Suite","27225c91-d908-477a-d865-d221370a93f4","Microsoft Intune Suite","Deleted","2","16-05-2026 09:49:30","16-05-2026 00:00:00","15-06-2026 00:00:00","True"
"OTU WA CNE - 104098","e4dd101a-fac1-44bb-a00e-90f9e6985165","otuwacne104098.onmicrosoft.com","Microsoft Defender Vulnerability Management Add-on","19ff09cd-28f5-4d5e-dba5-84878fc05ca5","Microsoft Defender Vulnerability Management Add-on","Deleted","2","15-05-2026 22:46:26","15-05-2026 00:00:00","14-06-2026 00:00:00","True"
"OTU WA CNE - 104098","e4dd101a-fac1-44bb-a00e-90f9e6985165","otuwacne104098.onmicrosoft.com","Microsoft 365 E5 (no Teams)","7e377240-7494-4708-c960-99df28b07d36","Microsoft 365 E5 (no Teams)","Deleted","1","15-05-2026 22:11:12","15-05-2026 00:00:00","14-06-2026 00:00:00","True"
"OTU WA CNE - 104098","e4dd101a-fac1-44bb-a00e-90f9e6985165","otuwacne104098.onmicrosoft.com","Microsoft Entra ID P2","e9834aea-bdec-41cd-c178-95ae095c1f37","Microsoft Entra ID P2","Deleted","5","15-05-2026 21:04:43","15-05-2026 00:00:00","14-06-2026 00:00:00","True"
"OTU WA CNE - 104098","e4dd101a-fac1-44bb-a00e-90f9e6985165","otuwacne104098.onmicrosoft.com","Azure plan","f5f78351-afb9-4da0-c05b-d4d60a720544","Azure plan","Active","1","12-05-2026 17:10:49","12-05-2026 00:00:00","31-12-9999 23:59:59","False"
"OTU WA CNE - 104097","b54d1da8-1c46-4fa0-971b-94c6ff10f50a","otuwacne104097.onmicrosoft.com","Microsoft Intune Suite","a5cf902b-8551-496f-c4ca-642a55e24793","Microsoft Intune Suite","Deleted","2","16-05-2026 09:49:09","16-05-2026 00:00:00","15-06-2026 00:00:00","True"
"OTU WA CNE - 104097","b54d1da8-1c46-4fa0-971b-94c6ff10f50a","otuwacne104097.onmicrosoft.com","Microsoft Defender Vulnerability Management Add-on","a98bb73a-003d-4651-dfaf-00b914b875e8","Microsoft Defender Vulnerability Management Add-on","Deleted","2","15-05-2026 22:46:12","15-05-2026 00:00:00","14-06-2026 00:00:00","True"
"OTU WA CNE - 104097","b54d1da8-1c46-4fa0-971b-94c6ff10f50a","otuwacne104097.onmicrosoft.com","Microsoft 365 E5 (no Teams)","38c6b88d-db82-4e1f-c138-37c455c8fc17","Microsoft 365 E5 (no Teams)","Deleted","1","15-05-2026 22:10:51","15-05-2026 00:00:00","14-06-2026 00:00:00","True"
"OTU WA CNE - 104097","b54d1da8-1c46-4fa0-971b-94c6ff10f50a","otuwacne104097.onmicrosoft.com","Microsoft Entra ID P2","98c8b4ca-6595-4311-dbeb-2e2c2fa8da0d","Microsoft Entra ID P2","Deleted","5","15-05-2026 21:04:22","15-05-2026 00:00:00","14-06-2026 00:00:00","True"
"OTU WA CNE - 104097","b54d1da8-1c46-4fa0-971b-94c6ff10f50a","otuwacne104097.onmicrosoft.com","Azure plan","56e85ba7-5803-4232-c95f-8bff3077fee9","Azure plan","Active","1","12-05-2026 17:06:57","12-05-2026 00:00:00","31-12-9999 23:59:59","False"
"OTU WA CNE - 104096","c4bf8931-ec00-4f7c-a81d-698796ab6b24","otuwacne104096.onmicrosoft.com","Microsoft Intune Suite","4896893b-d4cc-4b40-cc1e-36f2d7fc5e09","Microsoft Intune Suite","Deleted","2","16-05-2026 09:48:49","16-05-2026 00:00:00","15-06-2026 00:00:00","True"
"OTU WA CNE - 104096","c4bf8931-ec00-4f7c-a81d-698796ab6b24","otuwacne104096.onmicrosoft.com","Microsoft Defender Vulnerability Management Add-on","01de0d53-6fd2-4ba6-c50f-080e0ccb3f14","Microsoft Defender Vulnerability Management Add-on","Deleted","2","15-05-2026 22:45:52","15-05-2026 00:00:00","14-06-2026 00:00:00","True"
"OTU WA CNE - 104096","c4bf8931-ec00-4f7c-a81d-698796ab6b24","otuwacne104096.onmicrosoft.com","Microsoft 365 E5 (no Teams)","20d8b6de-ae17-40cd-c4bc-ed37ab48730b","Microsoft 365 E5 (no Teams)","Deleted","1","15-05-2026 22:10:29","15-05-2026 00:00:00","14-06-2026 00:00:00","True"
"OTU WA CNE - 104096","c4bf8931-ec00-4f7c-a81d-698796ab6b24","otuwacne104096.onmicrosoft.com","Microsoft Entra ID P2","6d927c4c-fae5-44a7-d9ad-4d2e54c6c4ff","Microsoft Entra ID P2","Deleted","5","15-05-2026 21:03:53","15-05-2026 00:00:00","14-06-2026 00:00:00","True"
"OTU WA CNE - 104096","c4bf8931-ec00-4f7c-a81d-698796ab6b24","otuwacne104096.onmicrosoft.com","Azure plan","0fd28701-08d5-4862-cf73-f17a937c9ffa","Azure plan","Active","1","12-05-2026 17:02:53","12-05-2026 00:00:00","31-12-9999 23:59:59","False"
"OTU WA CNE - 104095","1d13c70e-5030-49dc-b89c-4d6c2d17ea82","otuwacne104095.onmicrosoft.com","Microsoft Intune Suite","4bc5f3dd-4ff3-4e52-cc46-d6a08bfb67c0","Microsoft Intune Suite","Deleted","2","16-05-2026 09:48:30","16-05-2026 00:00:00","15-06-2026 00:00:00","True"
"OTU WA CNE - 104095","1d13c70e-5030-49dc-b89c-4d6c2d17ea82","otuwacne104095.onmicrosoft.com","Microsoft Defender Vulnerability Management Add-on","66dfa0fa-9a7c-4bb1-c70c-cd8bdb7f5b3c","Microsoft Defender Vulnerability Management Add-on","Deleted","2","15-05-2026 22:45:34","15-05-2026 00:00:00","14-06-2026 00:00:00","True"
"OTU WA CNE - 104095","1d13c70e-5030-49dc-b89c-4d6c2d17ea82","otuwacne104095.onmicrosoft.com","Microsoft 365 E5 (no Teams)","cb64dfb1-f65b-40fe-c09b-207166c72081","Microsoft 365 E5 (no Teams)","Deleted","1","15-05-2026 22:10:10","15-05-2026 00:00:00","14-06-2026 00:00:00","True"
"OTU WA CNE - 104095","1d13c70e-5030-49dc-b89c-4d6c2d17ea82","otuwacne104095.onmicrosoft.com","Microsoft Entra ID P2","be534e79-86ec-4e2d-c78d-7d7ecd082b47","Microsoft Entra ID P2","Deleted","5","15-05-2026 21:03:35","15-05-2026 00:00:00","14-06-2026 00:00:00","True"
"OTU WA CNE - 104095","1d13c70e-5030-49dc-b89c-4d6c2d17ea82","otuwacne104095.onmicrosoft.com","Azure plan","e7eefdfd-8cc7-4d4b-c631-e1ef0991c1e4","Azure plan","Active","1","12-05-2026 16:59:02","12-05-2026 00:00:00","31-12-9999 23:59:59","False"
"OTU WA CNE - 104094","e7007ca9-c6c8-42f7-afcb-741d10b928a8","otuwacne104094.onmicrosoft.com","Microsoft Intune Suite","1688dea7-34dd-4d33-d529-825884287cc9","Microsoft Intune Suite","Deleted","2","16-05-2026 09:48:09","16-05-2026 00:00:00","15-06-2026 00:00:00","True"
"OTU WA CNE - 104094","e7007ca9-c6c8-42f7-afcb-741d10b928a8","otuwacne104094.onmicrosoft.com","Microsoft Defender Vulnerability Management Add-on","1db4b0b2-097f-4b7b-c66a-849b24f6a282","Microsoft Defender Vulnerability Management Add-on","Deleted","2","15-05-2026 22:45:14","15-05-2026 00:00:00","14-06-2026 00:00:00","True"
"OTU WA CNE - 104094","e7007ca9-c6c8-42f7-afcb-741d10b928a8","otuwacne104094.onmicrosoft.com","Microsoft 365 E5 (no Teams)","26771cc5-f92a-45ac-c22b-37265f1746a0","Microsoft 365 E5 (no Teams)","Deleted","1","15-05-2026 22:09:44","15-05-2026 00:00:00","14-06-2026 00:00:00","True"
"OTU WA CNE - 104094","e7007ca9-c6c8-42f7-afcb-741d10b928a8","otuwacne104094.onmicrosoft.com","Microsoft Entra ID P2","7fd47572-2b96-426c-d7b3-0a83926490ca","Microsoft Entra ID P2","Deleted","5","15-05-2026 21:03:07","15-05-2026 00:00:00","14-06-2026 00:00:00","True"
"OTU WA CNE - 104094","e7007ca9-c6c8-42f7-afcb-741d10b928a8","otuwacne104094.onmicrosoft.com","Azure plan","d3eba53c-addf-427a-c289-cca4fe13e977","Azure plan","Active","1","12-05-2026 16:55:08","12-05-2026 00:00:00","31-12-9999 23:59:59","False"
"OTU WA CNE - 104093","614d81ce-ff26-41b6-9cbf-be7175ea33a1","otuwacne104093.onmicrosoft.com","Microsoft Intune Suite","621054b1-485d-4320-cc80-eb8fa0e5b887","Microsoft Intune Suite","Deleted","2","16-05-2026 09:47:42","16-05-2026 00:00:00","15-06-2026 00:00:00","True"
"OTU WA CNE - 104093","614d81ce-ff26-41b6-9cbf-be7175ea33a1","otuwacne104093.onmicrosoft.com","Microsoft Defender Vulnerability Management Add-on","0dde7048-b388-49e6-c544-2730eb30df5b","Microsoft Defender Vulnerability Management Add-on","Deleted","2","15-05-2026 22:44:57","15-05-2026 00:00:00","14-06-2026 00:00:00","True"
"OTU WA CNE - 104093","614d81ce-ff26-41b6-9cbf-be7175ea33a1","otuwacne104093.onmicrosoft.com","Microsoft 365 E5 (no Teams)","20117123-87a5-4a5c-d25e-d40aea966ad9","Microsoft 365 E5 (no Teams)","Deleted","1","15-05-2026 22:09:26","15-05-2026 00:00:00","14-06-2026 00:00:00","True"
"OTU WA CNE - 104093","614d81ce-ff26-41b6-9cbf-be7175ea33a1","otuwacne104093.onmicrosoft.com","Microsoft Entra ID P2","eebba506-3e67-4d35-c370-f961d598e69d","Microsoft Entra ID P2","Deleted","5","15-05-2026 21:02:12","15-05-2026 00:00:00","14-06-2026 00:00:00","True"
"OTU WA CNE - 104093","614d81ce-ff26-41b6-9cbf-be7175ea33a1","otuwacne104093.onmicrosoft.com","Azure plan","c25579d9-0fc3-4a49-c35e-640104237e9d","Azure plan","Active","1","12-05-2026 16:51:13","12-05-2026 00:00:00","31-12-9999 23:59:59","False"
"OTU WA CNE - 104091","0fbb23d4-9235-4591-9781-ec45aeb4f751","otuwacne104091.onmicrosoft.com","Microsoft Intune Suite","c534df90-053f-446c-d95d-7ead81132625","Microsoft Intune Suite","Deleted","2","16-05-2026 09:47:00","16-05-2026 00:00:00","15-06-2026 00:00:00","True"
"OTU WA CNE - 104091","0fbb23d4-9235-4591-9781-ec45aeb4f751","otuwacne104091.onmicrosoft.com","Microsoft Defender Vulnerability Management Add-on","1bada1c3-e2a7-4af2-d27d-2f7d24f8745c","Microsoft Defender Vulnerability Management Add-on","Deleted","2","15-05-2026 22:44:20","15-05-2026 00:00:00","14-06-2026 00:00:00","True"
"OTU WA CNE - 104091","0fbb23d4-9235-4591-9781-ec45aeb4f751","otuwacne104091.onmicrosoft.com","Microsoft 365 E5 (no Teams)","7c5c0f84-9c32-4f89-db35-6e4ddc842255","Microsoft 365 E5 (no Teams)","Deleted","1","15-05-2026 22:08:44","15-05-2026 00:00:00","14-06-2026 00:00:00","True"
"OTU WA CNE - 104091","0fbb23d4-9235-4591-9781-ec45aeb4f751","otuwacne104091.onmicrosoft.com","Microsoft Entra ID P2","776176df-6ce5-4498-d61e-8e05939e6123","Microsoft Entra ID P2","Deleted","5","15-05-2026 21:02:41","15-05-2026 00:00:00","14-06-2026 00:00:00","True"
"OTU WA CNE - 104091","0fbb23d4-9235-4591-9781-ec45aeb4f751","otuwacne104091.onmicrosoft.com","Azure plan","f7da25f9-b677-41ac-c101-89d08a1f364a","Azure plan","Active","1","12-05-2026 16:43:19","12-05-2026 00:00:00","31-12-9999 23:59:59","False"
"OTU WA CNE - 104090","3fb216ef-d15e-4bc1-b4e4-ff7df340a3c6","otuwacne104090.onmicrosoft.com","Microsoft Intune Suite","8280d83e-a6c9-4c5f-c6d0-c48f142313c6","Microsoft Intune Suite","Deleted","2","16-05-2026 09:46:41","16-05-2026 00:00:00","15-06-2026 00:00:00","True"
"OTU WA CNE - 104090","3fb216ef-d15e-4bc1-b4e4-ff7df340a3c6","otuwacne104090.onmicrosoft.com","Microsoft Defender Vulnerability Management Add-on","15c9496e-1808-49d7-de55-e49742436b08","Microsoft Defender Vulnerability Management Add-on","Deleted","2","15-05-2026 22:43:59","15-05-2026 00:00:00","14-06-2026 00:00:00","True"
"OTU WA CNE - 104090","3fb216ef-d15e-4bc1-b4e4-ff7df340a3c6","otuwacne104090.onmicrosoft.com","Microsoft 365 E5 (no Teams)","dd378b26-3189-4795-d960-4fd89bb07dc3","Microsoft 365 E5 (no Teams)","Deleted","1","15-05-2026 22:08:26","15-05-2026 00:00:00","14-06-2026 00:00:00","True"
"OTU WA CNE - 104090","3fb216ef-d15e-4bc1-b4e4-ff7df340a3c6","otuwacne104090.onmicrosoft.com","Microsoft Entra ID P2","c7460375-a1ca-4eb8-dc8e-674ace2ede41","Microsoft Entra ID P2","Deleted","5","15-05-2026 21:01:37","15-05-2026 00:00:00","14-06-2026 00:00:00","True"
"OTU WA CNE - 104090","3fb216ef-d15e-4bc1-b4e4-ff7df340a3c6","otuwacne104090.onmicrosoft.com","Azure plan","ae065814-fc94-4f64-d053-abaa4e7699b6","Azure plan","Active","1","12-05-2026 14:19:33","12-05-2026 00:00:00","31-12-9999 23:59:59","False"
"OTU WA CNE - 104089","38b4320e-2914-4d39-a1b0-f84d5cd00b4c","otuwacne104089.onmicrosoft.com","Microsoft Intune Suite","4910a80e-761e-49ef-caec-f29dd93469b4","Microsoft Intune Suite","Deleted","2","16-05-2026 09:46:23","16-05-2026 00:00:00","15-06-2026 00:00:00","True"
"OTU WA CNE - 104089","38b4320e-2914-4d39-a1b0-f84d5cd00b4c","otuwacne104089.onmicrosoft.com","Microsoft Defender Vulnerability Management Add-on","ce2ed56e-776a-49bb-ce50-e2630d65892b","Microsoft Defender Vulnerability Management Add-on","Deleted","2","15-05-2026 22:43:39","15-05-2026 00:00:00","14-06-2026 00:00:00","True"
"OTU WA CNE - 104089","38b4320e-2914-4d39-a1b0-f84d5cd00b4c","otuwacne104089.onmicrosoft.com","Microsoft 365 E5 (no Teams)","3eead848-ed18-485d-dddf-20d0254815ee","Microsoft 365 E5 (no Teams)","Deleted","1","15-05-2026 22:08:04","15-05-2026 00:00:00","14-06-2026 00:00:00","True"
"OTU WA CNE - 104089","38b4320e-2914-4d39-a1b0-f84d5cd00b4c","otuwacne104089.onmicrosoft.com","Microsoft Entra ID P2","48acf714-b914-4a08-d644-76dfdf927296","Microsoft Entra ID P2","Deleted","5","15-05-2026 21:01:15","15-05-2026 00:00:00","14-06-2026 00:00:00","True"
"OTU WA CNE - 104089","38b4320e-2914-4d39-a1b0-f84d5cd00b4c","otuwacne104089.onmicrosoft.com","Azure plan","eba7b74a-17bd-421b-d7c0-817942c34922","Azure plan","Active","1","12-05-2026 14:15:41","12-05-2026 00:00:00","31-12-9999 23:59:59","False"
"OTU WA CNE - 104088","13d54f97-dbc2-4bdc-8e63-73570156e316","otuwacne104088.onmicrosoft.com","Microsoft Intune Suite","9aa56e83-9366-4709-c71a-ddc15799c14b","Microsoft Intune Suite","Deleted","2","16-05-2026 09:45:55","16-05-2026 00:00:00","15-06-2026 00:00:00","True"
"OTU WA CNE - 104088","13d54f97-dbc2-4bdc-8e63-73570156e316","otuwacne104088.onmicrosoft.com","Microsoft Defender Vulnerability Management Add-on","dd774049-bf29-4f70-de5f-a26f3ee00841","Microsoft Defender Vulnerability Management Add-on","Deleted","2","15-05-2026 22:43:17","15-05-2026 00:00:00","14-06-2026 00:00:00","True"
"OTU WA CNE - 104088","13d54f97-dbc2-4bdc-8e63-73570156e316","otuwacne104088.onmicrosoft.com","Microsoft 365 E5 (no Teams)","d215c588-f797-4072-cd78-217f1e8c0aef","Microsoft 365 E5 (no Teams)","Deleted","1","15-05-2026 22:07:42","15-05-2026 00:00:00","14-06-2026 00:00:00","True"
"OTU WA CNE - 104088","13d54f97-dbc2-4bdc-8e63-73570156e316","otuwacne104088.onmicrosoft.com","Microsoft Entra ID P2","dab034a9-6bdb-433a-d106-f9e6a25ade84","Microsoft Entra ID P2","Deleted","5","15-05-2026 21:00:52","15-05-2026 00:00:00","14-06-2026 00:00:00","True"
"OTU WA CNE - 104088","13d54f97-dbc2-4bdc-8e63-73570156e316","otuwacne104088.onmicrosoft.com","Azure plan","29e34cf4-4999-4495-d3cd-e0cfbbf61a07","Azure plan","Active","1","12-05-2026 14:11:39","12-05-2026 00:00:00","31-12-9999 23:59:59","False"
"OTU WA CNE - 104087","41ebf7d4-d43f-4002-bf3c-a3e0a95602a9","otuwacne104087.onmicrosoft.com","Microsoft Intune Suite","6b9f6096-458b-4b4b-d17f-e7dbcadfa0cd","Microsoft Intune Suite","Deleted","2","16-05-2026 09:45:22","16-05-2026 00:00:00","15-06-2026 00:00:00","True"
"OTU WA CNE - 104087","41ebf7d4-d43f-4002-bf3c-a3e0a95602a9","otuwacne104087.onmicrosoft.com","Microsoft Defender Vulnerability Management Add-on","94f0c1bd-e9ca-40c1-d6a7-800dcf29339d","Microsoft Defender Vulnerability Management Add-on","Deleted","2","15-05-2026 22:43:01","15-05-2026 00:00:00","14-06-2026 00:00:00","True"
"OTU WA CNE - 104087","41ebf7d4-d43f-4002-bf3c-a3e0a95602a9","otuwacne104087.onmicrosoft.com","Microsoft 365 E5 (no Teams)","cf864132-d17c-47cf-c0f4-e0f30485f9b7","Microsoft 365 E5 (no Teams)","Deleted","1","15-05-2026 22:07:14","15-05-2026 00:00:00","14-06-2026 00:00:00","True"
"OTU WA CNE - 104087","41ebf7d4-d43f-4002-bf3c-a3e0a95602a9","otuwacne104087.onmicrosoft.com","Microsoft Entra ID P2","6a522f23-7539-44b3-d608-bb27613825fe","Microsoft Entra ID P2","Deleted","5","15-05-2026 21:00:27","15-05-2026 00:00:00","14-06-2026 00:00:00","True"
"OTU WA CNE - 104087","41ebf7d4-d43f-4002-bf3c-a3e0a95602a9","otuwacne104087.onmicrosoft.com","Azure plan","fe4e0658-50c8-418a-ddef-b7a32d4c1d95","Azure plan","Active","1","12-05-2026 14:07:46","12-05-2026 00:00:00","31-12-9999 23:59:59","False"
"OTU WA CNE - 104086","f0d3645a-9cca-4708-8384-30e72a9ef7cb","otuwacne104086.onmicrosoft.com","Microsoft Intune Suite","183dc02b-f6e0-4692-da11-1e642f596fc1","Microsoft Intune Suite","Deleted","2","16-05-2026 09:45:00","16-05-2026 00:00:00","15-06-2026 00:00:00","True"
"OTU WA CNE - 104086","f0d3645a-9cca-4708-8384-30e72a9ef7cb","otuwacne104086.onmicrosoft.com","Microsoft Defender Vulnerability Management Add-on","b1b66382-0a03-44fb-cf58-2b2097e313ac","Microsoft Defender Vulnerability Management Add-on","Deleted","2","15-05-2026 22:42:41","15-05-2026 00:00:00","14-06-2026 00:00:00","True"
"OTU WA CNE - 104086","f0d3645a-9cca-4708-8384-30e72a9ef7cb","otuwacne104086.onmicrosoft.com","Microsoft 365 E5 (no Teams)","91b2317b-2d81-4bf0-d347-684f82708f37","Microsoft 365 E5 (no Teams)","Deleted","1","15-05-2026 22:06:54","15-05-2026 00:00:00","14-06-2026 00:00:00","True"
"OTU WA CNE - 104086","f0d3645a-9cca-4708-8384-30e72a9ef7cb","otuwacne104086.onmicrosoft.com","Microsoft Entra ID P2","6ae4d5f3-2cbe-4c3b-c6e6-598ce4a156e3","Microsoft Entra ID P2","Deleted","5","15-05-2026 21:00:05","15-05-2026 00:00:00","14-06-2026 00:00:00","True"
"OTU WA CNE - 104086","f0d3645a-9cca-4708-8384-30e72a9ef7cb","otuwacne104086.onmicrosoft.com","Azure plan","2256a863-212e-4a33-c85c-5a8df375ef58","Azure plan","Active","1","12-05-2026 14:03:45","12-05-2026 00:00:00","31-12-9999 23:59:59","False"
"OTU WA CNE - 104085","b30055c9-27ae-4ede-ae7a-515d82f6e7d3","otuwacne104085.onmicrosoft.com","Microsoft Intune Suite","4250f553-9ace-473c-c18e-f41f07be1d7d","Microsoft Intune Suite","Deleted","2","16-05-2026 09:44:38","16-05-2026 00:00:00","15-06-2026 00:00:00","True"
"OTU WA CNE - 104085","b30055c9-27ae-4ede-ae7a-515d82f6e7d3","otuwacne104085.onmicrosoft.com","Microsoft Defender Vulnerability Management Add-on","a73b7da9-614b-462a-dafa-cf5b31fd5090","Microsoft Defender Vulnerability Management Add-on","Deleted","2","15-05-2026 22:42:22","15-05-2026 00:00:00","14-06-2026 00:00:00","True"
"OTU WA CNE - 104085","b30055c9-27ae-4ede-ae7a-515d82f6e7d3","otuwacne104085.onmicrosoft.com","Microsoft 365 E5 (no Teams)","7894e8aa-fff2-4d3a-dd3f-bc8b021c02fa","Microsoft 365 E5 (no Teams)","Deleted","1","15-05-2026 22:06:35","15-05-2026 00:00:00","14-06-2026 00:00:00","True"
"OTU WA CNE - 104085","b30055c9-27ae-4ede-ae7a-515d82f6e7d3","otuwacne104085.onmicrosoft.com","Microsoft Entra ID P2","8f0119cd-90aa-4cec-c875-e7e2c956e0c5","Microsoft Entra ID P2","Deleted","5","15-05-2026 20:59:40","15-05-2026 00:00:00","14-06-2026 00:00:00","True"
"OTU WA CNE - 104085","b30055c9-27ae-4ede-ae7a-515d82f6e7d3","otuwacne104085.onmicrosoft.com","Azure plan","6dd238ff-c993-4dc2-c05a-30e543e22aaf","Azure plan","Active","1","12-05-2026 13:59:50","12-05-2026 00:00:00","31-12-9999 23:59:59","False"
"OTU WA CNE - 104084","79c7b966-de31-442d-bf0b-3d88382e79e8","otuwacne104084.onmicrosoft.com","Microsoft Intune Suite","4bacd3a0-be31-4737-d674-0bd7c8617939","Microsoft Intune Suite","Deleted","2","16-05-2026 09:44:20","16-05-2026 00:00:00","15-06-2026 00:00:00","True"
"OTU WA CNE - 104084","79c7b966-de31-442d-bf0b-3d88382e79e8","otuwacne104084.onmicrosoft.com","Microsoft Defender Vulnerability Management Add-on","5aa6f875-6a98-45fb-c970-6fc857e9b564","Microsoft Defender Vulnerability Management Add-on","Deleted","2","15-05-2026 22:42:08","15-05-2026 00:00:00","14-06-2026 00:00:00","True"
"OTU WA CNE - 104084","79c7b966-de31-442d-bf0b-3d88382e79e8","otuwacne104084.onmicrosoft.com","Microsoft 365 E5 (no Teams)","ac77cb3c-ad33-4e45-c54f-3b664dcfd6c3","Microsoft 365 E5 (no Teams)","Deleted","1","15-05-2026 22:06:15","15-05-2026 00:00:00","14-06-2026 00:00:00","True"
"OTU WA CNE - 104084","79c7b966-de31-442d-bf0b-3d88382e79e8","otuwacne104084.onmicrosoft.com","Microsoft Entra ID P2","35d72b95-6d80-425e-dc0a-f5b666b6634a","Microsoft Entra ID P2","Deleted","5","15-05-2026 20:59:13","15-05-2026 00:00:00","14-06-2026 00:00:00","True"
"OTU WA CNE - 104084","79c7b966-de31-442d-bf0b-3d88382e79e8","otuwacne104084.onmicrosoft.com","Azure plan","190cff71-9f87-4dcb-cf2e-fa28635176ae","Azure plan","Active","1","12-05-2026 14:25:46","12-05-2026 00:00:00","31-12-9999 23:59:59","False"
"OTU WA CNE - 104083","99e0ff93-035f-419c-ad2c-52c76c2771d0","otuwacne104083.onmicrosoft.com","Microsoft Intune Suite","be13459f-8405-43c6-cb14-e886b2b989d9","Microsoft Intune Suite","Deleted","2","16-05-2026 09:43:58","16-05-2026 00:00:00","15-06-2026 00:00:00","True"
"OTU WA CNE - 104083","99e0ff93-035f-419c-ad2c-52c76c2771d0","otuwacne104083.onmicrosoft.com","Microsoft Defender Vulnerability Management Add-on","f20cbb95-f0b9-4e46-c114-0372ba25957b","Microsoft Defender Vulnerability Management Add-on","Deleted","2","15-05-2026 22:41:53","15-05-2026 00:00:00","14-06-2026 00:00:00","True"
"OTU WA CNE - 104083","99e0ff93-035f-419c-ad2c-52c76c2771d0","otuwacne104083.onmicrosoft.com","Microsoft 365 E5 (no Teams)","6a3f84ce-f5c5-44c2-dc87-11d898e5e7c7","Microsoft 365 E5 (no Teams)","Deleted","1","15-05-2026 22:05:51","15-05-2026 00:00:00","14-06-2026 00:00:00","True"
"OTU WA CNE - 104083","99e0ff93-035f-419c-ad2c-52c76c2771d0","otuwacne104083.onmicrosoft.com","Microsoft Entra ID P2","ab0adcdb-a874-4219-d4ba-ed2018cf688b","Microsoft Entra ID P2","Deleted","5","15-05-2026 20:58:32","15-05-2026 00:00:00","14-06-2026 00:00:00","True"
"OTU WA CNE - 104083","99e0ff93-035f-419c-ad2c-52c76c2771d0","otuwacne104083.onmicrosoft.com","Azure plan","794f8f15-deb2-4145-d230-3dc6e58036ed","Azure plan","Active","1","12-05-2026 13:55:44","12-05-2026 00:00:00","31-12-9999 23:59:59","False"
"OTU WA CNE - 104082","5a54a022-ffd8-4b15-a641-cac2ba978e2f","otuwacne104082.onmicrosoft.com","Microsoft Intune Suite","c77a13cd-1178-4d83-c182-dc534451ffae","Microsoft Intune Suite","Deleted","2","16-05-2026 09:43:40","16-05-2026 00:00:00","15-06-2026 00:00:00","True"
"OTU WA CNE - 104082","5a54a022-ffd8-4b15-a641-cac2ba978e2f","otuwacne104082.onmicrosoft.com","Microsoft Defender Vulnerability Management Add-on","131e0624-8381-4b81-d3d2-5787ab0a9539","Microsoft Defender Vulnerability Management Add-on","Deleted","2","15-05-2026 22:41:37","15-05-2026 00:00:00","14-06-2026 00:00:00","True"
"OTU WA CNE - 104082","5a54a022-ffd8-4b15-a641-cac2ba978e2f","otuwacne104082.onmicrosoft.com","Microsoft 365 E5 (no Teams)","f5c59817-1d65-461c-da65-e721c6a8eee5","Microsoft 365 E5 (no Teams)","Deleted","1","15-05-2026 22:05:29","15-05-2026 00:00:00","14-06-2026 00:00:00","True"
"OTU WA CNE - 104082","5a54a022-ffd8-4b15-a641-cac2ba978e2f","otuwacne104082.onmicrosoft.com","Microsoft Entra ID P2","0b3068d9-b432-4a85-c092-eba8dfe39ffc","Microsoft Entra ID P2","Deleted","5","15-05-2026 20:58:49","15-05-2026 00:00:00","14-06-2026 00:00:00","True"
"OTU WA CNE - 104082","5a54a022-ffd8-4b15-a641-cac2ba978e2f","otuwacne104082.onmicrosoft.com","Azure plan","d90442b2-6f38-483a-d1b3-04eb2e5b3890","Azure plan","Active","1","12-05-2026 13:51:48","12-05-2026 00:00:00","31-12-9999 23:59:59","False"
"OTU WA CNE - 104081","88b000cc-65b0-45f9-a3d1-35d6fb306199","otuwacne104081.onmicrosoft.com","Microsoft Intune Suite","f6ecd7c7-07b0-4261-cea6-a70a98acae3b","Microsoft Intune Suite","Deleted","2","16-05-2026 09:43:25","16-05-2026 00:00:00","15-06-2026 00:00:00","True"
"OTU WA CNE - 104081","88b000cc-65b0-45f9-a3d1-35d6fb306199","otuwacne104081.onmicrosoft.com","Microsoft Defender Vulnerability Management Add-on","11188063-e58c-4161-d382-39d365d4218b","Microsoft Defender Vulnerability Management Add-on","Deleted","2","15-05-2026 22:41:22","15-05-2026 00:00:00","14-06-2026 00:00:00","True"
"OTU WA CNE - 104081","88b000cc-65b0-45f9-a3d1-35d6fb306199","otuwacne104081.onmicrosoft.com","Microsoft 365 E5 (no Teams)","f1ee6d6b-f413-4ea8-d238-de72678a10d3","Microsoft 365 E5 (no Teams)","Deleted","1","15-05-2026 22:05:02","15-05-2026 00:00:00","14-06-2026 00:00:00","True"
"OTU WA CNE - 104081","88b000cc-65b0-45f9-a3d1-35d6fb306199","otuwacne104081.onmicrosoft.com","Microsoft Entra ID P2","c0610ee7-0d28-4aed-c210-249c64ebd82e","Microsoft Entra ID P2","Deleted","5","15-05-2026 20:58:05","15-05-2026 00:00:00","14-06-2026 00:00:00","True"
"OTU WA CNE - 104081","88b000cc-65b0-45f9-a3d1-35d6fb306199","otuwacne104081.onmicrosoft.com","Azure plan","dbe77427-c4ab-4e40-d1c2-7dd7fdb66f4b","Azure plan","Active","1","12-05-2026 13:47:50","12-05-2026 00:00:00","31-12-9999 23:59:59","False"
"OTU WA CNE - 104079","4c6c118e-ce79-4ac5-a042-b280b35a2701","otuwacne104079.onmicrosoft.com","Microsoft Intune Suite","70d44393-a59e-412d-ca2c-51ae9de0b270","Microsoft Intune Suite","Deleted","2","16-05-2026 09:43:08","16-05-2026 00:00:00","15-06-2026 00:00:00","True"
"OTU WA CNE - 104079","4c6c118e-ce79-4ac5-a042-b280b35a2701","otuwacne104079.onmicrosoft.com","Microsoft Defender Vulnerability Management Add-on","7dc02742-a348-480c-de26-4524eb0cfc26","Microsoft Defender Vulnerability Management Add-on","Deleted","2","15-05-2026 22:41:04","15-05-2026 00:00:00","14-06-2026 00:00:00","True"
"OTU WA CNE - 104079","4c6c118e-ce79-4ac5-a042-b280b35a2701","otuwacne104079.onmicrosoft.com","Microsoft 365 E5 (no Teams)","0c4a6057-47e4-4b28-d24d-44078b09fb11","Microsoft 365 E5 (no Teams)","Deleted","1","15-05-2026 22:04:36","15-05-2026 00:00:00","14-06-2026 00:00:00","True"
"OTU WA CNE - 104079","4c6c118e-ce79-4ac5-a042-b280b35a2701","otuwacne104079.onmicrosoft.com","Microsoft Entra ID P2","b06cad5a-e15d-4f10-d908-cb2532df7118","Microsoft Entra ID P2","Deleted","5","15-05-2026 20:57:42","15-05-2026 00:00:00","14-06-2026 00:00:00","True"
"OTU WA CNE - 104079","4c6c118e-ce79-4ac5-a042-b280b35a2701","otuwacne104079.onmicrosoft.com","Azure plan","c14f3359-ef89-45ee-d23d-e18f5a5f3dad","Azure plan","Active","1","12-05-2026 13:39:52","12-05-2026 00:00:00","31-12-9999 23:59:59","False"
"OTU WA CNE - 104078","9fe88f78-24f5-4678-8e17-9617d6a4e5e4","otuwacne104078.onmicrosoft.com","Microsoft Intune Suite","699c1fcb-9c83-46c8-d09d-b9d6400323a2","Microsoft Intune Suite","Deleted","2","16-05-2026 09:42:50","16-05-2026 00:00:00","15-06-2026 00:00:00","True"
"OTU WA CNE - 104078","9fe88f78-24f5-4678-8e17-9617d6a4e5e4","otuwacne104078.onmicrosoft.com","Microsoft Defender Vulnerability Management Add-on","9c0ba5b5-c7c5-46ba-d94e-17c9909119e6","Microsoft Defender Vulnerability Management Add-on","Deleted","2","15-05-2026 22:40:44","15-05-2026 00:00:00","14-06-2026 00:00:00","True"
"OTU WA CNE - 104078","9fe88f78-24f5-4678-8e17-9617d6a4e5e4","otuwacne104078.onmicrosoft.com","Microsoft 365 E5 (no Teams)","d036a0c0-b7ec-4964-db12-4c028afaf5f6","Microsoft 365 E5 (no Teams)","Deleted","1","15-05-2026 22:04:05","15-05-2026 00:00:00","14-06-2026 00:00:00","True"
"OTU WA CNE - 104078","9fe88f78-24f5-4678-8e17-9617d6a4e5e4","otuwacne104078.onmicrosoft.com","Microsoft Entra ID P2","193aed78-f30e-48ca-cfec-88870a659ebc","Microsoft Entra ID P2","Deleted","5","15-05-2026 20:57:24","15-05-2026 00:00:00","14-06-2026 00:00:00","True"
"OTU WA CNE - 104078","9fe88f78-24f5-4678-8e17-9617d6a4e5e4","otuwacne104078.onmicrosoft.com","Azure plan","4633cfa7-7718-4671-d237-b26902389e5b","Azure plan","Active","1","12-05-2026 13:35:59","12-05-2026 00:00:00","31-12-9999 23:59:59","False"
"OTU WA CNE - 104077","fffffc5f-ed67-423c-8df1-2731e736fdef","otuwacne104077.onmicrosoft.com","Microsoft Intune Suite","4fe1b62d-80ae-412e-d536-c4103818289f","Microsoft Intune Suite","Deleted","2","16-05-2026 09:42:18","16-05-2026 00:00:00","15-06-2026 00:00:00","True"
"OTU WA CNE - 104077","fffffc5f-ed67-423c-8df1-2731e736fdef","otuwacne104077.onmicrosoft.com","Microsoft Defender Vulnerability Management Add-on","50b0db0a-2147-48d7-c6fe-00e58f73d045","Microsoft Defender Vulnerability Management Add-on","Deleted","2","15-05-2026 21:45:14","15-05-2026 00:00:00","14-06-2026 00:00:00","True"
"OTU WA CNE - 104077","fffffc5f-ed67-423c-8df1-2731e736fdef","otuwacne104077.onmicrosoft.com","Microsoft 365 E5 (no Teams)","8c880703-10fa-4ff0-d9dd-762ad03cca68","Microsoft 365 E5 (no Teams)","Deleted","1","15-05-2026 21:21:48","15-05-2026 00:00:00","14-06-2026 00:00:00","True"
"OTU WA CNE - 104077","fffffc5f-ed67-423c-8df1-2731e736fdef","otuwacne104077.onmicrosoft.com","Microsoft Entra ID P2","8f3d20f5-a0dc-471e-c773-fc6d3e9fc051","Microsoft Entra ID P2","Deleted","5","15-05-2026 20:57:05","15-05-2026 00:00:00","14-06-2026 00:00:00","True"
"OTU WA CNE - 104077","fffffc5f-ed67-423c-8df1-2731e736fdef","otuwacne104077.onmicrosoft.com","Azure plan","dff69e17-d2d9-4fcf-df10-5bf0632b7bc4","Azure plan","Active","1","12-05-2026 13:31:57","12-05-2026 00:00:00","31-12-9999 23:59:59","False"
"OTU WA CNE - 104076","039b067a-d159-46ae-9491-a878b09a1854","otuwacne104076.onmicrosoft.com","Microsoft Intune Suite","2261986e-0505-46dd-d8df-04742b20c916","Microsoft Intune Suite","Deleted","2","16-05-2026 09:42:01","16-05-2026 00:00:00","15-06-2026 00:00:00","True"
"OTU WA CNE - 104076","039b067a-d159-46ae-9491-a878b09a1854","otuwacne104076.onmicrosoft.com","Microsoft Defender Vulnerability Management Add-on","f9310a5a-4984-42f1-c6cc-d12aeaaae25c","Microsoft Defender Vulnerability Management Add-on","Deleted","2","15-05-2026 21:44:56","15-05-2026 00:00:00","14-06-2026 00:00:00","True"
"OTU WA CNE - 104076","039b067a-d159-46ae-9491-a878b09a1854","otuwacne104076.onmicrosoft.com","Microsoft 365 E5 (no Teams)","78e4b320-d736-404b-cd2a-813aace215be","Microsoft 365 E5 (no Teams)","Deleted","1","15-05-2026 21:21:28","15-05-2026 00:00:00","14-06-2026 00:00:00","True"
"OTU WA CNE - 104076","039b067a-d159-46ae-9491-a878b09a1854","otuwacne104076.onmicrosoft.com","Microsoft Entra ID P2","6db6c90f-0c94-458c-d481-844254b0e7e0","Microsoft Entra ID P2","Deleted","5","15-05-2026 20:56:44","15-05-2026 00:00:00","14-06-2026 00:00:00","True"
"OTU WA CNE - 104076","039b067a-d159-46ae-9491-a878b09a1854","otuwacne104076.onmicrosoft.com","Azure plan","c980096d-2150-4393-d114-b61041f88253","Azure plan","Active","1","12-05-2026 13:28:01","12-05-2026 00:00:00","31-12-9999 23:59:59","False"
"OTU WA CNE - 104075","59aec059-467b-4420-85f8-63a5999e240f","otuwacne104075.onmicrosoft.com","Microsoft Intune Suite","f0605157-f0b1-428c-d43f-f0bd4d084d65","Microsoft Intune Suite","Deleted","2","16-05-2026 09:41:44","16-05-2026 00:00:00","15-06-2026 00:00:00","True"
"OTU WA CNE - 104075","59aec059-467b-4420-85f8-63a5999e240f","otuwacne104075.onmicrosoft.com","Microsoft Defender Vulnerability Management Add-on","7bbe68b1-4292-4212-dc8f-4b8bdaf6e5df","Microsoft Defender Vulnerability Management Add-on","Deleted","2","15-05-2026 21:44:41","15-05-2026 00:00:00","14-06-2026 00:00:00","True"
"OTU WA CNE - 104075","59aec059-467b-4420-85f8-63a5999e240f","otuwacne104075.onmicrosoft.com","Microsoft 365 E5 (no Teams)","4eeb6d5f-1197-44a0-c1e4-433357e11c40","Microsoft 365 E5 (no Teams)","Deleted","1","15-05-2026 21:21:09","15-05-2026 00:00:00","14-06-2026 00:00:00","True"
"OTU WA CNE - 104075","59aec059-467b-4420-85f8-63a5999e240f","otuwacne104075.onmicrosoft.com","Microsoft Entra ID P2","e19c4087-5864-41e0-c710-2e1a8c7491d3","Microsoft Entra ID P2","Deleted","5","15-05-2026 20:56:27","15-05-2026 00:00:00","14-06-2026 00:00:00","True"
"OTU WA CNE - 104075","59aec059-467b-4420-85f8-63a5999e240f","otuwacne104075.onmicrosoft.com","Azure plan","8cab97e9-2fb9-47e2-c8d7-ec346b882983","Azure plan","Active","1","12-05-2026 13:24:08","12-05-2026 00:00:00","31-12-9999 23:59:59","False"
"OTU WA CNE - 104074","c34e3c3c-cdea-4df4-a9b2-a8f075d51414","otuwacne104074.onmicrosoft.com","Microsoft Intune Suite","0cc1c45a-6144-4f44-d4ee-a5624ff247a6","Microsoft Intune Suite","Deleted","2","16-05-2026 09:41:26","16-05-2026 00:00:00","15-06-2026 00:00:00","True"
"OTU WA CNE - 104074","c34e3c3c-cdea-4df4-a9b2-a8f075d51414","otuwacne104074.onmicrosoft.com","Microsoft Defender Vulnerability Management Add-on","c25452c7-718f-4aa3-d93f-a0e11714d8e8","Microsoft Defender Vulnerability Management Add-on","Deleted","2","15-05-2026 21:44:23","15-05-2026 00:00:00","14-06-2026 00:00:00","True"
"OTU WA CNE - 104074","c34e3c3c-cdea-4df4-a9b2-a8f075d51414","otuwacne104074.onmicrosoft.com","Microsoft 365 E5 (no Teams)","3281d778-0924-4416-cc3b-f573a92e4f53","Microsoft 365 E5 (no Teams)","Deleted","1","15-05-2026 21:20:46","15-05-2026 00:00:00","14-06-2026 00:00:00","True"
"OTU WA CNE - 104074","c34e3c3c-cdea-4df4-a9b2-a8f075d51414","otuwacne104074.onmicrosoft.com","Microsoft Entra ID P2","0ace9a91-85cc-4e71-c782-1d171f56205a","Microsoft Entra ID P2","Deleted","5","15-05-2026 20:56:13","15-05-2026 00:00:00","14-06-2026 00:00:00","True"
"OTU WA CNE - 104074","c34e3c3c-cdea-4df4-a9b2-a8f075d51414","otuwacne104074.onmicrosoft.com","Azure plan","1a45439c-9964-4473-dc4b-65c178b0d6d3","Azure plan","Active","1","12-05-2026 13:20:09","12-05-2026 00:00:00","31-12-9999 23:59:59","False"
"OTU WA CNE - 104073","eabd3472-cea8-44cc-bd41-11ce48ea1e28","otuwacne104073.onmicrosoft.com","Microsoft Intune Suite","d19effb6-d51c-4384-d81f-a11791c86dc3","Microsoft Intune Suite","Deleted","2","16-05-2026 09:41:01","16-05-2026 00:00:00","15-06-2026 00:00:00","True"
"OTU WA CNE - 104073","eabd3472-cea8-44cc-bd41-11ce48ea1e28","otuwacne104073.onmicrosoft.com","Microsoft Defender Vulnerability Management Add-on","249347af-0f71-4921-d176-213904fce671","Microsoft Defender Vulnerability Management Add-on","Deleted","2","15-05-2026 21:44:08","15-05-2026 00:00:00","14-06-2026 00:00:00","True"
"OTU WA CNE - 104073","eabd3472-cea8-44cc-bd41-11ce48ea1e28","otuwacne104073.onmicrosoft.com","Microsoft 365 E5 (no Teams)","a57991f6-0468-444d-cd75-c1ee719b1cb9","Microsoft 365 E5 (no Teams)","Deleted","1","15-05-2026 21:20:18","15-05-2026 00:00:00","14-06-2026 00:00:00","True"
"OTU WA CNE - 104073","eabd3472-cea8-44cc-bd41-11ce48ea1e28","otuwacne104073.onmicrosoft.com","Microsoft Entra ID P2","6da90df5-8d6b-4dcb-df38-f7e1d3a0e433","Microsoft Entra ID P2","Deleted","5","15-05-2026 20:55:55","15-05-2026 00:00:00","14-06-2026 00:00:00","True"
"OTU WA CNE - 104073","eabd3472-cea8-44cc-bd41-11ce48ea1e28","otuwacne104073.onmicrosoft.com","Azure plan","9af77a65-47ca-41cb-d85f-b1e1c2df0576","Azure plan","Active","1","12-05-2026 13:16:12","12-05-2026 00:00:00","31-12-9999 23:59:59","False"
"OTU WA CNE - 104072","8277c11b-f94a-4827-802e-f04c56130f91","otuwacne104072.onmicrosoft.com","Microsoft Intune Suite","ec79e561-7e5a-4785-c7cf-51518205ad2d","Microsoft Intune Suite","Deleted","2","16-05-2026 09:40:38","16-05-2026 00:00:00","15-06-2026 00:00:00","True"
"OTU WA CNE - 104072","8277c11b-f94a-4827-802e-f04c56130f91","otuwacne104072.onmicrosoft.com","Microsoft Defender Vulnerability Management Add-on","52f9cb31-3108-406b-c939-b3248fa4bf66","Microsoft Defender Vulnerability Management Add-on","Deleted","2","15-05-2026 21:43:48","15-05-2026 00:00:00","14-06-2026 00:00:00","True"
"OTU WA CNE - 104072","8277c11b-f94a-4827-802e-f04c56130f91","otuwacne104072.onmicrosoft.com","Microsoft 365 E5 (no Teams)","454ffaf3-6ac1-4825-c063-134872148415","Microsoft 365 E5 (no Teams)","Deleted","1","15-05-2026 21:20:00","15-05-2026 00:00:00","14-06-2026 00:00:00","True"
"OTU WA CNE - 104072","8277c11b-f94a-4827-802e-f04c56130f91","otuwacne104072.onmicrosoft.com","Microsoft Entra ID P2","ff47a740-247c-4cc8-c14e-3c1252a7b99c","Microsoft Entra ID P2","Deleted","5","15-05-2026 20:55:39","15-05-2026 00:00:00","14-06-2026 00:00:00","True"
"OTU WA CNE - 104072","8277c11b-f94a-4827-802e-f04c56130f91","otuwacne104072.onmicrosoft.com","Azure plan","28894fb5-195f-4812-d580-b522cea3063e","Azure plan","Active","1","12-05-2026 13:12:12","12-05-2026 00:00:00","31-12-9999 23:59:59","False"
"OTU WA CNE - 104071","0cc0aa9c-7cd6-491d-b049-cb2747f476e6","otuwacne104071.onmicrosoft.com","Microsoft Intune Suite","333bf61e-0f5c-4037-ddb5-99378cc44359","Microsoft Intune Suite","Deleted","2","16-05-2026 09:40:13","16-05-2026 00:00:00","15-06-2026 00:00:00","True"
"OTU WA CNE - 104071","0cc0aa9c-7cd6-491d-b049-cb2747f476e6","otuwacne104071.onmicrosoft.com","Microsoft Defender Vulnerability Management Add-on","f0a38a2f-2c81-4d15-d549-1d09c0c0a85d","Microsoft Defender Vulnerability Management Add-on","Deleted","2","15-05-2026 21:43:31","15-05-2026 00:00:00","14-06-2026 00:00:00","True"
"OTU WA CNE - 104071","0cc0aa9c-7cd6-491d-b049-cb2747f476e6","otuwacne104071.onmicrosoft.com","Microsoft 365 E5 (no Teams)","00269027-6129-4ed2-cb4d-7e135de4e8f3","Microsoft 365 E5 (no Teams)","Deleted","1","15-05-2026 21:19:43","15-05-2026 00:00:00","14-06-2026 00:00:00","True"
"OTU WA CNE - 104071","0cc0aa9c-7cd6-491d-b049-cb2747f476e6","otuwacne104071.onmicrosoft.com","Microsoft Entra ID P2","661d7845-d91b-421f-d6a4-0efae32a81b4","Microsoft Entra ID P2","Deleted","5","15-05-2026 20:55:23","15-05-2026 00:00:00","14-06-2026 00:00:00","True"
"OTU WA CNE - 104071","0cc0aa9c-7cd6-491d-b049-cb2747f476e6","otuwacne104071.onmicrosoft.com","Azure plan","addd6f38-b319-4e0a-c5ff-493025cbb8a4","Azure plan","Active","1","12-05-2026 13:08:15","12-05-2026 00:00:00","31-12-9999 23:59:59","False"
"OTU WA CNE - 104070","c5cd50e2-be0c-4bc9-807c-a3953ead2da4","otuwacne104070.onmicrosoft.com","Microsoft Intune Suite","a0510c7b-21b0-439b-c861-70c0d072d97a","Microsoft Intune Suite","Deleted","2","16-05-2026 09:39:48","16-05-2026 00:00:00","15-06-2026 00:00:00","True"
"OTU WA CNE - 104070","c5cd50e2-be0c-4bc9-807c-a3953ead2da4","otuwacne104070.onmicrosoft.com","Microsoft Defender Vulnerability Management Add-on","5c12302d-d05e-4da1-c328-d8ac824dc437","Microsoft Defender Vulnerability Management Add-on","Deleted","2","15-05-2026 21:43:14","15-05-2026 00:00:00","14-06-2026 00:00:00","True"
"OTU WA CNE - 104070","c5cd50e2-be0c-4bc9-807c-a3953ead2da4","otuwacne104070.onmicrosoft.com","Microsoft 365 E5 (no Teams)","c8c01a72-6c68-475b-cece-5522774dddba","Microsoft 365 E5 (no Teams)","Deleted","1","15-05-2026 21:19:24","15-05-2026 00:00:00","14-06-2026 00:00:00","True"
"OTU WA CNE - 104070","c5cd50e2-be0c-4bc9-807c-a3953ead2da4","otuwacne104070.onmicrosoft.com","Microsoft Entra ID P2","cb7ce44b-e1bf-4bd9-ca99-6fdc94cb4503","Microsoft Entra ID P2","Deleted","5","15-05-2026 20:54:57","15-05-2026 00:00:00","14-06-2026 00:00:00","True"
"OTU WA CNE - 104070","c5cd50e2-be0c-4bc9-807c-a3953ead2da4","otuwacne104070.onmicrosoft.com","Azure plan","b96491e4-238a-4a20-c1de-6eb6d7dc94f8","Azure plan","Active","1","12-05-2026 13:04:18","12-05-2026 00:00:00","31-12-9999 23:59:59","False"
"OTU WA CNE - 104069","4744ded2-5d95-4b46-8f14-0a84c08f71f5","otuwacne104069.onmicrosoft.com","Microsoft Intune Suite","62d5a265-7285-4546-cabb-d86a3a62415b","Microsoft Intune Suite","Deleted","2","16-05-2026 09:39:28","16-05-2026 00:00:00","15-06-2026 00:00:00","True"
"OTU WA CNE - 104069","4744ded2-5d95-4b46-8f14-0a84c08f71f5","otuwacne104069.onmicrosoft.com","Microsoft Defender Vulnerability Management Add-on","ace6e704-bd08-4b56-d868-31b011936510","Microsoft Defender Vulnerability Management Add-on","Deleted","2","15-05-2026 21:42:56","15-05-2026 00:00:00","14-06-2026 00:00:00","True"
"OTU WA CNE - 104069","4744ded2-5d95-4b46-8f14-0a84c08f71f5","otuwacne104069.onmicrosoft.com","Microsoft 365 E5 (no Teams)","5a1161a1-0fff-4b9a-c033-fdee526608f2","Microsoft 365 E5 (no Teams)","Deleted","1","15-05-2026 21:19:02","15-05-2026 00:00:00","14-06-2026 00:00:00","True"
"OTU WA CNE - 104069","4744ded2-5d95-4b46-8f14-0a84c08f71f5","otuwacne104069.onmicrosoft.com","Microsoft Entra ID P2","bf4a555b-418b-43f7-d0d6-53ff35134d47","Microsoft Entra ID P2","Deleted","5","15-05-2026 20:54:05","15-05-2026 00:00:00","14-06-2026 00:00:00","True"
"OTU WA CNE - 104069","4744ded2-5d95-4b46-8f14-0a84c08f71f5","otuwacne104069.onmicrosoft.com","Azure plan","9a1df2bc-94d5-4b8c-c15e-ed860974ba51","Azure plan","Active","1","12-05-2026 13:00:09","12-05-2026 00:00:00","31-12-9999 23:59:59","False"
"OTU WA CNE - 104068","c7bdbea2-b9fb-4510-96b1-3ffa23d764bb","otuwacne104068.onmicrosoft.com","Microsoft Intune Suite","821f0f3b-4a50-46e5-dace-71f5e726d806","Microsoft Intune Suite","Deleted","2","16-05-2026 09:39:12","16-05-2026 00:00:00","15-06-2026 00:00:00","True"
"OTU WA CNE - 104068","c7bdbea2-b9fb-4510-96b1-3ffa23d764bb","otuwacne104068.onmicrosoft.com","Microsoft Defender Vulnerability Management Add-on","e583adc6-5b01-4b53-dd04-07c8068d1e93","Microsoft Defender Vulnerability Management Add-on","Deleted","2","15-05-2026 21:42:33","15-05-2026 00:00:00","14-06-2026 00:00:00","True"
"OTU WA CNE - 104068","c7bdbea2-b9fb-4510-96b1-3ffa23d764bb","otuwacne104068.onmicrosoft.com","Microsoft 365 E5 (no Teams)","7c33d6d8-4041-4650-dda4-1b2f587636d7","Microsoft 365 E5 (no Teams)","Deleted","1","15-05-2026 21:18:38","15-05-2026 00:00:00","14-06-2026 00:00:00","True"
"OTU WA CNE - 104068","c7bdbea2-b9fb-4510-96b1-3ffa23d764bb","otuwacne104068.onmicrosoft.com","Microsoft Entra ID P2","1a19895c-81e5-4ed1-df84-9647557a4d3d","Microsoft Entra ID P2","Deleted","5","15-05-2026 20:54:36","15-05-2026 00:00:00","14-06-2026 00:00:00","True"
"OTU WA CNE - 104068","c7bdbea2-b9fb-4510-96b1-3ffa23d764bb","otuwacne104068.onmicrosoft.com","Azure plan","a014ac55-c7fe-4b17-da23-a4e0c380711c","Azure plan","Active","1","12-05-2026 12:56:05","12-05-2026 00:00:00","31-12-9999 23:59:59","False"
"OTU WA CNE - 104067","e4b42f53-aa42-47fb-b6c4-2094797b71e1","otuwacne104067.onmicrosoft.com","Microsoft Intune Suite","799156ed-5e68-40d2-c2e4-7db3e2265f1a","Microsoft Intune Suite","Deleted","2","16-05-2026 09:38:52","16-05-2026 00:00:00","15-06-2026 00:00:00","True"
"OTU WA CNE - 104067","e4b42f53-aa42-47fb-b6c4-2094797b71e1","otuwacne104067.onmicrosoft.com","Microsoft Defender Vulnerability Management Add-on","46defaad-b3ea-4b75-df5a-462fa7eb8b2e","Microsoft Defender Vulnerability Management Add-on","Deleted","2","15-05-2026 21:42:18","15-05-2026 00:00:00","14-06-2026 00:00:00","True"
"OTU WA CNE - 104067","e4b42f53-aa42-47fb-b6c4-2094797b71e1","otuwacne104067.onmicrosoft.com","Microsoft 365 E5 (no Teams)","293096b9-b103-40dc-d0c1-d2265958a6f4","Microsoft 365 E5 (no Teams)","Deleted","1","15-05-2026 21:18:12","15-05-2026 00:00:00","14-06-2026 00:00:00","True"
"OTU WA CNE - 104067","e4b42f53-aa42-47fb-b6c4-2094797b71e1","otuwacne104067.onmicrosoft.com","Microsoft Entra ID P2","b6c18de7-4cb8-4ecc-c4e7-3acbb0cb96fa","Microsoft Entra ID P2","Deleted","5","15-05-2026 20:53:50","15-05-2026 00:00:00","14-06-2026 00:00:00","True"
"OTU WA CNE - 104067","e4b42f53-aa42-47fb-b6c4-2094797b71e1","otuwacne104067.onmicrosoft.com","Azure plan","6f003982-a326-4753-df75-45c1d8c022be","Azure plan","Active","1","12-05-2026 12:52:10","12-05-2026 00:00:00","31-12-9999 23:59:59","False"
"OTU WA CNE - 104066","7be8c231-7762-4d04-9675-df54c78f4fd4","otuwacne104066.onmicrosoft.com","Microsoft Intune Suite","9462a92a-552f-4a02-d403-e720356d63b9","Microsoft Intune Suite","Deleted","2","16-05-2026 09:38:36","16-05-2026 00:00:00","15-06-2026 00:00:00","True"
"OTU WA CNE - 104066","7be8c231-7762-4d04-9675-df54c78f4fd4","otuwacne104066.onmicrosoft.com","Microsoft Defender Vulnerability Management Add-on","5ce50620-e1a0-41b9-cfb1-4631f4d5dd2f","Microsoft Defender Vulnerability Management Add-on","Deleted","2","15-05-2026 21:42:04","15-05-2026 00:00:00","14-06-2026 00:00:00","True"
"OTU WA CNE - 104066","7be8c231-7762-4d04-9675-df54c78f4fd4","otuwacne104066.onmicrosoft.com","Microsoft 365 E5 (no Teams)","31983da6-13e0-4c80-cb6b-afa1241c5e14","Microsoft 365 E5 (no Teams)","Deleted","1","15-05-2026 21:17:52","15-05-2026 00:00:00","14-06-2026 00:00:00","True"
"OTU WA CNE - 104066","7be8c231-7762-4d04-9675-df54c78f4fd4","otuwacne104066.onmicrosoft.com","Microsoft Entra ID P2","fb53b243-f750-43fb-dc3d-d914388cb543","Microsoft Entra ID P2","Deleted","5","15-05-2026 20:53:32","15-05-2026 00:00:00","14-06-2026 00:00:00","True"
"OTU WA CNE - 104066","7be8c231-7762-4d04-9675-df54c78f4fd4","otuwacne104066.onmicrosoft.com","Azure plan","8f4976e1-4d35-4244-cb27-46927cda5608","Azure plan","Active","1","12-05-2026 12:48:04","12-05-2026 00:00:00","31-12-9999 23:59:59","False"
"OTU WA CNE -  104059","1b2c7d15-bec3-4910-a516-14ed6bf1c66a","otuwacne104059.onmicrosoft.com","Microsoft Defender Vulnerability Management Add-on","0cbef105-0a7a-4a29-dcd0-8f38fb92e51c","Microsoft Defender Vulnerability Management Add-on","Active","1","21-05-2026 21:29:10","21-05-2026 00:00:00","20-06-2026 00:00:00","True"
"OTU WA CNE -  104059","1b2c7d15-bec3-4910-a516-14ed6bf1c66a","otuwacne104059.onmicrosoft.com","Microsoft 365 E5 (no Teams)","b43843f6-b3a5-4431-d9c6-2ba855f8de50","Microsoft 365 E5 (no Teams)","Deleted","1","21-05-2026 21:04:40","21-05-2026 00:00:00","20-06-2026 00:00:00","True"
"OTU WA CNE -  104059","1b2c7d15-bec3-4910-a516-14ed6bf1c66a","otuwacne104059.onmicrosoft.com","Microsoft Intune Suite","346e492f-5ba9-41af-db00-12ade0634df9","Microsoft Intune Suite","Deleted","1","21-05-2026 20:33:19","21-05-2026 00:00:00","20-06-2026 00:00:00","True"
"OTU WA CNE -  104059","1b2c7d15-bec3-4910-a516-14ed6bf1c66a","otuwacne104059.onmicrosoft.com","Microsoft Defender Vulnerability Management Add-on","8a2ce367-cb7c-470d-cb70-48ddb7fb37f4","Microsoft Defender Vulnerability Management Add-on","Deleted","1","21-05-2026 20:04:44","21-05-2026 00:00:00","20-06-2026 00:00:00","True"
"OTU WA CNE -  104059","1b2c7d15-bec3-4910-a516-14ed6bf1c66a","otuwacne104059.onmicrosoft.com","Microsoft Intune Suite","6b3cc327-25b0-4586-cccf-0bbfdf51ea81","Microsoft Intune Suite","Deleted","2","16-05-2026 09:38:19","16-05-2026 00:00:00","15-06-2026 00:00:00","True"
"OTU WA CNE -  104059","1b2c7d15-bec3-4910-a516-14ed6bf1c66a","otuwacne104059.onmicrosoft.com","Microsoft Defender Vulnerability Management Add-on","4995e862-2649-4692-d546-b7a8ca3beb0d","Microsoft Defender Vulnerability Management Add-on","Deleted","2","15-05-2026 21:41:49","15-05-2026 00:00:00","14-06-2026 00:00:00","True"
"OTU WA CNE -  104059","1b2c7d15-bec3-4910-a516-14ed6bf1c66a","otuwacne104059.onmicrosoft.com","Microsoft 365 E5 (no Teams)","d6676311-344d-461c-daf5-c78ab6aa7b93","Microsoft 365 E5 (no Teams)","Deleted","1","15-05-2026 21:17:24","15-05-2026 00:00:00","14-06-2026 00:00:00","True"
"OTU WA CNE -  104059","1b2c7d15-bec3-4910-a516-14ed6bf1c66a","otuwacne104059.onmicrosoft.com","Microsoft Entra ID P2","20aa19ce-d474-4613-de08-ccd5ecd0ebc4","Microsoft Entra ID P2","Deleted","5","15-05-2026 20:52:58","15-05-2026 00:00:00","14-06-2026 00:00:00","True"
"OTU WA CNE -  104059","1b2c7d15-bec3-4910-a516-14ed6bf1c66a","otuwacne104059.onmicrosoft.com","Azure plan","c4d65237-0026-4405-d766-b2ec29e37fda","Azure plan","Active","1","12-05-2026 07:54:07","12-05-2026 00:00:00","31-12-9999 23:59:59","False"
"OTU WA CNE - 104040","ec241690-4987-4d99-85c3-5d250077e78b","otuwacne104040.onmicrosoft.com","Microsoft Defender Vulnerability Management Add-on","884ea2c6-1905-4e13-c931-d40b89ca1d3a","Microsoft Defender Vulnerability Management Add-on","Active","1","21-05-2026 21:28:47","21-05-2026 00:00:00","20-06-2026 00:00:00","True"
"OTU WA CNE - 104040","ec241690-4987-4d99-85c3-5d250077e78b","otuwacne104040.onmicrosoft.com","Microsoft 365 E5 (no Teams)","087d33e4-d2b1-479a-debb-cc1f1b0090d3","Microsoft 365 E5 (no Teams)","Deleted","1","21-05-2026 21:04:16","21-05-2026 00:00:00","20-06-2026 00:00:00","True"
"OTU WA CNE - 104040","ec241690-4987-4d99-85c3-5d250077e78b","otuwacne104040.onmicrosoft.com","Microsoft Intune Suite","7b1722b1-1f78-4f07-c456-1302a1b75b7e","Microsoft Intune Suite","Deleted","1","21-05-2026 20:32:55","21-05-2026 00:00:00","20-06-2026 00:00:00","True"
"OTU WA CNE - 104040","ec241690-4987-4d99-85c3-5d250077e78b","otuwacne104040.onmicrosoft.com","Microsoft Defender Vulnerability Management Add-on","be3f5227-c684-433a-cb2d-ab56d860e499","Microsoft Defender Vulnerability Management Add-on","Deleted","1","21-05-2026 20:03:56","21-05-2026 00:00:00","20-06-2026 00:00:00","True"
"OTU WA CNE - 104040","ec241690-4987-4d99-85c3-5d250077e78b","otuwacne104040.onmicrosoft.com","Microsoft Intune Suite","19d16b11-8dcd-4ef6-d37f-03cb9a3aaffe","Microsoft Intune Suite","Deleted","2","16-05-2026 09:38:03","16-05-2026 00:00:00","15-06-2026 00:00:00","True"
"OTU WA CNE - 104040","ec241690-4987-4d99-85c3-5d250077e78b","otuwacne104040.onmicrosoft.com","Microsoft Defender Vulnerability Management Add-on","1a58f215-9eac-41d8-c932-8e7734e60a2d","Microsoft Defender Vulnerability Management Add-on","Deleted","1","15-05-2026 21:41:32","15-05-2026 00:00:00","14-06-2026 00:00:00","True"
"OTU WA CNE - 104040","ec241690-4987-4d99-85c3-5d250077e78b","otuwacne104040.onmicrosoft.com","Microsoft 365 E5 (no Teams)","e55cede3-3fd4-447e-c076-b80580d49cec","Microsoft 365 E5 (no Teams)","Deleted","1","15-05-2026 21:17:03","15-05-2026 00:00:00","14-06-2026 00:00:00","True"
"OTU WA CNE - 104040","ec241690-4987-4d99-85c3-5d250077e78b","otuwacne104040.onmicrosoft.com","Microsoft Entra ID P2","3808bb4c-a73d-44d3-dfc9-fbb86fe9599d","Microsoft Entra ID P2","Deleted","5","15-05-2026 20:53:15","15-05-2026 00:00:00","14-06-2026 00:00:00","True"
"OTU WA CNE - 104040","ec241690-4987-4d99-85c3-5d250077e78b","otuwacne104040.onmicrosoft.com","Azure plan","8ac0df83-d976-4e8b-d99c-777ec1467903","Azure plan","Active","1","11-05-2026 16:20:01","11-05-2026 00:00:00","31-12-9999 23:59:59","False"
"OTU WA CNE - 104039","cb986d18-9943-4824-831d-d38ee2ef2d3d","otuwacne104039.onmicrosoft.com","Microsoft 365 E5 (no Teams)","66d354e9-4fe8-4875-d20a-524102f2b88d","Microsoft 365 E5 (no Teams)","Deleted","1","21-05-2026 21:03:48","21-05-2026 00:00:00","20-06-2026 00:00:00","True"
"OTU WA CNE - 104039","cb986d18-9943-4824-831d-d38ee2ef2d3d","otuwacne104039.onmicrosoft.com","Microsoft Intune Suite","14f52d4d-a0c1-4d8f-cf35-c13e12fed530","Microsoft Intune Suite","Deleted","1","21-05-2026 20:31:36","21-05-2026 00:00:00","20-06-2026 00:00:00","True"
"OTU WA CNE - 104039","cb986d18-9943-4824-831d-d38ee2ef2d3d","otuwacne104039.onmicrosoft.com","Microsoft Defender Vulnerability Management Add-on","73b69928-86eb-4856-c701-6b45b8fe1a4d","Microsoft Defender Vulnerability Management Add-on","Active","1","21-05-2026 20:03:26","21-05-2026 00:00:00","20-06-2026 00:00:00","True"
"OTU WA CNE - 104039","cb986d18-9943-4824-831d-d38ee2ef2d3d","otuwacne104039.onmicrosoft.com","Microsoft Intune Suite","27696b9e-1cac-476b-ce90-0e9c403f1d52","Microsoft Intune Suite","Deleted","2","16-05-2026 09:37:47","16-05-2026 00:00:00","15-06-2026 00:00:00","True"
"OTU WA CNE - 104039","cb986d18-9943-4824-831d-d38ee2ef2d3d","otuwacne104039.onmicrosoft.com","Microsoft Defender Vulnerability Management Add-on","d8f158b4-89e3-4f10-d085-15a060ea8ae5","Microsoft Defender Vulnerability Management Add-on","Deleted","1","15-05-2026 21:41:15","15-05-2026 00:00:00","14-06-2026 00:00:00","True"
"OTU WA CNE - 104039","cb986d18-9943-4824-831d-d38ee2ef2d3d","otuwacne104039.onmicrosoft.com","Microsoft 365 E5 (no Teams)","8c39bc28-188c-4c92-d17d-6a87ea910d07","Microsoft 365 E5 (no Teams)","Deleted","1","15-05-2026 21:16:44","15-05-2026 00:00:00","14-06-2026 00:00:00","True"
"OTU WA CNE - 104039","cb986d18-9943-4824-831d-d38ee2ef2d3d","otuwacne104039.onmicrosoft.com","Microsoft Entra ID P2","5c2c3dce-24f1-48af-c617-1ef462d7ed9f","Microsoft Entra ID P2","Deleted","5","15-05-2026 20:52:36","15-05-2026 00:00:00","14-06-2026 00:00:00","True"
"OTU WA CNE - 104039","cb986d18-9943-4824-831d-d38ee2ef2d3d","otuwacne104039.onmicrosoft.com","Azure plan","a0c70f05-7924-4bba-ca08-9f403bdd8f6e","Azure plan","Active","1","11-05-2026 16:15:32","11-05-2026 00:00:00","31-12-9999 23:59:59","False"
"OTU WA CNE - 104038","6b2cb526-38f0-4e01-89d7-02a077e7b346","otuwacne104038.onmicrosoft.com","Microsoft 365 E5 (no Teams)","b97a6017-9ad8-470b-c3ae-32e95640483d","Microsoft 365 E5 (no Teams)","Deleted","1","21-05-2026 21:03:21","21-05-2026 00:00:00","20-06-2026 00:00:00","True"
"OTU WA CNE - 104038","6b2cb526-38f0-4e01-89d7-02a077e7b346","otuwacne104038.onmicrosoft.com","Microsoft Intune Suite","fac29636-9a02-4262-ce7b-e58c03dc53b0","Microsoft Intune Suite","Deleted","1","21-05-2026 20:30:59","21-05-2026 00:00:00","20-06-2026 00:00:00","True"
"OTU WA CNE - 104038","6b2cb526-38f0-4e01-89d7-02a077e7b346","otuwacne104038.onmicrosoft.com","Microsoft Defender Vulnerability Management Add-on","365559cc-0ce8-41e7-cdd3-e872cc2a29ea","Microsoft Defender Vulnerability Management Add-on","Active","1","21-05-2026 20:02:56","21-05-2026 00:00:00","20-06-2026 00:00:00","True"
"OTU WA CNE - 104038","6b2cb526-38f0-4e01-89d7-02a077e7b346","otuwacne104038.onmicrosoft.com","Microsoft Intune Suite","fefa75dd-95fd-46ed-c620-ea6e873ea0f7","Microsoft Intune Suite","Deleted","2","16-05-2026 09:37:29","16-05-2026 00:00:00","15-06-2026 00:00:00","True"
"OTU WA CNE - 104038","6b2cb526-38f0-4e01-89d7-02a077e7b346","otuwacne104038.onmicrosoft.com","Microsoft Defender Vulnerability Management Add-on","5b6fe7a8-dda7-4bef-d9ae-978da07395d2","Microsoft Defender Vulnerability Management Add-on","Deleted","1","15-05-2026 21:41:02","15-05-2026 00:00:00","14-06-2026 00:00:00","True"
"OTU WA CNE - 104038","6b2cb526-38f0-4e01-89d7-02a077e7b346","otuwacne104038.onmicrosoft.com","Microsoft 365 E5 (no Teams)","5eefd25a-7b38-4f26-c291-e71dfc5d0cb3","Microsoft 365 E5 (no Teams)","Deleted","1","15-05-2026 21:16:26","15-05-2026 00:00:00","14-06-2026 00:00:00","True"
"OTU WA CNE - 104038","6b2cb526-38f0-4e01-89d7-02a077e7b346","otuwacne104038.onmicrosoft.com","Microsoft Entra ID P2","7d199cee-ed12-44a8-df49-35e6a5045c1a","Microsoft Entra ID P2","Deleted","5","15-05-2026 20:52:16","15-05-2026 00:00:00","14-06-2026 00:00:00","True"
"OTU WA CNE - 104038","6b2cb526-38f0-4e01-89d7-02a077e7b346","otuwacne104038.onmicrosoft.com","Azure plan","6e722f26-d2f3-4269-d88d-593ceef00373","Azure plan","Active","1","11-05-2026 16:11:33","11-05-2026 00:00:00","31-12-9999 23:59:59","False"
"OTU WA CNE - 104037","54445e7b-b406-45a1-bc8b-7e18795721d2","otuwacne104037.onmicrosoft.com","Microsoft 365 E5 (no Teams)","fe9b8a72-fb01-4642-dfe4-e20955e1ffb4","Microsoft 365 E5 (no Teams)","Deleted","1","21-05-2026 21:02:52","21-05-2026 00:00:00","20-06-2026 00:00:00","True"
"OTU WA CNE - 104037","54445e7b-b406-45a1-bc8b-7e18795721d2","otuwacne104037.onmicrosoft.com","Microsoft Intune Suite","66277d9b-0afc-4d99-c9e5-bb3809ef8e0f","Microsoft Intune Suite","Deleted","1","21-05-2026 20:30:38","21-05-2026 00:00:00","20-06-2026 00:00:00","True"
"OTU WA CNE - 104037","54445e7b-b406-45a1-bc8b-7e18795721d2","otuwacne104037.onmicrosoft.com","Microsoft Defender Vulnerability Management Add-on","e734770f-9243-49d2-c7bb-ed8d1d70d634","Microsoft Defender Vulnerability Management Add-on","Active","1","21-05-2026 20:02:25","21-05-2026 00:00:00","20-06-2026 00:00:00","True"
"OTU WA CNE - 104037","54445e7b-b406-45a1-bc8b-7e18795721d2","otuwacne104037.onmicrosoft.com","Microsoft Intune Suite","d15c4733-0c81-4d5e-ccc3-af017d475d17","Microsoft Intune Suite","Deleted","2","16-05-2026 09:37:08","16-05-2026 00:00:00","15-06-2026 00:00:00","True"
"OTU WA CNE - 104037","54445e7b-b406-45a1-bc8b-7e18795721d2","otuwacne104037.onmicrosoft.com","Microsoft Defender Vulnerability Management Add-on","75436524-1cbc-4ad4-c052-57107022917a","Microsoft Defender Vulnerability Management Add-on","Deleted","1","15-05-2026 21:40:47","15-05-2026 00:00:00","14-06-2026 00:00:00","True"
"OTU WA CNE - 104037","54445e7b-b406-45a1-bc8b-7e18795721d2","otuwacne104037.onmicrosoft.com","Microsoft 365 E5 (no Teams)","65cb550f-fa45-466e-ccc6-9df2db548f02","Microsoft 365 E5 (no Teams)","Deleted","1","15-05-2026 21:16:08","15-05-2026 00:00:00","14-06-2026 00:00:00","True"
"OTU WA CNE - 104037","54445e7b-b406-45a1-bc8b-7e18795721d2","otuwacne104037.onmicrosoft.com","Microsoft Entra ID P2","8cde8fa7-2684-4c17-cf96-abc61d1d7969","Microsoft Entra ID P2","Deleted","5","15-05-2026 20:51:54","15-05-2026 00:00:00","14-06-2026 00:00:00","True"
"OTU WA CNE - 104037","54445e7b-b406-45a1-bc8b-7e18795721d2","otuwacne104037.onmicrosoft.com","Azure plan","3a32678a-739a-4e2a-d35b-0b852de753e0","Azure plan","Active","1","11-05-2026 16:07:29","11-05-2026 00:00:00","31-12-9999 23:59:59","False"
"OTU WA CNE - 104036","aea992f4-7e48-4c8d-90e6-164046a30ec4","otuwacne104036.onmicrosoft.com","Microsoft Intune Suite","d4bfb6d6-2b45-4832-ca6f-1e02a17866a9","Microsoft Intune Suite","Deleted","1","21-05-2026 20:30:00","21-05-2026 00:00:00","20-06-2026 00:00:00","True"
"OTU WA CNE - 104036","aea992f4-7e48-4c8d-90e6-164046a30ec4","otuwacne104036.onmicrosoft.com","Microsoft Defender Vulnerability Management Add-on","2a0f1b8c-44db-4fd2-cd2f-7e7163229328","Microsoft Defender Vulnerability Management Add-on","Active","1","21-05-2026 20:02:01","21-05-2026 00:00:00","20-06-2026 00:00:00","True"
"OTU WA CNE - 104036","aea992f4-7e48-4c8d-90e6-164046a30ec4","otuwacne104036.onmicrosoft.com","Microsoft 365 E5 (no Teams)","157d41ea-f08a-4482-d12c-5b20ce1c59cd","Microsoft 365 E5 (no Teams)","Deleted","1","21-05-2026 19:45:11","21-05-2026 00:00:00","20-06-2026 00:00:00","True"
"OTU WA CNE - 104036","aea992f4-7e48-4c8d-90e6-164046a30ec4","otuwacne104036.onmicrosoft.com","Microsoft Intune Suite","c4d34579-ee71-4378-c036-708c9634dd41","Microsoft Intune Suite","Deleted","2","16-05-2026 09:36:49","16-05-2026 00:00:00","15-06-2026 00:00:00","True"
"OTU WA CNE - 104036","aea992f4-7e48-4c8d-90e6-164046a30ec4","otuwacne104036.onmicrosoft.com","Microsoft Defender Vulnerability Management Add-on","17b8635d-075c-4ac0-d16c-3e096a767086","Microsoft Defender Vulnerability Management Add-on","Deleted","1","15-05-2026 21:40:31","15-05-2026 00:00:00","14-06-2026 00:00:00","True"
"OTU WA CNE - 104036","aea992f4-7e48-4c8d-90e6-164046a30ec4","otuwacne104036.onmicrosoft.com","Microsoft 365 E5 (no Teams)","7e072500-a90a-47cd-cf8b-f0a8363b6857","Microsoft 365 E5 (no Teams)","Deleted","1","15-05-2026 21:15:48","15-05-2026 00:00:00","14-06-2026 00:00:00","True"
"OTU WA CNE - 104036","aea992f4-7e48-4c8d-90e6-164046a30ec4","otuwacne104036.onmicrosoft.com","Microsoft Entra ID P2","07f619f7-03d2-47c5-d107-e33ea20f9ac0","Microsoft Entra ID P2","Deleted","5","15-05-2026 20:51:34","15-05-2026 00:00:00","14-06-2026 00:00:00","True"
"OTU WA CNE - 104036","aea992f4-7e48-4c8d-90e6-164046a30ec4","otuwacne104036.onmicrosoft.com","Azure plan","d63b308d-bde0-4cd4-c3b7-6da06c0a320d","Azure plan","Active","1","11-05-2026 16:03:24","11-05-2026 00:00:00","31-12-9999 23:59:59","False"
"OTU WA CNE - 104035","a1f09864-e1dc-44a9-9378-80bcc319f819","otuwacne104035.onmicrosoft.com","Microsoft Intune Suite","09074052-a758-4995-c5d2-1d3feb78278b","Microsoft Intune Suite","Deleted","1","21-05-2026 20:29:40","21-05-2026 00:00:00","20-06-2026 00:00:00","True"
"OTU WA CNE - 104035","a1f09864-e1dc-44a9-9378-80bcc319f819","otuwacne104035.onmicrosoft.com","Microsoft Defender Vulnerability Management Add-on","eeb90cfc-a57d-4768-dd3a-c82f119581ac","Microsoft Defender Vulnerability Management Add-on","Active","1","21-05-2026 20:01:26","21-05-2026 00:00:00","20-06-2026 00:00:00","True"
"OTU WA CNE - 104035","a1f09864-e1dc-44a9-9378-80bcc319f819","otuwacne104035.onmicrosoft.com","Microsoft 365 E5 (no Teams)","7822a224-19d2-41a7-de2d-df88901ee225","Microsoft 365 E5 (no Teams)","Deleted","1","21-05-2026 19:44:46","21-05-2026 00:00:00","20-06-2026 00:00:00","True"
"OTU WA CNE - 104035","a1f09864-e1dc-44a9-9378-80bcc319f819","otuwacne104035.onmicrosoft.com","Microsoft Intune Suite","ab9982a1-b0c3-49b8-c87d-48005e46fde5","Microsoft Intune Suite","Deleted","2","16-05-2026 09:36:29","16-05-2026 00:00:00","15-06-2026 00:00:00","True"
"OTU WA CNE - 104035","a1f09864-e1dc-44a9-9378-80bcc319f819","otuwacne104035.onmicrosoft.com","Microsoft Defender Vulnerability Management Add-on","22fe013a-7aab-4f52-d566-8f2d6dab8681","Microsoft Defender Vulnerability Management Add-on","Deleted","1","15-05-2026 21:40:17","15-05-2026 00:00:00","14-06-2026 00:00:00","True"
"OTU WA CNE - 104035","a1f09864-e1dc-44a9-9378-80bcc319f819","otuwacne104035.onmicrosoft.com","Microsoft 365 E5 (no Teams)","efbb22fa-3743-45ea-d831-5ef142cafe38","Microsoft 365 E5 (no Teams)","Deleted","1","15-05-2026 21:15:25","15-05-2026 00:00:00","14-06-2026 00:00:00","True"
"OTU WA CNE - 104035","a1f09864-e1dc-44a9-9378-80bcc319f819","otuwacne104035.onmicrosoft.com","Microsoft Entra ID P2","b0cbd0a2-cc1d-4940-de3c-4beafac66dde","Microsoft Entra ID P2","Deleted","5","15-05-2026 20:51:15","15-05-2026 00:00:00","14-06-2026 00:00:00","True"
"OTU WA CNE - 104035","a1f09864-e1dc-44a9-9378-80bcc319f819","otuwacne104035.onmicrosoft.com","Azure plan","84497895-ce6a-499d-d661-62bfaee6c3fa","Azure plan","Active","1","11-05-2026 15:59:15","11-05-2026 00:00:00","31-12-9999 23:59:59","False"
"OTU WA CNE - 104034","eb81c46e-9dd7-4f98-923d-cde68124d5e3","otuwacne104034.onmicrosoft.com","Microsoft Intune Suite","b7ac88af-8f5d-47ca-c133-78c970dbf7fb","Microsoft Intune Suite","Deleted","1","21-05-2026 20:29:09","21-05-2026 00:00:00","20-06-2026 00:00:00","True"
"OTU WA CNE - 104034","eb81c46e-9dd7-4f98-923d-cde68124d5e3","otuwacne104034.onmicrosoft.com","Microsoft Defender Vulnerability Management Add-on","41e9300d-c18e-4c44-ddc2-1e3d5612ecaa","Microsoft Defender Vulnerability Management Add-on","Active","1","21-05-2026 20:01:06","21-05-2026 00:00:00","20-06-2026 00:00:00","True"
"OTU WA CNE - 104034","eb81c46e-9dd7-4f98-923d-cde68124d5e3","otuwacne104034.onmicrosoft.com","Microsoft 365 E5 (no Teams)","63c989e0-6fa1-430f-db31-7f55fbd715a3","Microsoft 365 E5 (no Teams)","Deleted","1","21-05-2026 19:44:15","21-05-2026 00:00:00","20-06-2026 00:00:00","True"
"OTU WA CNE - 104034","eb81c46e-9dd7-4f98-923d-cde68124d5e3","otuwacne104034.onmicrosoft.com","Microsoft Intune Suite","5a9a3ad9-b351-4cb9-d743-6702a80f90b3","Microsoft Intune Suite","Deleted","2","16-05-2026 09:36:11","16-05-2026 00:00:00","15-06-2026 00:00:00","True"
"OTU WA CNE - 104034","eb81c46e-9dd7-4f98-923d-cde68124d5e3","otuwacne104034.onmicrosoft.com","Microsoft Defender Vulnerability Management Add-on","627c5819-d945-419f-c874-3659b49af2b3","Microsoft Defender Vulnerability Management Add-on","Deleted","1","15-05-2026 21:40:01","15-05-2026 00:00:00","14-06-2026 00:00:00","True"
"OTU WA CNE - 104034","eb81c46e-9dd7-4f98-923d-cde68124d5e3","otuwacne104034.onmicrosoft.com","Microsoft 365 E5 (no Teams)","cffba0cc-ba45-4d2d-c08f-b3cde868c331","Microsoft 365 E5 (no Teams)","Deleted","1","15-05-2026 21:14:59","15-05-2026 00:00:00","14-06-2026 00:00:00","True"
"OTU WA CNE - 104034","eb81c46e-9dd7-4f98-923d-cde68124d5e3","otuwacne104034.onmicrosoft.com","Microsoft Entra ID P2","c1398b76-7b75-402a-df86-44db4c351963","Microsoft Entra ID P2","Deleted","5","15-05-2026 20:51:00","15-05-2026 00:00:00","14-06-2026 00:00:00","True"
"OTU WA CNE - 104034","eb81c46e-9dd7-4f98-923d-cde68124d5e3","otuwacne104034.onmicrosoft.com","Azure plan","23183d30-a9d8-42ec-c7e3-8e2fa09fe59d","Azure plan","Active","1","11-05-2026 15:55:11","11-05-2026 00:00:00","31-12-9999 23:59:59","False"
"OTU WA CNE - 104033","f7d431d4-3384-4a3d-89b2-0e928854f53a","otuwacne104033.onmicrosoft.com","Microsoft Intune Suite","3f0e826a-6680-4718-d06b-b0279c58cd6e","Microsoft Intune Suite","Deleted","1","21-05-2026 20:28:45","21-05-2026 00:00:00","20-06-2026 00:00:00","True"
"OTU WA CNE - 104033","f7d431d4-3384-4a3d-89b2-0e928854f53a","otuwacne104033.onmicrosoft.com","Microsoft Defender Vulnerability Management Add-on","115d1ec1-b950-487c-d99a-6a837fd2c9d8","Microsoft Defender Vulnerability Management Add-on","Active","1","21-05-2026 20:00:45","21-05-2026 00:00:00","20-06-2026 00:00:00","True"
"OTU WA CNE - 104033","f7d431d4-3384-4a3d-89b2-0e928854f53a","otuwacne104033.onmicrosoft.com","Microsoft 365 E5 (no Teams)","6f769a88-2ed9-4fc0-d749-03f8eceb59d3","Microsoft 365 E5 (no Teams)","Deleted","1","21-05-2026 19:43:54","21-05-2026 00:00:00","20-06-2026 00:00:00","True"
"OTU WA CNE - 104033","f7d431d4-3384-4a3d-89b2-0e928854f53a","otuwacne104033.onmicrosoft.com","Microsoft Intune Suite","7e554c51-9f7c-420f-c19e-803650ec87f4","Microsoft Intune Suite","Deleted","2","16-05-2026 09:35:47","16-05-2026 00:00:00","15-06-2026 00:00:00","True"
"OTU WA CNE - 104033","f7d431d4-3384-4a3d-89b2-0e928854f53a","otuwacne104033.onmicrosoft.com","Microsoft Defender Vulnerability Management Add-on","88292c63-0126-4400-d757-d8eaa5b58af5","Microsoft Defender Vulnerability Management Add-on","Deleted","1","15-05-2026 21:39:44","15-05-2026 00:00:00","14-06-2026 00:00:00","True"
"OTU WA CNE - 104033","f7d431d4-3384-4a3d-89b2-0e928854f53a","otuwacne104033.onmicrosoft.com","Microsoft 365 E5 (no Teams)","16178294-d25f-4109-d9e0-4fbfa88c8c16","Microsoft 365 E5 (no Teams)","Deleted","1","15-05-2026 21:14:39","15-05-2026 00:00:00","14-06-2026 00:00:00","True"
"OTU WA CNE - 104033","f7d431d4-3384-4a3d-89b2-0e928854f53a","otuwacne104033.onmicrosoft.com","Microsoft Entra ID P2","4784e223-4474-4b9b-d98a-f0d0b7f7c774","Microsoft Entra ID P2","Deleted","5","15-05-2026 20:50:38","15-05-2026 00:00:00","14-06-2026 00:00:00","True"
"OTU WA CNE - 104033","f7d431d4-3384-4a3d-89b2-0e928854f53a","otuwacne104033.onmicrosoft.com","Azure plan","b224c744-9564-4b66-d276-ac6c64f24354","Azure plan","Active","1","11-05-2026 15:51:05","11-05-2026 00:00:00","31-12-9999 23:59:59","False"
"OTU WA CNE - 104032","ffe9ac1a-80aa-4f11-a802-eddfd7e4dc4e","otuwacne104032.onmicrosoft.com","Microsoft Intune Suite","f8953cba-a3bd-4170-c094-742f949d6834","Microsoft Intune Suite","Deleted","1","21-05-2026 20:28:25","21-05-2026 00:00:00","20-06-2026 00:00:00","True"
"OTU WA CNE - 104032","ffe9ac1a-80aa-4f11-a802-eddfd7e4dc4e","otuwacne104032.onmicrosoft.com","Microsoft Defender Vulnerability Management Add-on","247c49a1-be0b-4ee3-d88d-60d2966e7fe9","Microsoft Defender Vulnerability Management Add-on","Active","1","21-05-2026 20:00:29","21-05-2026 00:00:00","20-06-2026 00:00:00","True"
"OTU WA CNE - 104032","ffe9ac1a-80aa-4f11-a802-eddfd7e4dc4e","otuwacne104032.onmicrosoft.com","Microsoft 365 E5 (no Teams)","5b039054-bd99-485d-cb79-9ca6a56e77da","Microsoft 365 E5 (no Teams)","Deleted","1","21-05-2026 19:43:27","21-05-2026 00:00:00","20-06-2026 00:00:00","True"
"OTU WA CNE - 104032","ffe9ac1a-80aa-4f11-a802-eddfd7e4dc4e","otuwacne104032.onmicrosoft.com","Microsoft Intune Suite","94475ba9-fad2-4c19-c754-09e8cab0fc72","Microsoft Intune Suite","Deleted","2","16-05-2026 09:35:22","16-05-2026 00:00:00","15-06-2026 00:00:00","True"
"OTU WA CNE - 104032","ffe9ac1a-80aa-4f11-a802-eddfd7e4dc4e","otuwacne104032.onmicrosoft.com","Microsoft Defender Vulnerability Management Add-on","d595357b-f587-408a-df69-68854e5d6866","Microsoft Defender Vulnerability Management Add-on","Deleted","1","15-05-2026 21:39:24","15-05-2026 00:00:00","14-06-2026 00:00:00","True"
"OTU WA CNE - 104032","ffe9ac1a-80aa-4f11-a802-eddfd7e4dc4e","otuwacne104032.onmicrosoft.com","Microsoft 365 E5 (no Teams)","643407c0-a146-428a-c281-0a9c40e01657","Microsoft 365 E5 (no Teams)","Deleted","1","15-05-2026 21:14:19","15-05-2026 00:00:00","14-06-2026 00:00:00","True"
"OTU WA CNE - 104032","ffe9ac1a-80aa-4f11-a802-eddfd7e4dc4e","otuwacne104032.onmicrosoft.com","Microsoft Entra ID P2","f17ced27-252f-4b82-c5b3-9ea3fc8bd620","Microsoft Entra ID P2","Deleted","5","15-05-2026 20:50:14","15-05-2026 00:00:00","14-06-2026 00:00:00","True"
"OTU WA CNE - 104032","ffe9ac1a-80aa-4f11-a802-eddfd7e4dc4e","otuwacne104032.onmicrosoft.com","Azure plan","e745eb28-f02c-4bb5-c022-572b86107158","Azure plan","Active","1","11-05-2026 15:47:09","11-05-2026 00:00:00","31-12-9999 23:59:59","False"
"OTU WA CNE - 104031","8f8ee0d0-6f48-4589-a959-830afad64bf9","otuwacne104031.onmicrosoft.com","Microsoft Intune Suite","15bc4026-2b26-4293-c1ef-64cfc2356fc9","Microsoft Intune Suite","Deleted","1","21-05-2026 20:28:00","21-05-2026 00:00:00","20-06-2026 00:00:00","True"
"OTU WA CNE - 104031","8f8ee0d0-6f48-4589-a959-830afad64bf9","otuwacne104031.onmicrosoft.com","Microsoft Defender Vulnerability Management Add-on","951d897a-a3a9-49d0-c74a-b3f3ea1e6432","Microsoft Defender Vulnerability Management Add-on","Active","1","21-05-2026 20:00:10","21-05-2026 00:00:00","20-06-2026 00:00:00","True"
"OTU WA CNE - 104031","8f8ee0d0-6f48-4589-a959-830afad64bf9","otuwacne104031.onmicrosoft.com","Microsoft 365 E5 (no Teams)","e2b8e0db-80a8-44a5-de01-cdc46b9980a3","Microsoft 365 E5 (no Teams)","Deleted","1","21-05-2026 19:42:49","21-05-2026 00:00:00","20-06-2026 00:00:00","True"
"OTU WA CNE - 104031","8f8ee0d0-6f48-4589-a959-830afad64bf9","otuwacne104031.onmicrosoft.com","Microsoft Intune Suite","e9857481-83b4-4b6d-cebe-d714a3764f36","Microsoft Intune Suite","Deleted","1","16-05-2026 09:34:58","16-05-2026 00:00:00","15-06-2026 00:00:00","True"
"OTU WA CNE - 104031","8f8ee0d0-6f48-4589-a959-830afad64bf9","otuwacne104031.onmicrosoft.com","Microsoft Defender Vulnerability Management Add-on","fb55178d-bd80-4a73-d006-daa81753b4d2","Microsoft Defender Vulnerability Management Add-on","Deleted","1","15-05-2026 21:39:02","15-05-2026 00:00:00","14-06-2026 00:00:00","True"
"OTU WA CNE - 104031","8f8ee0d0-6f48-4589-a959-830afad64bf9","otuwacne104031.onmicrosoft.com","Microsoft 365 E5 (no Teams)","9015163f-dcd3-448e-cd5f-452031c36696","Microsoft 365 E5 (no Teams)","Deleted","1","15-05-2026 21:13:59","15-05-2026 00:00:00","14-06-2026 00:00:00","True"
"OTU WA CNE - 104031","8f8ee0d0-6f48-4589-a959-830afad64bf9","otuwacne104031.onmicrosoft.com","Microsoft Entra ID P2","6d26ec43-bb71-448b-c881-03a49d0071e4","Microsoft Entra ID P2","Deleted","5","15-05-2026 20:49:57","15-05-2026 00:00:00","14-06-2026 00:00:00","True"
"OTU WA CNE - 104031","8f8ee0d0-6f48-4589-a959-830afad64bf9","otuwacne104031.onmicrosoft.com","Azure plan","852f9ce1-51ea-4769-c500-17fc7278372d","Azure plan","Active","1","11-05-2026 15:42:56","11-05-2026 00:00:00","31-12-9999 23:59:59","False"
"OTU WA CNE - 104030","e8658aab-b40a-4952-b974-a2c0d40e0008","otuwacne104030.onmicrosoft.com","Microsoft Intune Suite","3dec781c-c911-41a5-c91a-252be469068c","Microsoft Intune Suite","Deleted","1","21-05-2026 20:27:37","21-05-2026 00:00:00","20-06-2026 00:00:00","True"
"OTU WA CNE - 104030","e8658aab-b40a-4952-b974-a2c0d40e0008","otuwacne104030.onmicrosoft.com","Microsoft Defender Vulnerability Management Add-on","403f3bbd-5349-400b-c30c-0eaf23819e11","Microsoft Defender Vulnerability Management Add-on","Active","1","21-05-2026 19:59:51","21-05-2026 00:00:00","20-06-2026 00:00:00","True"
"OTU WA CNE - 104030","e8658aab-b40a-4952-b974-a2c0d40e0008","otuwacne104030.onmicrosoft.com","Microsoft 365 E5 (no Teams)","9301ee71-8ae2-4dec-cfd1-d74a6f432765","Microsoft 365 E5 (no Teams)","Deleted","1","21-05-2026 19:42:25","21-05-2026 00:00:00","20-06-2026 00:00:00","True"
"OTU WA CNE - 104030","e8658aab-b40a-4952-b974-a2c0d40e0008","otuwacne104030.onmicrosoft.com","Microsoft Intune Suite","7df0f611-7041-4c87-c011-233ed758b48f","Microsoft Intune Suite","Deleted","1","16-05-2026 09:34:31","16-05-2026 00:00:00","15-06-2026 00:00:00","True"
"OTU WA CNE - 104030","e8658aab-b40a-4952-b974-a2c0d40e0008","otuwacne104030.onmicrosoft.com","Microsoft Defender Vulnerability Management Add-on","7d18e24b-1856-4e39-cf03-7f76e4fb12c1","Microsoft Defender Vulnerability Management Add-on","Deleted","1","15-05-2026 21:38:38","15-05-2026 00:00:00","14-06-2026 00:00:00","True"
"OTU WA CNE - 104030","e8658aab-b40a-4952-b974-a2c0d40e0008","otuwacne104030.onmicrosoft.com","Microsoft 365 E5 (no Teams)","cd238a81-e0a7-4e32-ce19-028be6f1cfc2","Microsoft 365 E5 (no Teams)","Deleted","1","15-05-2026 21:13:40","15-05-2026 00:00:00","14-06-2026 00:00:00","True"
"OTU WA CNE - 104030","e8658aab-b40a-4952-b974-a2c0d40e0008","otuwacne104030.onmicrosoft.com","Microsoft Entra ID P2","80c2beae-7e42-4e0a-d28d-85b8cfd977df","Microsoft Entra ID P2","Deleted","5","15-05-2026 20:49:32","15-05-2026 00:00:00","14-06-2026 00:00:00","True"
"OTU WA CNE - 104030","e8658aab-b40a-4952-b974-a2c0d40e0008","otuwacne104030.onmicrosoft.com","Azure plan","58b64abf-7012-49ec-cfe0-85f6d89f5a06","Azure plan","Active","1","11-05-2026 15:38:54","11-05-2026 00:00:00","31-12-9999 23:59:59","False"
"OTU WA CNE - 104029","6a2fa177-8ffa-47c2-8bba-93d3ad37643c","otuwacne104029.onmicrosoft.com","Microsoft Intune Suite","7ad05261-1c82-4102-d5bf-cc355d88a85f","Microsoft Intune Suite","Deleted","1","21-05-2026 20:27:17","21-05-2026 00:00:00","20-06-2026 00:00:00","True"
"OTU WA CNE - 104029","6a2fa177-8ffa-47c2-8bba-93d3ad37643c","otuwacne104029.onmicrosoft.com","Microsoft Defender Vulnerability Management Add-on","9bbba19c-d417-411b-d6f0-17a19d19015e","Microsoft Defender Vulnerability Management Add-on","Active","1","21-05-2026 19:59:28","21-05-2026 00:00:00","20-06-2026 00:00:00","True"
"OTU WA CNE - 104029","6a2fa177-8ffa-47c2-8bba-93d3ad37643c","otuwacne104029.onmicrosoft.com","Microsoft 365 E5 (no Teams)","d022985a-5a74-4a0a-cfed-9c49929b83b6","Microsoft 365 E5 (no Teams)","Deleted","1","21-05-2026 19:42:05","21-05-2026 00:00:00","20-06-2026 00:00:00","True"
"OTU WA CNE - 104029","6a2fa177-8ffa-47c2-8bba-93d3ad37643c","otuwacne104029.onmicrosoft.com","Microsoft Intune Suite","7c94ac4f-c7ad-47bf-dc8a-5603c31ae050","Microsoft Intune Suite","Deleted","2","16-05-2026 09:34:14","16-05-2026 00:00:00","15-06-2026 00:00:00","True"
"OTU WA CNE - 104029","6a2fa177-8ffa-47c2-8bba-93d3ad37643c","otuwacne104029.onmicrosoft.com","Microsoft Defender Vulnerability Management Add-on","f578677f-bc89-4f1c-dc77-b23c4f1af0b3","Microsoft Defender Vulnerability Management Add-on","Deleted","1","15-05-2026 21:38:16","15-05-2026 00:00:00","14-06-2026 00:00:00","True"
"OTU WA CNE - 104029","6a2fa177-8ffa-47c2-8bba-93d3ad37643c","otuwacne104029.onmicrosoft.com","Microsoft 365 E5 (no Teams)","1d29307a-8e46-4e67-d1f1-62d29d9f3400","Microsoft 365 E5 (no Teams)","Deleted","1","15-05-2026 21:13:22","15-05-2026 00:00:00","14-06-2026 00:00:00","True"
"OTU WA CNE - 104029","6a2fa177-8ffa-47c2-8bba-93d3ad37643c","otuwacne104029.onmicrosoft.com","Microsoft Entra ID P2","a38dc229-e738-4eea-cf02-2fca61cf499b","Microsoft Entra ID P2","Deleted","5","15-05-2026 20:48:52","15-05-2026 00:00:00","14-06-2026 00:00:00","True"
"OTU WA CNE - 104029","6a2fa177-8ffa-47c2-8bba-93d3ad37643c","otuwacne104029.onmicrosoft.com","Azure plan","6b3662b5-f614-4f5f-daeb-b0c6507b3e93","Azure plan","Active","1","11-05-2026 15:35:02","11-05-2026 00:00:00","31-12-9999 23:59:59","False"
"OTU WA CNE - 104028","ff4db708-d638-4bd7-92b0-6b2bc373d948","otuwacne104028.onmicrosoft.com","Microsoft Intune Suite","97178c40-3663-4f5f-da41-fd771c8e52b8","Microsoft Intune Suite","Deleted","1","21-05-2026 20:26:41","21-05-2026 00:00:00","20-06-2026 00:00:00","True"
"OTU WA CNE - 104028","ff4db708-d638-4bd7-92b0-6b2bc373d948","otuwacne104028.onmicrosoft.com","Microsoft Defender Vulnerability Management Add-on","b8b4661b-3018-4162-d9e5-86664b121f6f","Microsoft Defender Vulnerability Management Add-on","Active","1","21-05-2026 19:59:04","21-05-2026 00:00:00","20-06-2026 00:00:00","True"
"OTU WA CNE - 104028","ff4db708-d638-4bd7-92b0-6b2bc373d948","otuwacne104028.onmicrosoft.com","Microsoft 365 E5 (no Teams)","aeb63d6f-9bf1-41f4-dde3-62eeb2d78568","Microsoft 365 E5 (no Teams)","Deleted","1","21-05-2026 19:41:42","21-05-2026 00:00:00","20-06-2026 00:00:00","True"
"OTU WA CNE - 104028","ff4db708-d638-4bd7-92b0-6b2bc373d948","otuwacne104028.onmicrosoft.com","Microsoft Intune Suite","da719ab3-a2c0-41b9-c417-05f245a55ee1","Microsoft Intune Suite","Deleted","1","16-05-2026 09:33:55","16-05-2026 00:00:00","15-06-2026 00:00:00","True"
"OTU WA CNE - 104028","ff4db708-d638-4bd7-92b0-6b2bc373d948","otuwacne104028.onmicrosoft.com","Microsoft Defender Vulnerability Management Add-on","a7940f70-3161-4663-d21c-04658b44ef0c","Microsoft Defender Vulnerability Management Add-on","Deleted","1","15-05-2026 21:37:57","15-05-2026 00:00:00","14-06-2026 00:00:00","True"
"OTU WA CNE - 104028","ff4db708-d638-4bd7-92b0-6b2bc373d948","otuwacne104028.onmicrosoft.com","Microsoft 365 E5 (no Teams)","6ffed2da-f536-422c-c0dc-34ef3ae0b24e","Microsoft 365 E5 (no Teams)","Deleted","1","15-05-2026 21:12:59","15-05-2026 00:00:00","14-06-2026 00:00:00","True"
"OTU WA CNE - 104028","ff4db708-d638-4bd7-92b0-6b2bc373d948","otuwacne104028.onmicrosoft.com","Microsoft Entra ID P2","c3c990cb-b244-431b-cc1f-c243203be5c8","Microsoft Entra ID P2","Deleted","3","15-05-2026 20:49:13","15-05-2026 00:00:00","14-06-2026 00:00:00","True"
"OTU WA CNE - 104028","ff4db708-d638-4bd7-92b0-6b2bc373d948","otuwacne104028.onmicrosoft.com","Azure plan","f246c329-cd6e-4671-cb94-9c238d38ed4c","Azure plan","Active","1","11-05-2026 15:30:53","11-05-2026 00:00:00","31-12-9999 23:59:59","False"
"OTU WA CNE - 104027","892cd6f7-5fd3-41d8-99e4-1eda6256d0b8","otuwacne104027.onmicrosoft.com","Microsoft Intune Suite","2efff220-d960-4ace-c6be-483a35056319","Microsoft Intune Suite","Deleted","1","21-05-2026 20:26:22","21-05-2026 00:00:00","20-06-2026 00:00:00","True"
"OTU WA CNE - 104027","892cd6f7-5fd3-41d8-99e4-1eda6256d0b8","otuwacne104027.onmicrosoft.com","Microsoft Defender Vulnerability Management Add-on","66feed02-5fe1-40db-db04-1b7bd52eb9ed","Microsoft Defender Vulnerability Management Add-on","Active","1","21-05-2026 19:58:40","21-05-2026 00:00:00","20-06-2026 00:00:00","True"
"OTU WA CNE - 104027","892cd6f7-5fd3-41d8-99e4-1eda6256d0b8","otuwacne104027.onmicrosoft.com","Microsoft 365 E5 (no Teams)","6f391404-f188-4bec-c424-88c3684fe09b","Microsoft 365 E5 (no Teams)","Deleted","1","21-05-2026 19:41:17","21-05-2026 00:00:00","20-06-2026 00:00:00","True"
"OTU WA CNE - 104027","892cd6f7-5fd3-41d8-99e4-1eda6256d0b8","otuwacne104027.onmicrosoft.com","Microsoft Intune Suite","cb96b765-8d0e-440e-d5df-dcd8d2f7315c","Microsoft Intune Suite","Deleted","1","16-05-2026 09:33:34","16-05-2026 00:00:00","15-06-2026 00:00:00","True"
"OTU WA CNE - 104027","892cd6f7-5fd3-41d8-99e4-1eda6256d0b8","otuwacne104027.onmicrosoft.com","Microsoft Defender Vulnerability Management Add-on","7682d76d-ecdb-4785-c21c-947f09939c5d","Microsoft Defender Vulnerability Management Add-on","Deleted","1","15-05-2026 21:37:39","15-05-2026 00:00:00","14-06-2026 00:00:00","True"
"OTU WA CNE - 104027","892cd6f7-5fd3-41d8-99e4-1eda6256d0b8","otuwacne104027.onmicrosoft.com","Microsoft 365 E5 (no Teams)","c01210dd-5b29-43f1-d23b-f06e121ac029","Microsoft 365 E5 (no Teams)","Deleted","1","15-05-2026 21:12:33","15-05-2026 00:00:00","14-06-2026 00:00:00","True"
"OTU WA CNE - 104027","892cd6f7-5fd3-41d8-99e4-1eda6256d0b8","otuwacne104027.onmicrosoft.com","Microsoft Entra ID P2","80519c6f-adec-4144-d054-488b147af842","Microsoft Entra ID P2","Deleted","3","15-05-2026 20:48:36","15-05-2026 00:00:00","14-06-2026 00:00:00","True"
"OTU WA CNE - 104027","892cd6f7-5fd3-41d8-99e4-1eda6256d0b8","otuwacne104027.onmicrosoft.com","Azure plan","74cf4c4b-5c65-4a15-cf91-dcb003a76831","Azure plan","Active","1","11-05-2026 15:26:49","11-05-2026 00:00:00","31-12-9999 23:59:59","False"
"OTU WA CNE - 104026","01f99e49-0638-4333-b5a3-1560757babaf","otuwacne104026.onmicrosoft.com","Microsoft Intune Suite","af9bf1f5-3b24-40ca-d68b-d41f1b8f13a2","Microsoft Intune Suite","Deleted","1","21-05-2026 22:42:43","21-05-2026 00:00:00","20-06-2026 00:00:00","True"
"OTU WA CNE - 104026","01f99e49-0638-4333-b5a3-1560757babaf","otuwacne104026.onmicrosoft.com","Microsoft Defender Vulnerability Management Add-on","ddb33c6b-c3ea-4cb5-dc1c-8bf3a91b4533","Microsoft Defender Vulnerability Management Add-on","Active","1","21-05-2026 22:34:10","21-05-2026 00:00:00","20-06-2026 00:00:00","True"
"OTU WA CNE - 104026","01f99e49-0638-4333-b5a3-1560757babaf","otuwacne104026.onmicrosoft.com","Microsoft 365 E5 (no Teams)","14b00701-75f8-4b17-c6a6-a88a1edb5403","Microsoft 365 E5 (no Teams)","Active","1","21-05-2026 22:18:30","21-05-2026 00:00:00","20-06-2026 00:00:00","True"
"OTU WA CNE - 104026","01f99e49-0638-4333-b5a3-1560757babaf","otuwacne104026.onmicrosoft.com","Microsoft Intune Suite","47537c16-d50a-42d4-de40-35681fb337c8","Microsoft Intune Suite","Deleted","1","21-05-2026 21:53:48","21-05-2026 00:00:00","20-06-2026 00:00:00","True"
"OTU WA CNE - 104026","01f99e49-0638-4333-b5a3-1560757babaf","otuwacne104026.onmicrosoft.com","Microsoft Intune Suite","8677054c-e6ac-4b15-c059-a7919593aeea","Microsoft Intune Suite","Deleted","1","16-05-2026 09:33:13","16-05-2026 00:00:00","15-06-2026 00:00:00","True"
"OTU WA CNE - 104026","01f99e49-0638-4333-b5a3-1560757babaf","otuwacne104026.onmicrosoft.com","Microsoft Defender Vulnerability Management Add-on","afabb82b-d2b1-47b8-d9be-273b897c2373","Microsoft Defender Vulnerability Management Add-on","Deleted","1","15-05-2026 21:37:23","15-05-2026 00:00:00","14-06-2026 00:00:00","True"
"OTU WA CNE - 104026","01f99e49-0638-4333-b5a3-1560757babaf","otuwacne104026.onmicrosoft.com","Microsoft 365 E5 (no Teams)","80731d09-fcf3-46d0-c440-60f5c8aecd60","Microsoft 365 E5 (no Teams)","Deleted","1","15-05-2026 21:12:16","15-05-2026 00:00:00","14-06-2026 00:00:00","True"
"OTU WA CNE - 104026","01f99e49-0638-4333-b5a3-1560757babaf","otuwacne104026.onmicrosoft.com","Microsoft Entra ID P2","98508d9f-2504-43b5-c137-c96ab31446aa","Microsoft Entra ID P2","Deleted","3","15-05-2026 20:48:18","15-05-2026 00:00:00","14-06-2026 00:00:00","True"
"OTU WA CNE - 104026","01f99e49-0638-4333-b5a3-1560757babaf","otuwacne104026.onmicrosoft.com","Azure plan","1927c080-7caa-41be-dd18-9d2302d144b8","Azure plan","Active","1","11-05-2026 15:22:49","11-05-2026 00:00:00","31-12-9999 23:59:59","False"
"OTU WA CNE - 104025","f3f22920-8bb0-40c6-bfbd-c42c4c4823ae","otuwacne104025.onmicrosoft.com","Microsoft Intune Suite","92e71499-a6b7-41e8-c43c-957fbdb7bf09","Microsoft Intune Suite","Deleted","1","21-05-2026 22:42:24","21-05-2026 00:00:00","20-06-2026 00:00:00","True"
"OTU WA CNE - 104025","f3f22920-8bb0-40c6-bfbd-c42c4c4823ae","otuwacne104025.onmicrosoft.com","Microsoft Defender Vulnerability Management Add-on","d68c4103-529d-41ad-df31-20217bdccf14","Microsoft Defender Vulnerability Management Add-on","Active","1","21-05-2026 22:33:52","21-05-2026 00:00:00","20-06-2026 00:00:00","True"
"OTU WA CNE - 104025","f3f22920-8bb0-40c6-bfbd-c42c4c4823ae","otuwacne104025.onmicrosoft.com","Microsoft 365 E5 (no Teams)","224d6d55-647f-4d0f-c2a2-21fbd72f480a","Microsoft 365 E5 (no Teams)","Deleted","1","21-05-2026 22:18:07","21-05-2026 00:00:00","20-06-2026 00:00:00","True"
"OTU WA CNE - 104025","f3f22920-8bb0-40c6-bfbd-c42c4c4823ae","otuwacne104025.onmicrosoft.com","Microsoft Intune Suite","b5990838-e4aa-4141-da4e-760aceda1361","Microsoft Intune Suite","Deleted","1","21-05-2026 21:53:26","21-05-2026 00:00:00","20-06-2026 00:00:00","True"
"OTU WA CNE - 104025","f3f22920-8bb0-40c6-bfbd-c42c4c4823ae","otuwacne104025.onmicrosoft.com","Microsoft Intune Suite","c21bee17-2966-4903-d099-7973b8a186ce","Microsoft Intune Suite","Deleted","1","16-05-2026 09:32:49","16-05-2026 00:00:00","15-06-2026 00:00:00","True"
"OTU WA CNE - 104025","f3f22920-8bb0-40c6-bfbd-c42c4c4823ae","otuwacne104025.onmicrosoft.com","Microsoft Defender Vulnerability Management Add-on","8210bb9f-ebb2-4f34-c961-bd2144a0ff71","Microsoft Defender Vulnerability Management Add-on","Deleted","1","15-05-2026 21:37:05","15-05-2026 00:00:00","14-06-2026 00:00:00","True"
"OTU WA CNE - 104025","f3f22920-8bb0-40c6-bfbd-c42c4c4823ae","otuwacne104025.onmicrosoft.com","Microsoft 365 E5 (no Teams)","03538198-b21b-419d-d689-f0c2a886df2a","Microsoft 365 E5 (no Teams)","Deleted","1","15-05-2026 21:11:58","15-05-2026 00:00:00","14-06-2026 00:00:00","True"
"OTU WA CNE - 104025","f3f22920-8bb0-40c6-bfbd-c42c4c4823ae","otuwacne104025.onmicrosoft.com","Microsoft Entra ID P2","f63ea9ad-43e9-4922-d943-5ce969866d5a","Microsoft Entra ID P2","Deleted","3","15-05-2026 20:47:57","15-05-2026 00:00:00","14-06-2026 00:00:00","True"
"OTU WA CNE - 104025","f3f22920-8bb0-40c6-bfbd-c42c4c4823ae","otuwacne104025.onmicrosoft.com","Azure plan","6546325f-abcd-41d2-c57a-198ae2391fdc","Azure plan","Active","1","11-05-2026 15:18:44","11-05-2026 00:00:00","31-12-9999 23:59:59","False"
"OTU WA CNE - 104024","8137ac79-ecd3-44f2-902a-3d7047648cb8","otuwacne104024.onmicrosoft.com","Microsoft Defender Vulnerability Management Add-on","c6fc3230-c547-43b6-cf02-6cb373309dca","Microsoft Defender Vulnerability Management Add-on","Active","1","21-05-2026 22:33:17","21-05-2026 00:00:00","20-06-2026 00:00:00","True"
"OTU WA CNE - 104024","8137ac79-ecd3-44f2-902a-3d7047648cb8","otuwacne104024.onmicrosoft.com","Microsoft 365 E5 (no Teams)","8e02ac33-50c2-4a0e-c497-6a1ed0b78d48","Microsoft 365 E5 (no Teams)","Deleted","1","21-05-2026 22:17:32","21-05-2026 00:00:00","20-06-2026 00:00:00","True"
"OTU WA CNE - 104024","8137ac79-ecd3-44f2-902a-3d7047648cb8","otuwacne104024.onmicrosoft.com","Microsoft Intune Suite","c0ed4372-ce55-4b3a-de8c-6e37a3c88a8a","Microsoft Intune Suite","Deleted","1","21-05-2026 21:53:08","21-05-2026 00:00:00","20-06-2026 00:00:00","True"
"OTU WA CNE - 104024","8137ac79-ecd3-44f2-902a-3d7047648cb8","otuwacne104024.onmicrosoft.com","Microsoft Intune Suite","b02c6a14-4eee-4c1c-c62c-a4905fe1421b","Microsoft Intune Suite","Deleted","2","16-05-2026 09:32:26","16-05-2026 00:00:00","15-06-2026 00:00:00","True"
"OTU WA CNE - 104024","8137ac79-ecd3-44f2-902a-3d7047648cb8","otuwacne104024.onmicrosoft.com","Microsoft Defender Vulnerability Management Add-on","3a35fb37-262d-405e-c257-46e0467aac52","Microsoft Defender Vulnerability Management Add-on","Deleted","1","15-05-2026 21:36:42","15-05-2026 00:00:00","14-06-2026 00:00:00","True"
"OTU WA CNE - 104024","8137ac79-ecd3-44f2-902a-3d7047648cb8","otuwacne104024.onmicrosoft.com","Microsoft 365 E5 (no Teams)","4ccc75c5-5646-4450-c750-2d19c034e449","Microsoft 365 E5 (no Teams)","Deleted","1","15-05-2026 21:11:34","15-05-2026 00:00:00","14-06-2026 00:00:00","True"
"OTU WA CNE - 104024","8137ac79-ecd3-44f2-902a-3d7047648cb8","otuwacne104024.onmicrosoft.com","Microsoft Entra ID P2","8a32d92a-8462-4597-cbb6-00728472713a","Microsoft Entra ID P2","Deleted","3","15-05-2026 20:47:36","15-05-2026 00:00:00","14-06-2026 00:00:00","True"
"OTU WA CNE - 104024","8137ac79-ecd3-44f2-902a-3d7047648cb8","otuwacne104024.onmicrosoft.com","Azure plan","17c538a8-80a8-48d7-db70-1e1db91f68a9","Azure plan","Active","1","11-05-2026 15:12:36","11-05-2026 00:00:00","31-12-9999 23:59:59","False"
"OTU WA CNE - 104023","e190d087-5aa7-49d3-aa85-7f5f3a557fad","otuwacne104023.onmicrosoft.com","Microsoft Defender Vulnerability Management Add-on","f12cf4f3-8b97-4e15-d50f-05fb78fb783e","Microsoft Defender Vulnerability Management Add-on","Active","1","21-05-2026 22:32:59","21-05-2026 00:00:00","20-06-2026 00:00:00","True"
"OTU WA CNE - 104023","e190d087-5aa7-49d3-aa85-7f5f3a557fad","otuwacne104023.onmicrosoft.com","Microsoft 365 E5 (no Teams)","f67c55e1-4947-4014-dff4-7ac3fc9428bc","Microsoft 365 E5 (no Teams)","Deleted","1","21-05-2026 22:17:02","21-05-2026 00:00:00","20-06-2026 00:00:00","True"
"OTU WA CNE - 104023","e190d087-5aa7-49d3-aa85-7f5f3a557fad","otuwacne104023.onmicrosoft.com","Microsoft Intune Suite","73a8cab1-057c-4354-d0bd-c0e6721e9883","Microsoft Intune Suite","Deleted","1","21-05-2026 21:52:46","21-05-2026 00:00:00","20-06-2026 00:00:00","True"
"OTU WA CNE - 104023","e190d087-5aa7-49d3-aa85-7f5f3a557fad","otuwacne104023.onmicrosoft.com","Microsoft Intune Suite","53c7a733-6a71-4461-d3b5-ae8d796bbc4c","Microsoft Intune Suite","Deleted","2","16-05-2026 09:31:58","16-05-2026 00:00:00","15-06-2026 00:00:00","True"
"OTU WA CNE - 104023","e190d087-5aa7-49d3-aa85-7f5f3a557fad","otuwacne104023.onmicrosoft.com","Microsoft Defender Vulnerability Management Add-on","f3f8d8c8-8d24-4ac0-d5ea-ed13b839b861","Microsoft Defender Vulnerability Management Add-on","Deleted","1","15-05-2026 21:36:16","15-05-2026 00:00:00","14-06-2026 00:00:00","True"
"OTU WA CNE - 104023","e190d087-5aa7-49d3-aa85-7f5f3a557fad","otuwacne104023.onmicrosoft.com","Microsoft 365 E5 (no Teams)","a6e989d9-24ab-4840-ca1a-1d3e1707bb1e","Microsoft 365 E5 (no Teams)","Deleted","1","15-05-2026 21:11:12","15-05-2026 00:00:00","14-06-2026 00:00:00","True"
"OTU WA CNE - 104023","e190d087-5aa7-49d3-aa85-7f5f3a557fad","otuwacne104023.onmicrosoft.com","Microsoft Entra ID P2","dbdbd9c8-80b2-4ad3-c3e9-2819e1a53696","Microsoft Entra ID P2","Deleted","3","15-05-2026 20:47:18","15-05-2026 00:00:00","14-06-2026 00:00:00","True"
"OTU WA CNE - 104023","e190d087-5aa7-49d3-aa85-7f5f3a557fad","otuwacne104023.onmicrosoft.com","Azure plan","151fc39d-1606-4f9f-c8e0-c7a63ce6c8d9","Azure plan","Active","1","11-05-2026 15:08:31","11-05-2026 00:00:00","31-12-9999 23:59:59","False"
"OTU WA CNE - 104022","2705ac40-4350-4221-bf79-cd4c2c0a410f","otuwacne104022.onmicrosoft.com","Microsoft Defender Vulnerability Management Add-on","9d7419fa-8996-4046-c875-c17766e21fbc","Microsoft Defender Vulnerability Management Add-on","Active","1","21-05-2026 22:32:37","21-05-2026 00:00:00","20-06-2026 00:00:00","True"
"OTU WA CNE - 104022","2705ac40-4350-4221-bf79-cd4c2c0a410f","otuwacne104022.onmicrosoft.com","Microsoft 365 E5 (no Teams)","4e9db4a4-ca87-43a3-dab0-6ec3f3355b83","Microsoft 365 E5 (no Teams)","Active","1","21-05-2026 22:16:41","21-05-2026 00:00:00","20-06-2026 00:00:00","True"
"OTU WA CNE - 104022","2705ac40-4350-4221-bf79-cd4c2c0a410f","otuwacne104022.onmicrosoft.com","Microsoft Intune Suite","6bc549a9-d497-46cb-db34-99021d78028d","Microsoft Intune Suite","Deleted","1","21-05-2026 21:52:26","21-05-2026 00:00:00","20-06-2026 00:00:00","True"
"OTU WA CNE - 104022","2705ac40-4350-4221-bf79-cd4c2c0a410f","otuwacne104022.onmicrosoft.com","Microsoft Intune Suite","60a980bf-33b0-49e9-d025-20fe42dc02f4","Microsoft Intune Suite","Deleted","1","16-05-2026 09:31:39","16-05-2026 00:00:00","15-06-2026 00:00:00","True"
"OTU WA CNE - 104022","2705ac40-4350-4221-bf79-cd4c2c0a410f","otuwacne104022.onmicrosoft.com","Microsoft Defender Vulnerability Management Add-on","25560b2c-a88e-410a-c1ef-b4860c09b4f1","Microsoft Defender Vulnerability Management Add-on","Deleted","1","15-05-2026 21:35:53","15-05-2026 00:00:00","14-06-2026 00:00:00","True"
"OTU WA CNE - 104022","2705ac40-4350-4221-bf79-cd4c2c0a410f","otuwacne104022.onmicrosoft.com","Microsoft 365 E5 (no Teams)","cff538f6-7d98-4dfb-c381-50fa619b4fa9","Microsoft 365 E5 (no Teams)","Deleted","1","15-05-2026 21:10:50","15-05-2026 00:00:00","14-06-2026 00:00:00","True"
"OTU WA CNE - 104022","2705ac40-4350-4221-bf79-cd4c2c0a410f","otuwacne104022.onmicrosoft.com","Microsoft Entra ID P2","f3d2386f-6c33-4ab2-ddb8-ad489c134ecd","Microsoft Entra ID P2","Deleted","3","15-05-2026 20:46:55","15-05-2026 00:00:00","14-06-2026 00:00:00","True"
"OTU WA CNE - 104022","2705ac40-4350-4221-bf79-cd4c2c0a410f","otuwacne104022.onmicrosoft.com","Azure plan","74167046-ab27-45a0-ca13-23101322aaef","Azure plan","Active","1","11-05-2026 15:04:25","11-05-2026 00:00:00","31-12-9999 23:59:59","False"
"OTU WA CNE - 104021","8826e5b0-5745-44da-b46e-7868826bbd9a","otuwacne104021.onmicrosoft.com","Microsoft Defender Vulnerability Management Add-on","f36a685c-9a52-424c-d266-faf2a273dd8e","Microsoft Defender Vulnerability Management Add-on","Active","1","21-05-2026 22:31:57","21-05-2026 00:00:00","20-06-2026 00:00:00","True"
"OTU WA CNE - 104021","8826e5b0-5745-44da-b46e-7868826bbd9a","otuwacne104021.onmicrosoft.com","Microsoft 365 E5 (no Teams)","104beb3d-361a-4244-d00b-819f2400206a","Microsoft 365 E5 (no Teams)","Deleted","1","21-05-2026 22:16:18","21-05-2026 00:00:00","20-06-2026 00:00:00","True"
"OTU WA CNE - 104021","8826e5b0-5745-44da-b46e-7868826bbd9a","otuwacne104021.onmicrosoft.com","Microsoft Intune Suite","c5164ac1-60ed-459b-d817-828a8cf093e7","Microsoft Intune Suite","Deleted","1","21-05-2026 21:52:04","21-05-2026 00:00:00","20-06-2026 00:00:00","True"
"OTU WA CNE - 104021","8826e5b0-5745-44da-b46e-7868826bbd9a","otuwacne104021.onmicrosoft.com","Microsoft Intune Suite","814a5be9-eb1a-460c-d05e-347f6a9c69ff","Microsoft Intune Suite","Deleted","1","16-05-2026 09:31:22","16-05-2026 00:00:00","15-06-2026 00:00:00","True"
"OTU WA CNE - 104021","8826e5b0-5745-44da-b46e-7868826bbd9a","otuwacne104021.onmicrosoft.com","Microsoft Defender Vulnerability Management Add-on","d251b4b1-3f42-47ef-d1b3-2a5244f596ae","Microsoft Defender Vulnerability Management Add-on","Deleted","1","15-05-2026 21:35:34","15-05-2026 00:00:00","14-06-2026 00:00:00","True"
"OTU WA CNE - 104021","8826e5b0-5745-44da-b46e-7868826bbd9a","otuwacne104021.onmicrosoft.com","Microsoft 365 E5 (no Teams)","e11d7750-21e6-41b9-df1a-bbf1c325e25e","Microsoft 365 E5 (no Teams)","Deleted","1","15-05-2026 21:10:33","15-05-2026 00:00:00","14-06-2026 00:00:00","True"
"OTU WA CNE - 104021","8826e5b0-5745-44da-b46e-7868826bbd9a","otuwacne104021.onmicrosoft.com","Microsoft Entra ID P2","eadd709b-0e22-4a52-d7da-112734cd87d5","Microsoft Entra ID P2","Deleted","3","15-05-2026 20:46:34","15-05-2026 00:00:00","14-06-2026 00:00:00","True"
"OTU WA CNE - 104021","8826e5b0-5745-44da-b46e-7868826bbd9a","otuwacne104021.onmicrosoft.com","Azure plan","87bde1ba-2012-49f1-d46c-65d5c932121b","Azure plan","Active","1","11-05-2026 15:00:26","11-05-2026 00:00:00","31-12-9999 23:59:59","False"
"OTU WA CNE - 104020","9c332479-62c7-4218-a9fd-1f8c771625ed","otuwacne104020.onmicrosoft.com","Microsoft Defender Vulnerability Management Add-on","5bbc48ee-fe79-41a5-d804-88a4ba9ae905","Microsoft Defender Vulnerability Management Add-on","Active","1","21-05-2026 22:31:37","21-05-2026 00:00:00","20-06-2026 00:00:00","True"
"OTU WA CNE - 104020","9c332479-62c7-4218-a9fd-1f8c771625ed","otuwacne104020.onmicrosoft.com","Microsoft 365 E5 (no Teams)","c06ae61d-1646-4ba1-ce00-32a7de47242f","Microsoft 365 E5 (no Teams)","Deleted","1","21-05-2026 22:15:49","21-05-2026 00:00:00","20-06-2026 00:00:00","True"
"OTU WA CNE - 104020","9c332479-62c7-4218-a9fd-1f8c771625ed","otuwacne104020.onmicrosoft.com","Microsoft Intune Suite","9ce9d50e-3d85-4c39-d4c0-d2382d409283","Microsoft Intune Suite","Deleted","1","21-05-2026 21:51:41","21-05-2026 00:00:00","20-06-2026 00:00:00","True"
"OTU WA CNE - 104020","9c332479-62c7-4218-a9fd-1f8c771625ed","otuwacne104020.onmicrosoft.com","Microsoft Intune Suite","4af9cc10-bad5-41bd-d912-23a75d335779","Microsoft Intune Suite","Deleted","1","16-05-2026 09:31:04","16-05-2026 00:00:00","15-06-2026 00:00:00","True"
"OTU WA CNE - 104020","9c332479-62c7-4218-a9fd-1f8c771625ed","otuwacne104020.onmicrosoft.com","Microsoft Defender Vulnerability Management Add-on","2615ff48-ca2d-40ca-cf6d-227d44e0f6e8","Microsoft Defender Vulnerability Management Add-on","Deleted","1","15-05-2026 21:35:12","15-05-2026 00:00:00","14-06-2026 00:00:00","True"
"OTU WA CNE - 104020","9c332479-62c7-4218-a9fd-1f8c771625ed","otuwacne104020.onmicrosoft.com","Microsoft 365 E5 (no Teams)","6a327095-f5d1-4113-dda7-e339d0817e16","Microsoft 365 E5 (no Teams)","Deleted","1","15-05-2026 21:10:18","15-05-2026 00:00:00","14-06-2026 00:00:00","True"
"OTU WA CNE - 104020","9c332479-62c7-4218-a9fd-1f8c771625ed","otuwacne104020.onmicrosoft.com","Microsoft Entra ID P2","0b8a5e8d-eed0-4b73-c725-3b71d4ee1845","Microsoft Entra ID P2","Deleted","3","15-05-2026 20:46:14","15-05-2026 00:00:00","14-06-2026 00:00:00","True"
"OTU WA CNE - 104020","9c332479-62c7-4218-a9fd-1f8c771625ed","otuwacne104020.onmicrosoft.com","Azure plan","25e6f4ff-5f03-4eb5-d14c-587e65c584cc","Azure plan","Active","1","11-05-2026 14:56:13","11-05-2026 00:00:00","31-12-9999 23:59:59","False"
"OTU WA CNE - 104019","b27ea40b-42cb-4915-bc1c-998f0168e19e","otuwacne104019.onmicrosoft.com","Microsoft Defender Vulnerability Management Add-on","13a3e40a-9804-4ff4-df6e-835a7a7e1b97","Microsoft Defender Vulnerability Management Add-on","Active","1","21-05-2026 22:31:11","21-05-2026 00:00:00","20-06-2026 00:00:00","True"
"OTU WA CNE - 104019","b27ea40b-42cb-4915-bc1c-998f0168e19e","otuwacne104019.onmicrosoft.com","Microsoft 365 E5 (no Teams)","00130813-176c-416a-dc11-4700a6fc616a","Microsoft 365 E5 (no Teams)","Deleted","1","21-05-2026 22:15:25","21-05-2026 00:00:00","20-06-2026 00:00:00","True"
"OTU WA CNE - 104019","b27ea40b-42cb-4915-bc1c-998f0168e19e","otuwacne104019.onmicrosoft.com","Microsoft Intune Suite","a0fe5bf6-3aa7-4fb6-dafe-6efd7deb22c4","Microsoft Intune Suite","Deleted","1","21-05-2026 21:51:17","21-05-2026 00:00:00","20-06-2026 00:00:00","True"
"OTU WA CNE - 104019","b27ea40b-42cb-4915-bc1c-998f0168e19e","otuwacne104019.onmicrosoft.com","Microsoft Intune Suite","1bec5e45-da7c-4e30-d7b8-81648cc9e676","Microsoft Intune Suite","Deleted","1","16-05-2026 09:30:46","16-05-2026 00:00:00","15-06-2026 00:00:00","True"
"OTU WA CNE - 104019","b27ea40b-42cb-4915-bc1c-998f0168e19e","otuwacne104019.onmicrosoft.com","Microsoft Defender Vulnerability Management Add-on","63959233-2912-409f-dc53-a487b9d9801c","Microsoft Defender Vulnerability Management Add-on","Deleted","1","15-05-2026 21:34:50","15-05-2026 00:00:00","14-06-2026 00:00:00","True"
"OTU WA CNE - 104019","b27ea40b-42cb-4915-bc1c-998f0168e19e","otuwacne104019.onmicrosoft.com","Microsoft 365 E5 (no Teams)","494dac55-fc9c-493e-dc2c-915e4343a152","Microsoft 365 E5 (no Teams)","Deleted","1","15-05-2026 21:09:56","15-05-2026 00:00:00","14-06-2026 00:00:00","True"
"OTU WA CNE - 104019","b27ea40b-42cb-4915-bc1c-998f0168e19e","otuwacne104019.onmicrosoft.com","Microsoft Entra ID P2","5e5cc2d3-8697-4657-dc5d-07e7d0485c1b","Microsoft Entra ID P2","Deleted","3","15-05-2026 20:45:55","15-05-2026 00:00:00","14-06-2026 00:00:00","True"
"OTU WA CNE - 104019","b27ea40b-42cb-4915-bc1c-998f0168e19e","otuwacne104019.onmicrosoft.com","Azure plan","ad47c05c-be80-4858-cf0e-816d7d85cc44","Azure plan","Active","1","11-05-2026 14:52:06","11-05-2026 00:00:00","31-12-9999 23:59:59","False"
"OTU WA CNE - 104018","0a090846-6267-45b6-bdfc-9f8482da1694","otuwacne104018.onmicrosoft.com","Microsoft Defender Vulnerability Management Add-on","0f63d934-2093-4c3a-df24-88d76acdded5","Microsoft Defender Vulnerability Management Add-on","Active","1","21-05-2026 22:30:53","21-05-2026 00:00:00","20-06-2026 00:00:00","True"
"OTU WA CNE - 104018","0a090846-6267-45b6-bdfc-9f8482da1694","otuwacne104018.onmicrosoft.com","Microsoft 365 E5 (no Teams)","a4fcb0ca-00e7-479c-d22c-3523d4e53b31","Microsoft 365 E5 (no Teams)","Deleted","1","21-05-2026 22:15:02","21-05-2026 00:00:00","20-06-2026 00:00:00","True"
"OTU WA CNE - 104018","0a090846-6267-45b6-bdfc-9f8482da1694","otuwacne104018.onmicrosoft.com","Microsoft Intune Suite","cc1702dd-fb98-4115-dad9-50645869cb2f","Microsoft Intune Suite","Active","1","21-05-2026 21:50:56","21-05-2026 00:00:00","20-06-2026 00:00:00","True"
"OTU WA CNE - 104018","0a090846-6267-45b6-bdfc-9f8482da1694","otuwacne104018.onmicrosoft.com","Microsoft Intune Suite","d70ffdef-ce28-4052-d1c9-d34794e34495","Microsoft Intune Suite","Deleted","1","16-05-2026 09:30:17","16-05-2026 00:00:00","15-06-2026 00:00:00","True"
"OTU WA CNE - 104018","0a090846-6267-45b6-bdfc-9f8482da1694","otuwacne104018.onmicrosoft.com","Microsoft Defender Vulnerability Management Add-on","86488cdb-1dc4-4808-cb11-fde29a2d604e","Microsoft Defender Vulnerability Management Add-on","Deleted","1","15-05-2026 21:34:32","15-05-2026 00:00:00","14-06-2026 00:00:00","True"
"OTU WA CNE - 104018","0a090846-6267-45b6-bdfc-9f8482da1694","otuwacne104018.onmicrosoft.com","Microsoft 365 E5 (no Teams)","700bd059-a36a-4e27-d05a-1ca587eb1b36","Microsoft 365 E5 (no Teams)","Deleted","1","15-05-2026 21:09:39","15-05-2026 00:00:00","14-06-2026 00:00:00","True"
"OTU WA CNE - 104018","0a090846-6267-45b6-bdfc-9f8482da1694","otuwacne104018.onmicrosoft.com","Microsoft Entra ID P2","2651c071-043d-4eaa-dc2f-b7d887073484","Microsoft Entra ID P2","Deleted","3","15-05-2026 20:45:38","15-05-2026 00:00:00","14-06-2026 00:00:00","True"
"OTU WA CNE - 104018","0a090846-6267-45b6-bdfc-9f8482da1694","otuwacne104018.onmicrosoft.com","Azure plan","44a98f4d-2955-4297-cbd5-f7e11ef416b8","Azure plan","Active","1","11-05-2026 14:47:48","11-05-2026 00:00:00","31-12-9999 23:59:59","False"
"OTU WA CNE - 104017","d5ee1bad-a8a6-4bf3-b56e-f06bbef38d6c","otuwacne104017.onmicrosoft.com","Microsoft Defender Vulnerability Management Add-on","0587f8dd-0782-47e3-d285-bb43189bb7bf","Microsoft Defender Vulnerability Management Add-on","Active","1","21-05-2026 22:30:27","21-05-2026 00:00:00","20-06-2026 00:00:00","True"
"OTU WA CNE - 104017","d5ee1bad-a8a6-4bf3-b56e-f06bbef38d6c","otuwacne104017.onmicrosoft.com","Microsoft 365 E5 (no Teams)","a1cd2b4c-b058-493b-c3d1-8c4bf6fe1a31","Microsoft 365 E5 (no Teams)","Deleted","1","21-05-2026 22:14:26","21-05-2026 00:00:00","20-06-2026 00:00:00","True"
"OTU WA CNE - 104017","d5ee1bad-a8a6-4bf3-b56e-f06bbef38d6c","otuwacne104017.onmicrosoft.com","Microsoft Intune Suite","07cc4c56-8a18-4cc2-d158-193d5e1b33a8","Microsoft Intune Suite","Active","1","21-05-2026 21:50:37","21-05-2026 00:00:00","20-06-2026 00:00:00","True"
"OTU WA CNE - 104017","d5ee1bad-a8a6-4bf3-b56e-f06bbef38d6c","otuwacne104017.onmicrosoft.com","Microsoft Intune Suite","82077040-dffc-46d2-d7ed-404f6945c7fc","Microsoft Intune Suite","Deleted","1","16-05-2026 09:29:59","16-05-2026 00:00:00","15-06-2026 00:00:00","True"
"OTU WA CNE - 104017","d5ee1bad-a8a6-4bf3-b56e-f06bbef38d6c","otuwacne104017.onmicrosoft.com","Microsoft Defender Vulnerability Management Add-on","aad3e514-218c-4f80-df7a-221e74b47b24","Microsoft Defender Vulnerability Management Add-on","Deleted","1","15-05-2026 21:34:16","15-05-2026 00:00:00","14-06-2026 00:00:00","True"
"OTU WA CNE - 104017","d5ee1bad-a8a6-4bf3-b56e-f06bbef38d6c","otuwacne104017.onmicrosoft.com","Microsoft 365 E5 (no Teams)","d6fa26c0-2a8f-430e-d3db-1f0c1434a58f","Microsoft 365 E5 (no Teams)","Deleted","1","15-05-2026 21:09:13","15-05-2026 00:00:00","14-06-2026 00:00:00","True"
"OTU WA CNE - 104017","d5ee1bad-a8a6-4bf3-b56e-f06bbef38d6c","otuwacne104017.onmicrosoft.com","Microsoft Entra ID P2","02c533bb-8e5d-431b-d04e-59c85bf25999","Microsoft Entra ID P2","Deleted","3","15-05-2026 20:45:18","15-05-2026 00:00:00","14-06-2026 00:00:00","True"
"OTU WA CNE - 104017","d5ee1bad-a8a6-4bf3-b56e-f06bbef38d6c","otuwacne104017.onmicrosoft.com","Azure plan","999c5542-dc1b-4204-d210-b1ab5e2925d5","Azure plan","Active","1","11-05-2026 14:43:46","11-05-2026 00:00:00","31-12-9999 23:59:59","False"
"OTU WA CNE - 104016","239b18f0-9f00-413c-9f28-7a4c89f9e489","otuwacne104016.onmicrosoft.com","Microsoft Defender Vulnerability Management Add-on","98d8cfa1-2183-4ce5-d825-33385c74ea01","Microsoft Defender Vulnerability Management Add-on","Active","1","21-05-2026 22:30:03","21-05-2026 00:00:00","20-06-2026 00:00:00","True"
"OTU WA CNE - 104016","239b18f0-9f00-413c-9f28-7a4c89f9e489","otuwacne104016.onmicrosoft.com","Microsoft 365 E5 (no Teams)","52c488c9-515a-4607-cd32-b1336bc6d356","Microsoft 365 E5 (no Teams)","Deleted","1","21-05-2026 22:14:00","21-05-2026 00:00:00","20-06-2026 00:00:00","True"
"OTU WA CNE - 104016","239b18f0-9f00-413c-9f28-7a4c89f9e489","otuwacne104016.onmicrosoft.com","Microsoft Intune Suite","cbefaa3f-2339-45b6-d600-5d5864d9d955","Microsoft Intune Suite","Active","1","21-05-2026 21:50:14","21-05-2026 00:00:00","20-06-2026 00:00:00","True"
"OTU WA CNE - 104016","239b18f0-9f00-413c-9f28-7a4c89f9e489","otuwacne104016.onmicrosoft.com","Microsoft Intune Suite","9ffec872-4ec1-4c1e-db2d-222448b8efd4","Microsoft Intune Suite","Deleted","1","16-05-2026 09:29:43","16-05-2026 00:00:00","15-06-2026 00:00:00","True"
"OTU WA CNE - 104016","239b18f0-9f00-413c-9f28-7a4c89f9e489","otuwacne104016.onmicrosoft.com","Microsoft Defender Vulnerability Management Add-on","f1f3a220-1528-4be0-de85-b715e070d808","Microsoft Defender Vulnerability Management Add-on","Deleted","1","15-05-2026 21:33:59","15-05-2026 00:00:00","14-06-2026 00:00:00","True"
"OTU WA CNE - 104016","239b18f0-9f00-413c-9f28-7a4c89f9e489","otuwacne104016.onmicrosoft.com","Microsoft 365 E5 (no Teams)","f2b23b79-2e0f-49fc-d037-254fba7bfdf2","Microsoft 365 E5 (no Teams)","Deleted","1","15-05-2026 21:08:50","15-05-2026 00:00:00","14-06-2026 00:00:00","True"
"OTU WA CNE - 104016","239b18f0-9f00-413c-9f28-7a4c89f9e489","otuwacne104016.onmicrosoft.com","Microsoft Entra ID P2","885591e6-7af8-4a66-cef8-a4f69c580c54","Microsoft Entra ID P2","Deleted","3","15-05-2026 20:44:58","15-05-2026 00:00:00","14-06-2026 00:00:00","True"
"OTU WA CNE - 104016","239b18f0-9f00-413c-9f28-7a4c89f9e489","otuwacne104016.onmicrosoft.com","Azure plan","9facfd1d-a9be-4bbe-cc00-10bc44046bbb","Azure plan","Active","1","11-05-2026 14:39:35","11-05-2026 00:00:00","31-12-9999 23:59:59","False"
"OTU WA CNE - 104015","c068eea7-73b6-4be9-b265-9289be35cd81","otuwacne104015.onmicrosoft.com","Microsoft Defender Vulnerability Management Add-on","61701c87-3c5f-48fc-d88b-de3a3bbb5d3c","Microsoft Defender Vulnerability Management Add-on","Active","1","21-05-2026 22:29:30","21-05-2026 00:00:00","20-06-2026 00:00:00","True"
"OTU WA CNE - 104015","c068eea7-73b6-4be9-b265-9289be35cd81","otuwacne104015.onmicrosoft.com","Microsoft 365 E5 (no Teams)","8ae276f2-7652-4bf1-d37e-0a280db0a10b","Microsoft 365 E5 (no Teams)","Deleted","1","21-05-2026 22:13:37","21-05-2026 00:00:00","20-06-2026 00:00:00","True"
"OTU WA CNE - 104015","c068eea7-73b6-4be9-b265-9289be35cd81","otuwacne104015.onmicrosoft.com","Microsoft Intune Suite","60474001-12e1-4c2d-cb59-2c4f0500452e","Microsoft Intune Suite","Active","1","21-05-2026 21:49:50","21-05-2026 00:00:00","20-06-2026 00:00:00","True"
"OTU WA CNE - 104015","c068eea7-73b6-4be9-b265-9289be35cd81","otuwacne104015.onmicrosoft.com","Microsoft Intune Suite","ed74c939-8800-42ca-ddc8-169b33cb0a2e","Microsoft Intune Suite","Deleted","1","16-05-2026 09:29:21","16-05-2026 00:00:00","15-06-2026 00:00:00","True"
"OTU WA CNE - 104015","c068eea7-73b6-4be9-b265-9289be35cd81","otuwacne104015.onmicrosoft.com","Microsoft Defender Vulnerability Management Add-on","58dbae39-5b8d-490c-ccb8-86faaaf039a0","Microsoft Defender Vulnerability Management Add-on","Deleted","1","15-05-2026 21:33:41","15-05-2026 00:00:00","14-06-2026 00:00:00","True"
"OTU WA CNE - 104015","c068eea7-73b6-4be9-b265-9289be35cd81","otuwacne104015.onmicrosoft.com","Microsoft 365 E5 (no Teams)","b15e2331-c551-4eed-d321-dc20e1baeb3c","Microsoft 365 E5 (no Teams)","Deleted","1","15-05-2026 21:08:25","15-05-2026 00:00:00","14-06-2026 00:00:00","True"
"OTU WA CNE - 104015","c068eea7-73b6-4be9-b265-9289be35cd81","otuwacne104015.onmicrosoft.com","Microsoft Entra ID P2","c79c8a26-165c-418a-da4e-b96255b4c155","Microsoft Entra ID P2","Deleted","3","15-05-2026 20:44:35","15-05-2026 00:00:00","14-06-2026 00:00:00","True"
"OTU WA CNE - 104015","c068eea7-73b6-4be9-b265-9289be35cd81","otuwacne104015.onmicrosoft.com","Azure plan","54cf574a-1b5c-4be8-c049-1453bf58e473","Azure plan","Active","1","11-05-2026 10:33:17","11-05-2026 00:00:00","31-12-9999 23:59:59","False"
"OTU WA CNE - 104014","0a0495e4-e3f3-40ec-b90f-181fcaeeace2","otuwacne104014.onmicrosoft.com","Microsoft Defender Vulnerability Management Add-on","e215612b-34f2-4fd3-cb5d-1a739d2e3906","Microsoft Defender Vulnerability Management Add-on","Active","1","21-05-2026 22:28:50","21-05-2026 00:00:00","20-06-2026 00:00:00","True"
"OTU WA CNE - 104014","0a0495e4-e3f3-40ec-b90f-181fcaeeace2","otuwacne104014.onmicrosoft.com","Microsoft 365 E5 (no Teams)","9de6d271-9a11-4972-d4c2-198ae2eed572","Microsoft 365 E5 (no Teams)","Deleted","1","21-05-2026 22:13:10","21-05-2026 00:00:00","20-06-2026 00:00:00","True"
"OTU WA CNE - 104014","0a0495e4-e3f3-40ec-b90f-181fcaeeace2","otuwacne104014.onmicrosoft.com","Microsoft Intune Suite","8de1945e-1863-4aff-dcb8-64f42a819750","Microsoft Intune Suite","Active","1","21-05-2026 21:49:33","21-05-2026 00:00:00","20-06-2026 00:00:00","True"
"OTU WA CNE - 104014","0a0495e4-e3f3-40ec-b90f-181fcaeeace2","otuwacne104014.onmicrosoft.com","Microsoft Intune Suite","46afbdc8-c304-4757-d6a8-e5e8ef56cc44","Microsoft Intune Suite","Deleted","1","16-05-2026 09:28:59","16-05-2026 00:00:00","15-06-2026 00:00:00","True"
"OTU WA CNE - 104014","0a0495e4-e3f3-40ec-b90f-181fcaeeace2","otuwacne104014.onmicrosoft.com","Microsoft Defender Vulnerability Management Add-on","a7a8bb26-7fa8-461f-c9d4-11cc5d8df76f","Microsoft Defender Vulnerability Management Add-on","Deleted","1","15-05-2026 21:33:21","15-05-2026 00:00:00","14-06-2026 00:00:00","True"
"OTU WA CNE - 104014","0a0495e4-e3f3-40ec-b90f-181fcaeeace2","otuwacne104014.onmicrosoft.com","Microsoft 365 E5 (no Teams)","db976a4a-e45a-4b3a-c37d-33bb34f23222","Microsoft 365 E5 (no Teams)","Deleted","1","15-05-2026 21:08:02","15-05-2026 00:00:00","14-06-2026 00:00:00","True"
"OTU WA CNE - 104014","0a0495e4-e3f3-40ec-b90f-181fcaeeace2","otuwacne104014.onmicrosoft.com","Microsoft Entra ID P2","4c92ade3-b43a-465c-dd56-534279bff1f8","Microsoft Entra ID P2","Deleted","3","15-05-2026 20:44:12","15-05-2026 00:00:00","14-06-2026 00:00:00","True"
"OTU WA CNE - 104014","0a0495e4-e3f3-40ec-b90f-181fcaeeace2","otuwacne104014.onmicrosoft.com","Azure plan","c31c5f9f-60e6-4fc9-c3e9-b17988c81428","Azure plan","Active","1","11-05-2026 10:29:26","11-05-2026 00:00:00","31-12-9999 23:59:59","False"
"OTU WA CNE - 104013","740edb9c-e174-4938-a673-07f42776ef2a","otuwacne104013.onmicrosoft.com","Microsoft Defender Vulnerability Management Add-on","bab8d253-889e-4bc6-c573-e4497df69534","Microsoft Defender Vulnerability Management Add-on","Active","1","21-05-2026 22:28:25","21-05-2026 00:00:00","20-06-2026 00:00:00","True"
"OTU WA CNE - 104013","740edb9c-e174-4938-a673-07f42776ef2a","otuwacne104013.onmicrosoft.com","Microsoft 365 E5 (no Teams)","c9dea205-4f56-4eb1-cfba-1fdc5be24002","Microsoft 365 E5 (no Teams)","Deleted","1","21-05-2026 22:12:43","21-05-2026 00:00:00","20-06-2026 00:00:00","True"
"OTU WA CNE - 104013","740edb9c-e174-4938-a673-07f42776ef2a","otuwacne104013.onmicrosoft.com","Microsoft Intune Suite","686ff924-2134-4cb4-c4d7-27edef93f922","Microsoft Intune Suite","Active","1","21-05-2026 21:49:11","21-05-2026 00:00:00","20-06-2026 00:00:00","True"
"OTU WA CNE - 104013","740edb9c-e174-4938-a673-07f42776ef2a","otuwacne104013.onmicrosoft.com","Microsoft Intune Suite","73acdf50-eeab-4aa1-ccae-2b7204605dcf","Microsoft Intune Suite","Deleted","1","16-05-2026 09:28:42","16-05-2026 00:00:00","15-06-2026 00:00:00","True"
"OTU WA CNE - 104013","740edb9c-e174-4938-a673-07f42776ef2a","otuwacne104013.onmicrosoft.com","Microsoft Defender Vulnerability Management Add-on","5ccdcd21-ce34-42ff-db18-5e00fed8b817","Microsoft Defender Vulnerability Management Add-on","Deleted","1","15-05-2026 21:33:07","15-05-2026 00:00:00","14-06-2026 00:00:00","True"
"OTU WA CNE - 104013","740edb9c-e174-4938-a673-07f42776ef2a","otuwacne104013.onmicrosoft.com","Microsoft 365 E5 (no Teams)","71634080-c58b-42cf-d500-fee1f9ed6fe8","Microsoft 365 E5 (no Teams)","Deleted","1","15-05-2026 21:07:40","15-05-2026 00:00:00","14-06-2026 00:00:00","True"
"OTU WA CNE - 104013","740edb9c-e174-4938-a673-07f42776ef2a","otuwacne104013.onmicrosoft.com","Microsoft Entra ID P2","a80e83e8-825c-4dab-dcf4-aacffe43a9bc","Microsoft Entra ID P2","Deleted","3","15-05-2026 20:43:54","15-05-2026 00:00:00","14-06-2026 00:00:00","True"
"OTU WA CNE - 104013","740edb9c-e174-4938-a673-07f42776ef2a","otuwacne104013.onmicrosoft.com","Azure plan","8b51b97b-0f6c-473f-c13a-0975e1830ad5","Azure plan","Active","1","11-05-2026 10:25:19","11-05-2026 00:00:00","31-12-9999 23:59:59","False"
"OTU WA CNE - 104012","06f6bca4-7cc0-4899-bd08-0c976894d165","otuwacne104012.onmicrosoft.com","Microsoft Defender Vulnerability Management Add-on","035d1147-f5b7-4747-ca15-9eb62f80d067","Microsoft Defender Vulnerability Management Add-on","Active","1","21-05-2026 22:28:00","21-05-2026 00:00:00","20-06-2026 00:00:00","True"
"OTU WA CNE - 104012","06f6bca4-7cc0-4899-bd08-0c976894d165","otuwacne104012.onmicrosoft.com","Microsoft 365 E5 (no Teams)","87ff8a43-d51c-46df-de8d-69932f5587fb","Microsoft 365 E5 (no Teams)","Deleted","1","21-05-2026 22:12:03","21-05-2026 00:00:00","20-06-2026 00:00:00","True"
"OTU WA CNE - 104012","06f6bca4-7cc0-4899-bd08-0c976894d165","otuwacne104012.onmicrosoft.com","Microsoft Intune Suite","e372552a-a5f8-4949-dc40-92a444596902","Microsoft Intune Suite","Active","1","21-05-2026 21:48:51","21-05-2026 00:00:00","20-06-2026 00:00:00","True"
"OTU WA CNE - 104012","06f6bca4-7cc0-4899-bd08-0c976894d165","otuwacne104012.onmicrosoft.com","Microsoft Defender Vulnerability Management Add-on","ae8adcce-cee5-4c1c-cbad-1cebf363b84a","Microsoft Defender Vulnerability Management Add-on","Deleted","1","21-05-2026 21:26:59","21-05-2026 00:00:00","20-06-2026 00:00:00","True"
"OTU WA CNE - 104012","06f6bca4-7cc0-4899-bd08-0c976894d165","otuwacne104012.onmicrosoft.com","Microsoft Intune Suite","d4b857cc-c1be-4c2b-d0ae-875c8b418c95","Microsoft Intune Suite","Deleted","1","16-05-2026 09:28:26","16-05-2026 00:00:00","15-06-2026 00:00:00","True"
"OTU WA CNE - 104012","06f6bca4-7cc0-4899-bd08-0c976894d165","otuwacne104012.onmicrosoft.com","Microsoft Defender Vulnerability Management Add-on","ab4fb6f0-7917-42a4-de31-8a479a556bc7","Microsoft Defender Vulnerability Management Add-on","Deleted","1","15-05-2026 21:32:50","15-05-2026 00:00:00","14-06-2026 00:00:00","True"
"OTU WA CNE - 104012","06f6bca4-7cc0-4899-bd08-0c976894d165","otuwacne104012.onmicrosoft.com","Microsoft 365 E5 (no Teams)","32d2255d-b048-41f1-c923-84962b1b4d23","Microsoft 365 E5 (no Teams)","Deleted","1","15-05-2026 21:07:18","15-05-2026 00:00:00","14-06-2026 00:00:00","True"
"OTU WA CNE - 104012","06f6bca4-7cc0-4899-bd08-0c976894d165","otuwacne104012.onmicrosoft.com","Microsoft Entra ID P2","c8e30dd0-0b67-423f-d7bd-829e38bffb9e","Microsoft Entra ID P2","Deleted","3","15-05-2026 20:43:40","15-05-2026 00:00:00","14-06-2026 00:00:00","True"
"OTU WA CNE - 104012","06f6bca4-7cc0-4899-bd08-0c976894d165","otuwacne104012.onmicrosoft.com","Azure plan","a2fc33a4-54e8-4030-c162-2ebb96eb6759","Azure plan","Active","1","11-05-2026 10:21:29","11-05-2026 00:00:00","31-12-9999 23:59:59","False"
"OTU WA CNE - 104011","715f4527-5dcc-462e-a7b9-dfbbb6be43e3","otuwacne104011.onmicrosoft.com","Microsoft Defender Vulnerability Management Add-on","0075f97a-6b4c-4214-cbe6-331a48510d96","Microsoft Defender Vulnerability Management Add-on","Active","1","21-05-2026 22:27:24","21-05-2026 00:00:00","20-06-2026 00:00:00","True"
"OTU WA CNE - 104011","715f4527-5dcc-462e-a7b9-dfbbb6be43e3","otuwacne104011.onmicrosoft.com","Microsoft 365 E5 (no Teams)","ffd953b7-7f52-47aa-cea0-0bf5fc2d595c","Microsoft 365 E5 (no Teams)","Deleted","1","21-05-2026 22:11:34","21-05-2026 00:00:00","20-06-2026 00:00:00","True"
"OTU WA CNE - 104011","715f4527-5dcc-462e-a7b9-dfbbb6be43e3","otuwacne104011.onmicrosoft.com","Microsoft Intune Suite","5f2a1d00-00f5-45e9-d413-02d73dd68bc5","Microsoft Intune Suite","Active","1","21-05-2026 21:48:32","21-05-2026 00:00:00","20-06-2026 00:00:00","True"
"OTU WA CNE - 104011","715f4527-5dcc-462e-a7b9-dfbbb6be43e3","otuwacne104011.onmicrosoft.com","Microsoft Defender Vulnerability Management Add-on","06963fd5-64e0-4643-dee8-330ab9e7735b","Microsoft Defender Vulnerability Management Add-on","Deleted","1","21-05-2026 21:26:36","21-05-2026 00:00:00","20-06-2026 00:00:00","True"
"OTU WA CNE - 104011","715f4527-5dcc-462e-a7b9-dfbbb6be43e3","otuwacne104011.onmicrosoft.com","Microsoft Intune Suite","f3490bd2-bfd6-48f4-cbec-bc9dfb3cfb4b","Microsoft Intune Suite","Deleted","1","16-05-2026 09:28:08","16-05-2026 00:00:00","15-06-2026 00:00:00","True"
"OTU WA CNE - 104011","715f4527-5dcc-462e-a7b9-dfbbb6be43e3","otuwacne104011.onmicrosoft.com","Microsoft Defender Vulnerability Management Add-on","5ac2aec0-e352-4cf5-d1ca-6af7f9087b8d","Microsoft Defender Vulnerability Management Add-on","Deleted","1","15-05-2026 21:32:33","15-05-2026 00:00:00","14-06-2026 00:00:00","True"
"OTU WA CNE - 104011","715f4527-5dcc-462e-a7b9-dfbbb6be43e3","otuwacne104011.onmicrosoft.com","Microsoft 365 E5 (no Teams)","7e4d6faa-6af5-4382-d62b-333409dd552e","Microsoft 365 E5 (no Teams)","Deleted","1","15-05-2026 21:06:55","15-05-2026 00:00:00","14-06-2026 00:00:00","True"
"OTU WA CNE - 104011","715f4527-5dcc-462e-a7b9-dfbbb6be43e3","otuwacne104011.onmicrosoft.com","Microsoft Entra ID P2","230b333e-6e24-4e3e-cb7a-5c9971723233","Microsoft Entra ID P2","Deleted","3","15-05-2026 20:43:21","15-05-2026 00:00:00","14-06-2026 00:00:00","True"
"OTU WA CNE - 104011","715f4527-5dcc-462e-a7b9-dfbbb6be43e3","otuwacne104011.onmicrosoft.com","Azure plan","78c903f1-68cc-4720-df35-3d7a00554fd7","Azure plan","Active","1","11-05-2026 10:17:27","11-05-2026 00:00:00","31-12-9999 23:59:59","False"
"OTU WA CNE - 104010","a38be04e-2bd5-4bad-b4fc-6ae2d4c429ef","otuwacne104010.onmicrosoft.com","Microsoft 365 E5 (no Teams)","e2086eaf-35c3-4124-df87-f5b2d8a1cc4f","Microsoft 365 E5 (no Teams)","Deleted","1","21-05-2026 22:11:07","21-05-2026 00:00:00","20-06-2026 00:00:00","True"
"OTU WA CNE - 104010","a38be04e-2bd5-4bad-b4fc-6ae2d4c429ef","otuwacne104010.onmicrosoft.com","Microsoft Intune Suite","1862a929-5bbe-4739-d911-f6fa17207c42","Microsoft Intune Suite","Active","1","21-05-2026 21:48:13","21-05-2026 00:00:00","20-06-2026 00:00:00","True"
"OTU WA CNE - 104010","a38be04e-2bd5-4bad-b4fc-6ae2d4c429ef","otuwacne104010.onmicrosoft.com","Microsoft Defender Vulnerability Management Add-on","db63adb2-58e9-41f2-db75-a841c1a378c2","Microsoft Defender Vulnerability Management Add-on","Active","1","21-05-2026 21:26:15","21-05-2026 00:00:00","20-06-2026 00:00:00","True"
"OTU WA CNE - 104010","a38be04e-2bd5-4bad-b4fc-6ae2d4c429ef","otuwacne104010.onmicrosoft.com","Microsoft Intune Suite","3c0835b7-f952-425f-df86-ba3b86818c26","Microsoft Intune Suite","Deleted","1","16-05-2026 09:27:43","16-05-2026 00:00:00","15-06-2026 00:00:00","True"
"OTU WA CNE - 104010","a38be04e-2bd5-4bad-b4fc-6ae2d4c429ef","otuwacne104010.onmicrosoft.com","Microsoft Defender Vulnerability Management Add-on","f33ea28c-ab78-418a-c318-70879e005453","Microsoft Defender Vulnerability Management Add-on","Deleted","1","15-05-2026 21:32:18","15-05-2026 00:00:00","14-06-2026 00:00:00","True"
"OTU WA CNE - 104010","a38be04e-2bd5-4bad-b4fc-6ae2d4c429ef","otuwacne104010.onmicrosoft.com","Microsoft 365 E5 (no Teams)","2b08a74e-4c14-435f-d8bd-83ac2928cbca","Microsoft 365 E5 (no Teams)","Deleted","1","15-05-2026 21:06:29","15-05-2026 00:00:00","14-06-2026 00:00:00","True"
"OTU WA CNE - 104010","a38be04e-2bd5-4bad-b4fc-6ae2d4c429ef","otuwacne104010.onmicrosoft.com","Microsoft Entra ID P2","6924d8b7-4b9c-4f9d-dda6-1c391bf8004a","Microsoft Entra ID P2","Deleted","3","15-05-2026 20:42:58","15-05-2026 00:00:00","14-06-2026 00:00:00","True"
"OTU WA CNE - 104010","a38be04e-2bd5-4bad-b4fc-6ae2d4c429ef","otuwacne104010.onmicrosoft.com","Azure plan","9c7175ba-cded-4a60-d8d0-c4edcc389345","Azure plan","Active","1","11-05-2026 10:13:36","11-05-2026 00:00:00","31-12-9999 23:59:59","False"
"OTU WA CNE - 104009","dc7323a9-b2c3-4dbf-9d7e-59bc1832837d","otuwacne104009.onmicrosoft.com","Microsoft Intune Suite","669b83d9-6b03-404f-dd8e-c6dd5163ec8b","Microsoft Intune Suite","Deleted","2","16-05-2026 09:27:20","16-05-2026 00:00:00","15-06-2026 00:00:00","True"
"OTU WA CNE - 104009","dc7323a9-b2c3-4dbf-9d7e-59bc1832837d","otuwacne104009.onmicrosoft.com","Microsoft Defender Vulnerability Management Add-on","54076d36-db65-4390-cf25-36addc4c2405","Microsoft Defender Vulnerability Management Add-on","Deleted","1","15-05-2026 22:36:53","15-05-2026 00:00:00","14-06-2026 00:00:00","True"
"OTU WA CNE - 104009","dc7323a9-b2c3-4dbf-9d7e-59bc1832837d","otuwacne104009.onmicrosoft.com","Microsoft 365 E5 (no Teams)","8a87ee64-a30e-44bc-c1cd-3c4a2cba0132","Microsoft 365 E5 (no Teams)","Deleted","1","15-05-2026 21:59:23","15-05-2026 00:00:00","14-06-2026 00:00:00","True"
"OTU WA CNE - 104009","dc7323a9-b2c3-4dbf-9d7e-59bc1832837d","otuwacne104009.onmicrosoft.com","Microsoft Entra ID P2","60704011-6d24-4ca9-caa6-d72eac232af4","Microsoft Entra ID P2","Deleted","5","15-05-2026 21:31:22","15-05-2026 00:00:00","14-06-2026 00:00:00","True"
"OTU WA CNE - 104009","dc7323a9-b2c3-4dbf-9d7e-59bc1832837d","otuwacne104009.onmicrosoft.com","Azure plan","aabd7e7d-d033-422e-cdff-134a8b3c3ed5","Azure plan","Active","1","11-05-2026 10:09:46","11-05-2026 00:00:00","31-12-9999 23:59:59","False"
"OTU WA CNE - 104008","20417043-3ea5-43ea-85b1-606301f03632","otuwacne104008.onmicrosoft.com","Microsoft 365 E5 (no Teams)","7606d216-96e6-480f-c7c2-f118cd0c6616","Microsoft 365 E5 (no Teams)","Deleted","1","21-05-2026 22:10:39","21-05-2026 00:00:00","20-06-2026 00:00:00","True"
"OTU WA CNE - 104008","20417043-3ea5-43ea-85b1-606301f03632","otuwacne104008.onmicrosoft.com","Microsoft Intune Suite","c906e4fd-2f7a-4229-dea5-3ee3f2ea86b8","Microsoft Intune Suite","Active","1","21-05-2026 21:47:54","21-05-2026 00:00:00","20-06-2026 00:00:00","True"
"OTU WA CNE - 104008","20417043-3ea5-43ea-85b1-606301f03632","otuwacne104008.onmicrosoft.com","Microsoft Defender Vulnerability Management Add-on","bcd1e9dc-00c0-4e85-c1c6-cb5107bf039f","Microsoft Defender Vulnerability Management Add-on","Active","1","21-05-2026 21:25:53","21-05-2026 00:00:00","20-06-2026 00:00:00","True"
"OTU WA CNE - 104008","20417043-3ea5-43ea-85b1-606301f03632","otuwacne104008.onmicrosoft.com","Microsoft Intune Suite","e7f8edb1-21c3-4a01-ca27-f64bcffa3445","Microsoft Intune Suite","Deleted","1","16-05-2026 09:27:01","16-05-2026 00:00:00","15-06-2026 00:00:00","True"
"OTU WA CNE - 104008","20417043-3ea5-43ea-85b1-606301f03632","otuwacne104008.onmicrosoft.com","Microsoft Defender Vulnerability Management Add-on","1a64c6ff-b62f-4e7a-de28-a9f89240baf2","Microsoft Defender Vulnerability Management Add-on","Deleted","1","15-05-2026 21:32:03","15-05-2026 00:00:00","14-06-2026 00:00:00","True"
"OTU WA CNE - 104008","20417043-3ea5-43ea-85b1-606301f03632","otuwacne104008.onmicrosoft.com","Microsoft 365 E5 (no Teams)","bea7f26a-1877-4d82-d8eb-99700931c83e","Microsoft 365 E5 (no Teams)","Deleted","1","15-05-2026 21:06:06","15-05-2026 00:00:00","14-06-2026 00:00:00","True"
"OTU WA CNE - 104008","20417043-3ea5-43ea-85b1-606301f03632","otuwacne104008.onmicrosoft.com","Microsoft Entra ID P2","32be2e2c-77bd-4437-c5a5-379ee572f036","Microsoft Entra ID P2","Deleted","3","15-05-2026 20:42:39","15-05-2026 00:00:00","14-06-2026 00:00:00","True"
"OTU WA CNE - 104008","20417043-3ea5-43ea-85b1-606301f03632","otuwacne104008.onmicrosoft.com","Azure plan","08001828-b242-4e8d-ccbd-14e265e0667a","Azure plan","Active","1","11-05-2026 10:05:56","11-05-2026 00:00:00","31-12-9999 23:59:59","False"
"OTU WA CNE - 104007","7feeb899-6bdc-4376-a909-452aba019ddd","otuwacne104007.onmicrosoft.com","Microsoft 365 E5 (no Teams)","8aca5c93-04f4-4b0b-d0d8-8c1600cc3be0","Microsoft 365 E5 (no Teams)","Deleted","1","21-05-2026 22:10:18","21-05-2026 00:00:00","20-06-2026 00:00:00","True"
"OTU WA CNE - 104007","7feeb899-6bdc-4376-a909-452aba019ddd","otuwacne104007.onmicrosoft.com","Microsoft Intune Suite","1c83b567-72f6-490d-c20f-4f935e792577","Microsoft Intune Suite","Active","1","21-05-2026 21:47:36","21-05-2026 00:00:00","20-06-2026 00:00:00","True"
"OTU WA CNE - 104007","7feeb899-6bdc-4376-a909-452aba019ddd","otuwacne104007.onmicrosoft.com","Microsoft Defender Vulnerability Management Add-on","a7a04c2d-f082-419b-dccd-655e2adee3a4","Microsoft Defender Vulnerability Management Add-on","Active","1","21-05-2026 21:25:36","21-05-2026 00:00:00","20-06-2026 00:00:00","True"
"OTU WA CNE - 104007","7feeb899-6bdc-4376-a909-452aba019ddd","otuwacne104007.onmicrosoft.com","Microsoft Intune Suite","5b78c749-2bf8-4579-d54e-fb004db9ab22","Microsoft Intune Suite","Deleted","1","16-05-2026 09:26:39","16-05-2026 00:00:00","15-06-2026 00:00:00","True"
"OTU WA CNE - 104007","7feeb899-6bdc-4376-a909-452aba019ddd","otuwacne104007.onmicrosoft.com","Microsoft Defender Vulnerability Management Add-on","2b808d78-e86d-4893-c4a0-f7529f0e6a12","Microsoft Defender Vulnerability Management Add-on","Deleted","1","15-05-2026 21:31:46","15-05-2026 00:00:00","14-06-2026 00:00:00","True"
"OTU WA CNE - 104007","7feeb899-6bdc-4376-a909-452aba019ddd","otuwacne104007.onmicrosoft.com","Microsoft 365 E5 (no Teams)","58ad2e35-0aeb-414c-c6f8-7cc1da50b882","Microsoft 365 E5 (no Teams)","Deleted","1","15-05-2026 21:05:45","15-05-2026 00:00:00","14-06-2026 00:00:00","True"
"OTU WA CNE - 104007","7feeb899-6bdc-4376-a909-452aba019ddd","otuwacne104007.onmicrosoft.com","Microsoft Entra ID P2","28599ea3-43ce-4b4a-d8eb-dfcf322883fe","Microsoft Entra ID P2","Deleted","3","15-05-2026 20:42:07","15-05-2026 00:00:00","14-06-2026 00:00:00","True"
"OTU WA CNE - 104007","7feeb899-6bdc-4376-a909-452aba019ddd","otuwacne104007.onmicrosoft.com","Azure plan","84509b62-6b86-4e77-c3e9-4a7cc4989406","Azure plan","Active","1","11-05-2026 10:02:04","11-05-2026 00:00:00","31-12-9999 23:59:59","False"
"OTU WA CNE - 104006","c8361611-e905-4af9-b27b-4a0c19c7ab9d","otuwacne104006.onmicrosoft.com","Microsoft 365 E5 (no Teams)","800b5e35-bc64-4a06-c90d-fbd56196cc2a","Microsoft 365 E5 (no Teams)","Deleted","1","21-05-2026 22:09:52","21-05-2026 00:00:00","20-06-2026 00:00:00","True"
"OTU WA CNE - 104006","c8361611-e905-4af9-b27b-4a0c19c7ab9d","otuwacne104006.onmicrosoft.com","Microsoft Intune Suite","1828ca53-8810-423d-d299-ef3818bf5195","Microsoft Intune Suite","Active","1","21-05-2026 21:47:09","21-05-2026 00:00:00","20-06-2026 00:00:00","True"
"OTU WA CNE - 104006","c8361611-e905-4af9-b27b-4a0c19c7ab9d","otuwacne104006.onmicrosoft.com","Microsoft Defender Vulnerability Management Add-on","9130aaef-898f-42c7-cc85-66e4a6757155","Microsoft Defender Vulnerability Management Add-on","Active","1","21-05-2026 21:25:19","21-05-2026 00:00:00","20-06-2026 00:00:00","True"
"OTU WA CNE - 104006","c8361611-e905-4af9-b27b-4a0c19c7ab9d","otuwacne104006.onmicrosoft.com","Microsoft Intune Suite","a0b5d820-ecb9-47bd-de5c-75fc885eb46b","Microsoft Intune Suite","Deleted","1","16-05-2026 09:26:20","16-05-2026 00:00:00","15-06-2026 00:00:00","True"
"OTU WA CNE - 104006","c8361611-e905-4af9-b27b-4a0c19c7ab9d","otuwacne104006.onmicrosoft.com","Microsoft Defender Vulnerability Management Add-on","4a40168b-e3e1-4465-db6c-0840e47a8f99","Microsoft Defender Vulnerability Management Add-on","Deleted","1","15-05-2026 21:31:30","15-05-2026 00:00:00","14-06-2026 00:00:00","True"
"OTU WA CNE - 104006","c8361611-e905-4af9-b27b-4a0c19c7ab9d","otuwacne104006.onmicrosoft.com","Microsoft 365 E5 (no Teams)","f596674e-73ad-42b5-c518-1116e80ca28f","Microsoft 365 E5 (no Teams)","Deleted","1","15-05-2026 21:05:23","15-05-2026 00:00:00","14-06-2026 00:00:00","True"
"OTU WA CNE - 104006","c8361611-e905-4af9-b27b-4a0c19c7ab9d","otuwacne104006.onmicrosoft.com","Microsoft Entra ID P2","4365cdff-37f3-4817-ccef-112c2473ca8c","Microsoft Entra ID P2","Deleted","3","15-05-2026 20:41:48","15-05-2026 00:00:00","14-06-2026 00:00:00","True"
"OTU WA CNE - 104006","c8361611-e905-4af9-b27b-4a0c19c7ab9d","otuwacne104006.onmicrosoft.com","Azure plan","12e4aef3-d95e-44c9-c0d7-4df93b62e14c","Azure plan","Active","1","11-05-2026 09:58:02","11-05-2026 00:00:00","31-12-9999 23:59:59","False"
"OTU WA CNE - 104005","77060ab6-f578-4346-ae1e-1b5e216db2ed","otuwacne104005.onmicrosoft.com","Microsoft 365 E5 (no Teams)","906fa3b2-5e07-4c6d-cc72-9d2bf427326f","Microsoft 365 E5 (no Teams)","Deleted","1","21-05-2026 22:09:33","21-05-2026 00:00:00","20-06-2026 00:00:00","True"
"OTU WA CNE - 104005","77060ab6-f578-4346-ae1e-1b5e216db2ed","otuwacne104005.onmicrosoft.com","Microsoft Intune Suite","99db813c-35d0-4870-d631-93abf3c8f603","Microsoft Intune Suite","Deleted","1","21-05-2026 21:46:43","21-05-2026 00:00:00","20-06-2026 00:00:00","True"
"OTU WA CNE - 104005","77060ab6-f578-4346-ae1e-1b5e216db2ed","otuwacne104005.onmicrosoft.com","Microsoft Defender Vulnerability Management Add-on","6871206e-d3de-493b-dd8d-630e2ff8c504","Microsoft Defender Vulnerability Management Add-on","Deleted","1","21-05-2026 21:25:03","21-05-2026 00:00:00","20-06-2026 00:00:00","True"
"OTU WA CNE - 104005","77060ab6-f578-4346-ae1e-1b5e216db2ed","otuwacne104005.onmicrosoft.com","Microsoft Intune Suite","e8509bc7-aa45-4a41-dc0c-4de859815f8e","Microsoft Intune Suite","Deleted","1","16-05-2026 09:25:58","16-05-2026 00:00:00","15-06-2026 00:00:00","True"
"OTU WA CNE - 104005","77060ab6-f578-4346-ae1e-1b5e216db2ed","otuwacne104005.onmicrosoft.com","Microsoft Defender Vulnerability Management Add-on","83575d48-f893-45e8-d9cc-528642bd353a","Microsoft Defender Vulnerability Management Add-on","Deleted","1","15-05-2026 21:31:12","15-05-2026 00:00:00","14-06-2026 00:00:00","True"
"OTU WA CNE - 104005","77060ab6-f578-4346-ae1e-1b5e216db2ed","otuwacne104005.onmicrosoft.com","Microsoft 365 E5 (no Teams)","3287bd5e-eec5-47d9-d8ee-79720fcbb177","Microsoft 365 E5 (no Teams)","Deleted","1","15-05-2026 21:05:00","15-05-2026 00:00:00","14-06-2026 00:00:00","True"
"OTU WA CNE - 104005","77060ab6-f578-4346-ae1e-1b5e216db2ed","otuwacne104005.onmicrosoft.com","Microsoft Entra ID P2","23d36ff8-00c5-439e-caa7-86baf6774eea","Microsoft Entra ID P2","Deleted","3","15-05-2026 20:41:27","15-05-2026 00:00:00","14-06-2026 00:00:00","True"
"OTU WA CNE - 104005","77060ab6-f578-4346-ae1e-1b5e216db2ed","otuwacne104005.onmicrosoft.com","Azure plan","67684cf4-5161-4225-cbf1-ea7a7b43f746","Azure plan","Active","1","11-05-2026 09:53:57","11-05-2026 00:00:00","31-12-9999 23:59:59","False"
"OTU WA CNE - 104004","dcde1ddd-af2c-4b23-9ae5-d2a1fab7339f","otuwacne104004.onmicrosoft.com","Microsoft 365 E5 (no Teams)","1f32fcda-ec54-4a7c-ccc5-6ead6b0f23af","Microsoft 365 E5 (no Teams)","Deleted","1","21-05-2026 22:09:07","21-05-2026 00:00:00","20-06-2026 00:00:00","True"
"OTU WA CNE - 104004","dcde1ddd-af2c-4b23-9ae5-d2a1fab7339f","otuwacne104004.onmicrosoft.com","Microsoft Intune Suite","8e1e4213-8ecf-44a8-c9a8-5cb4a7d594d0","Microsoft Intune Suite","Active","1","21-05-2026 21:46:25","21-05-2026 00:00:00","20-06-2026 00:00:00","True"
"OTU WA CNE - 104004","dcde1ddd-af2c-4b23-9ae5-d2a1fab7339f","otuwacne104004.onmicrosoft.com","Microsoft Defender Vulnerability Management Add-on","9099eaaf-db60-475d-d248-5dee3254c489","Microsoft Defender Vulnerability Management Add-on","Active","1","21-05-2026 21:24:43","21-05-2026 00:00:00","20-06-2026 00:00:00","True"
"OTU WA CNE - 104004","dcde1ddd-af2c-4b23-9ae5-d2a1fab7339f","otuwacne104004.onmicrosoft.com","Microsoft Intune Suite","1ecc5780-929d-4700-ddf3-1b470f7e3faa","Microsoft Intune Suite","Deleted","1","16-05-2026 09:25:41","16-05-2026 00:00:00","15-06-2026 00:00:00","True"
"OTU WA CNE - 104004","dcde1ddd-af2c-4b23-9ae5-d2a1fab7339f","otuwacne104004.onmicrosoft.com","Microsoft Defender Vulnerability Management Add-on","1c0167d7-534e-4db5-d940-47530a90b216","Microsoft Defender Vulnerability Management Add-on","Deleted","1","15-05-2026 21:30:51","15-05-2026 00:00:00","14-06-2026 00:00:00","True"
"OTU WA CNE - 104004","dcde1ddd-af2c-4b23-9ae5-d2a1fab7339f","otuwacne104004.onmicrosoft.com","Microsoft 365 E5 (no Teams)","5cc9bad5-7f94-42f7-c082-2cc887cc59b1","Microsoft 365 E5 (no Teams)","Deleted","1","15-05-2026 21:04:38","15-05-2026 00:00:00","14-06-2026 00:00:00","True"
"OTU WA CNE - 104004","dcde1ddd-af2c-4b23-9ae5-d2a1fab7339f","otuwacne104004.onmicrosoft.com","Microsoft Entra ID P2","be8a3940-231e-4ff8-c857-9041a0fdf38a","Microsoft Entra ID P2","Deleted","3","15-05-2026 20:42:23","15-05-2026 00:00:00","14-06-2026 00:00:00","True"
"OTU WA CNE - 104004","dcde1ddd-af2c-4b23-9ae5-d2a1fab7339f","otuwacne104004.onmicrosoft.com","Azure plan","08baded3-0d18-411c-da0b-922ed68c856e","Azure plan","Active","1","11-05-2026 09:50:03","11-05-2026 00:00:00","31-12-9999 23:59:59","False"
"OTU WA CNE - 104003","8576e7cd-3097-4f8f-b95e-5fa90f62ded3","otuwacne104003.onmicrosoft.com","Microsoft 365 E5 (no Teams)","df83c87e-4a7f-414b-d605-c3300ab3fdb6","Microsoft 365 E5 (no Teams)","Deleted","1","21-05-2026 22:08:46","21-05-2026 00:00:00","20-06-2026 00:00:00","True"
"OTU WA CNE - 104003","8576e7cd-3097-4f8f-b95e-5fa90f62ded3","otuwacne104003.onmicrosoft.com","Microsoft Intune Suite","f40a917d-a1fb-43a9-cf49-1c550f87a3a4","Microsoft Intune Suite","Active","1","21-05-2026 21:46:05","21-05-2026 00:00:00","20-06-2026 00:00:00","True"
"OTU WA CNE - 104003","8576e7cd-3097-4f8f-b95e-5fa90f62ded3","otuwacne104003.onmicrosoft.com","Microsoft Defender Vulnerability Management Add-on","ea2b0312-542b-425b-c4fc-7b29fb118f4e","Microsoft Defender Vulnerability Management Add-on","Active","1","21-05-2026 21:24:22","21-05-2026 00:00:00","20-06-2026 00:00:00","True"
"OTU WA CNE - 104003","8576e7cd-3097-4f8f-b95e-5fa90f62ded3","otuwacne104003.onmicrosoft.com","Microsoft Intune Suite","499ea9e8-0f49-4ec2-c2c1-6e2790e248d9","Microsoft Intune Suite","Deleted","1","16-05-2026 09:25:20","16-05-2026 00:00:00","15-06-2026 00:00:00","True"
"OTU WA CNE - 104003","8576e7cd-3097-4f8f-b95e-5fa90f62ded3","otuwacne104003.onmicrosoft.com","Microsoft Defender Vulnerability Management Add-on","5e4b6fe5-65f1-45db-de30-248ca4d1d84d","Microsoft Defender Vulnerability Management Add-on","Deleted","1","15-05-2026 21:30:32","15-05-2026 00:00:00","14-06-2026 00:00:00","True"
"OTU WA CNE - 104003","8576e7cd-3097-4f8f-b95e-5fa90f62ded3","otuwacne104003.onmicrosoft.com","Microsoft 365 E5 (no Teams)","4d80072a-1541-4016-c9f3-23ae2863e9ae","Microsoft 365 E5 (no Teams)","Deleted","1","15-05-2026 21:04:15","15-05-2026 00:00:00","14-06-2026 00:00:00","True"
"OTU WA CNE - 104003","8576e7cd-3097-4f8f-b95e-5fa90f62ded3","otuwacne104003.onmicrosoft.com","Microsoft Entra ID P2","d5483618-c287-4dd2-d743-d85980d095f2","Microsoft Entra ID P2","Deleted","3","15-05-2026 20:41:05","15-05-2026 00:00:00","14-06-2026 00:00:00","True"
"OTU WA CNE - 104003","8576e7cd-3097-4f8f-b95e-5fa90f62ded3","otuwacne104003.onmicrosoft.com","Azure plan","88ff1ec7-1094-4eef-df28-d3f86b72362c","Azure plan","Active","1","11-05-2026 09:46:08","11-05-2026 00:00:00","31-12-9999 23:59:59","False"
"OTU WA CNE - 104002","28a55a2c-82bd-4b23-9f46-15ec7498ae91","otuwacne104002.onmicrosoft.com","Microsoft 365 E5 (no Teams)","ad4e1142-b4d9-4e39-c585-eafec1c85387","Microsoft 365 E5 (no Teams)","Deleted","1","21-05-2026 22:08:22","21-05-2026 00:00:00","20-06-2026 00:00:00","True"
"OTU WA CNE - 104002","28a55a2c-82bd-4b23-9f46-15ec7498ae91","otuwacne104002.onmicrosoft.com","Microsoft Intune Suite","0e9bb6b8-83ae-425b-c356-8b442bc5e790","Microsoft Intune Suite","Active","1","21-05-2026 21:45:34","21-05-2026 00:00:00","20-06-2026 00:00:00","True"
"OTU WA CNE - 104002","28a55a2c-82bd-4b23-9f46-15ec7498ae91","otuwacne104002.onmicrosoft.com","Microsoft Defender Vulnerability Management Add-on","dc028a93-36cb-4dff-dfb6-9bb515105038","Microsoft Defender Vulnerability Management Add-on","Active","1","21-05-2026 21:23:56","21-05-2026 00:00:00","20-06-2026 00:00:00","True"
"OTU WA CNE - 104002","28a55a2c-82bd-4b23-9f46-15ec7498ae91","otuwacne104002.onmicrosoft.com","Microsoft Intune Suite","9ec7cdb8-c99c-40a4-cb0e-a9876869b0d9","Microsoft Intune Suite","Deleted","1","16-05-2026 09:24:59","16-05-2026 00:00:00","15-06-2026 00:00:00","True"
"OTU WA CNE - 104002","28a55a2c-82bd-4b23-9f46-15ec7498ae91","otuwacne104002.onmicrosoft.com","Microsoft Defender Vulnerability Management Add-on","c8f16e3d-ac79-4fe3-dc58-9da2f6086e40","Microsoft Defender Vulnerability Management Add-on","Deleted","1","15-05-2026 21:30:16","15-05-2026 00:00:00","14-06-2026 00:00:00","True"
"OTU WA CNE - 104002","28a55a2c-82bd-4b23-9f46-15ec7498ae91","otuwacne104002.onmicrosoft.com","Microsoft 365 E5 (no Teams)","cef0e9d9-ce54-47bc-d04f-fa7b6bca738c","Microsoft 365 E5 (no Teams)","Deleted","1","15-05-2026 21:03:52","15-05-2026 00:00:00","14-06-2026 00:00:00","True"
"OTU WA CNE - 104002","28a55a2c-82bd-4b23-9f46-15ec7498ae91","otuwacne104002.onmicrosoft.com","Microsoft Entra ID P2","5f334556-0c29-44dd-df93-11cd91240933","Microsoft Entra ID P2","Deleted","3","15-05-2026 20:40:24","15-05-2026 00:00:00","14-06-2026 00:00:00","True"
"OTU WA CNE - 104002","28a55a2c-82bd-4b23-9f46-15ec7498ae91","otuwacne104002.onmicrosoft.com","Azure plan","3999969b-b476-44ad-c545-af9bb00d5bf2","Azure plan","Active","1","11-05-2026 09:42:11","11-05-2026 00:00:00","31-12-9999 23:59:59","False"
"OTU WA CNE - 104001","f228cb19-dd3b-46c2-8f83-26f187126f85","otuwacne104001.onmicrosoft.com","Microsoft 365 E5 (no Teams)","ffbd569d-dbe9-42f8-db89-db06e9ab05e8","Microsoft 365 E5 (no Teams)","Deleted","1","21-05-2026 22:07:56","21-05-2026 00:00:00","20-06-2026 00:00:00","True"
"OTU WA CNE - 104001","f228cb19-dd3b-46c2-8f83-26f187126f85","otuwacne104001.onmicrosoft.com","Microsoft Intune Suite","5f9eef5b-f33b-4a58-ccf6-140ef5aa6a48","Microsoft Intune Suite","Active","1","21-05-2026 21:44:34","21-05-2026 00:00:00","20-06-2026 00:00:00","True"
"OTU WA CNE - 104001","f228cb19-dd3b-46c2-8f83-26f187126f85","otuwacne104001.onmicrosoft.com","Microsoft Defender Vulnerability Management Add-on","d4ef0bf5-b13d-452c-cbc2-8a6507fd45d0","Microsoft Defender Vulnerability Management Add-on","Active","1","21-05-2026 21:23:34","21-05-2026 00:00:00","20-06-2026 00:00:00","True"
"OTU WA CNE - 104001","f228cb19-dd3b-46c2-8f83-26f187126f85","otuwacne104001.onmicrosoft.com","Microsoft Intune Suite","253649a2-d435-4592-c0fc-5e6d3d665538","Microsoft Intune Suite","Deleted","1","16-05-2026 09:24:37","16-05-2026 00:00:00","15-06-2026 00:00:00","True"
"OTU WA CNE - 104001","f228cb19-dd3b-46c2-8f83-26f187126f85","otuwacne104001.onmicrosoft.com","Microsoft Defender Vulnerability Management Add-on","d823d9b0-c4ce-4068-d235-dd19b4e72f04","Microsoft Defender Vulnerability Management Add-on","Deleted","1","15-05-2026 21:29:59","15-05-2026 00:00:00","14-06-2026 00:00:00","True"
"OTU WA CNE - 104001","f228cb19-dd3b-46c2-8f83-26f187126f85","otuwacne104001.onmicrosoft.com","Microsoft 365 E5 (no Teams)","b36c04d4-24ad-4f68-d88d-63781a7f3887","Microsoft 365 E5 (no Teams)","Deleted","1","15-05-2026 21:03:24","15-05-2026 00:00:00","14-06-2026 00:00:00","True"
"OTU WA CNE - 104001","f228cb19-dd3b-46c2-8f83-26f187126f85","otuwacne104001.onmicrosoft.com","Microsoft Entra ID P2","cd846214-488d-4a0f-d3b6-faedd6489f1b","Microsoft Entra ID P2","Deleted","3","15-05-2026 20:40:46","15-05-2026 00:00:00","14-06-2026 00:00:00","True"
"OTU WA CNE - 104001","f228cb19-dd3b-46c2-8f83-26f187126f85","otuwacne104001.onmicrosoft.com","Azure plan","d42cb18b-5ebd-44df-d355-c87033bc6251","Azure plan","Active","1","11-05-2026 09:38:15","11-05-2026 00:00:00","31-12-9999 23:59:59","False"
"OTU WA CNE - 104000","4d27db45-5247-434e-b486-cafa2a3e8cc1","otuwacne104000.onmicrosoft.com","Microsoft 365 E5 (no Teams)","8d0318e5-c82d-4ed3-d55a-216a2d3f0ea8","Microsoft 365 E5 (no Teams)","Deleted","1","21-05-2026 22:07:22","21-05-2026 00:00:00","20-06-2026 00:00:00","True"
"OTU WA CNE - 104000","4d27db45-5247-434e-b486-cafa2a3e8cc1","otuwacne104000.onmicrosoft.com","Microsoft Intune Suite","19ffa82d-36a4-4af7-c43f-ac52c935fe42","Microsoft Intune Suite","Active","1","21-05-2026 21:44:12","21-05-2026 00:00:00","20-06-2026 00:00:00","True"
"OTU WA CNE - 104000","4d27db45-5247-434e-b486-cafa2a3e8cc1","otuwacne104000.onmicrosoft.com","Microsoft Defender Vulnerability Management Add-on","b5438185-5de2-408f-cb2a-c3ee9f8fd141","Microsoft Defender Vulnerability Management Add-on","Active","1","21-05-2026 21:23:11","21-05-2026 00:00:00","20-06-2026 00:00:00","True"
"OTU WA CNE - 104000","4d27db45-5247-434e-b486-cafa2a3e8cc1","otuwacne104000.onmicrosoft.com","Microsoft Intune Suite","81f65b90-3436-4f5f-d948-875e2adb4170","Microsoft Intune Suite","Deleted","1","16-05-2026 09:24:12","16-05-2026 00:00:00","15-06-2026 00:00:00","True"
"OTU WA CNE - 104000","4d27db45-5247-434e-b486-cafa2a3e8cc1","otuwacne104000.onmicrosoft.com","Microsoft Defender Vulnerability Management Add-on","8277ad09-acfd-4806-c913-a4e6ca819c0e","Microsoft Defender Vulnerability Management Add-on","Deleted","1","15-05-2026 21:29:45","15-05-2026 00:00:00","14-06-2026 00:00:00","True"
"OTU WA CNE - 104000","4d27db45-5247-434e-b486-cafa2a3e8cc1","otuwacne104000.onmicrosoft.com","Microsoft 365 E5 (no Teams)","ab62be85-9fc3-443d-d151-6669e199f958","Microsoft 365 E5 (no Teams)","Deleted","1","15-05-2026 21:03:02","15-05-2026 00:00:00","14-06-2026 00:00:00","True"
"OTU WA CNE - 104000","4d27db45-5247-434e-b486-cafa2a3e8cc1","otuwacne104000.onmicrosoft.com","Microsoft Entra ID P2","620013ca-c4f6-42e5-c88a-c41f8d18b617","Microsoft Entra ID P2","Deleted","3","15-05-2026 20:39:46","15-05-2026 00:00:00","14-06-2026 00:00:00","True"
"OTU WA CNE - 104000","4d27db45-5247-434e-b486-cafa2a3e8cc1","otuwacne104000.onmicrosoft.com","Azure plan","a86d4808-a33e-4bbd-c068-e56d2819073a","Azure plan","Active","1","11-05-2026 09:34:22","11-05-2026 00:00:00","31-12-9999 23:59:59","False"
"OTU WA CNE - 103999","0bbab552-d379-4e86-96e1-c86662064893","otuwacne103999.onmicrosoft.com","Microsoft Intune Suite","76591044-4c5a-4a67-dbbf-f7cee2814197","Microsoft Intune Suite","Deleted","2","16-05-2026 09:23:55","16-05-2026 00:00:00","15-06-2026 00:00:00","True"
"OTU WA CNE - 103999","0bbab552-d379-4e86-96e1-c86662064893","otuwacne103999.onmicrosoft.com","Microsoft Defender Vulnerability Management Add-on","f922b549-5eb1-4724-c975-258ad5274fe6","Microsoft Defender Vulnerability Management Add-on","Deleted","1","15-05-2026 22:35:39","15-05-2026 00:00:00","14-06-2026 00:00:00","True"
"OTU WA CNE - 103999","0bbab552-d379-4e86-96e1-c86662064893","otuwacne103999.onmicrosoft.com","Microsoft 365 E5 (no Teams)","686fdcff-b587-4327-cce3-33aa12902ab6","Microsoft 365 E5 (no Teams)","Deleted","1","15-05-2026 21:58:12","15-05-2026 00:00:00","14-06-2026 00:00:00","True"
"OTU WA CNE - 103999","0bbab552-d379-4e86-96e1-c86662064893","otuwacne103999.onmicrosoft.com","Microsoft Entra ID P2","334386fb-05c5-485a-cd1a-c3ac385575b4","Microsoft Entra ID P2","Deleted","5","15-05-2026 21:31:04","15-05-2026 00:00:00","14-06-2026 00:00:00","True"
"OTU WA CNE - 103999","0bbab552-d379-4e86-96e1-c86662064893","otuwacne103999.onmicrosoft.com","Azure plan","4670312f-ee67-406c-cb9c-a3a368e753bf","Azure plan","Active","1","11-05-2026 09:30:27","11-05-2026 00:00:00","31-12-9999 23:59:59","False"
"OTU WA CNE - 103998","3ed144d1-0d90-40cb-9bb4-dbad7a874e74","otuwacne103998.onmicrosoft.com","Microsoft Intune Suite","acea45b9-1117-4a88-c38a-f7dec91e3d68","Microsoft Intune Suite","Active","1","21-05-2026 21:43:55","21-05-2026 00:00:00","20-06-2026 00:00:00","True"
"OTU WA CNE - 103998","3ed144d1-0d90-40cb-9bb4-dbad7a874e74","otuwacne103998.onmicrosoft.com","Microsoft Defender Vulnerability Management Add-on","84f68663-bc76-4728-c29d-fb05f0816c7a","Microsoft Defender Vulnerability Management Add-on","Active","1","21-05-2026 21:22:52","21-05-2026 00:00:00","20-06-2026 00:00:00","True"
"OTU WA CNE - 103998","3ed144d1-0d90-40cb-9bb4-dbad7a874e74","otuwacne103998.onmicrosoft.com","Microsoft 365 E5 (no Teams)","8dc68a34-8fd9-43b2-cff7-68e2d4e2864d","Microsoft 365 E5 (no Teams)","Deleted","1","21-05-2026 20:59:29","21-05-2026 00:00:00","20-06-2026 00:00:00","True"
"OTU WA CNE - 103998","3ed144d1-0d90-40cb-9bb4-dbad7a874e74","otuwacne103998.onmicrosoft.com","Microsoft Intune Suite","64049033-9d2b-4473-c174-a9c4eefbca6d","Microsoft Intune Suite","Deleted","1","16-05-2026 09:23:38","16-05-2026 00:00:00","15-06-2026 00:00:00","True"
"OTU WA CNE - 103998","3ed144d1-0d90-40cb-9bb4-dbad7a874e74","otuwacne103998.onmicrosoft.com","Microsoft Defender Vulnerability Management Add-on","d409678d-e032-440a-d3d4-cf94d0a04cf2","Microsoft Defender Vulnerability Management Add-on","Deleted","1","15-05-2026 21:29:27","15-05-2026 00:00:00","14-06-2026 00:00:00","True"
"OTU WA CNE - 103998","3ed144d1-0d90-40cb-9bb4-dbad7a874e74","otuwacne103998.onmicrosoft.com","Microsoft 365 E5 (no Teams)","3cdba500-e78e-440a-d22c-a135c6cd4471","Microsoft 365 E5 (no Teams)","Deleted","1","15-05-2026 21:02:15","15-05-2026 00:00:00","14-06-2026 00:00:00","True"
"OTU WA CNE - 103998","3ed144d1-0d90-40cb-9bb4-dbad7a874e74","otuwacne103998.onmicrosoft.com","Microsoft Entra ID P2","03b2bf8e-68e5-4732-c28a-5e9ae0b802eb","Microsoft Entra ID P2","Deleted","3","15-05-2026 20:39:20","15-05-2026 00:00:00","14-06-2026 00:00:00","True"
"OTU WA CNE - 103998","3ed144d1-0d90-40cb-9bb4-dbad7a874e74","otuwacne103998.onmicrosoft.com","Azure plan","93ea5f2d-2fd2-4f90-d51e-cd33a0ce789e","Azure plan","Active","1","11-05-2026 13:02:38","11-05-2026 00:00:00","31-12-9999 23:59:59","False"
"OTU WA CNE - 103997","a72d2241-6280-47be-a855-ea92aaf08ed6","otuwacne103997.onmicrosoft.com","Microsoft Intune Suite","5d330e68-8cce-45ae-d64c-cfaf59d29fc4","Microsoft Intune Suite","Active","1","21-05-2026 21:43:32","21-05-2026 00:00:00","20-06-2026 00:00:00","True"
"OTU WA CNE - 103997","a72d2241-6280-47be-a855-ea92aaf08ed6","otuwacne103997.onmicrosoft.com","Microsoft Defender Vulnerability Management Add-on","f2392c16-a13e-45ec-de95-c71b71ce9c8b","Microsoft Defender Vulnerability Management Add-on","Active","1","21-05-2026 21:22:32","21-05-2026 00:00:00","20-06-2026 00:00:00","True"
"OTU WA CNE - 103997","a72d2241-6280-47be-a855-ea92aaf08ed6","otuwacne103997.onmicrosoft.com","Microsoft 365 E5 (no Teams)","ecc7860b-d129-4309-c929-5f70c8877063","Microsoft 365 E5 (no Teams)","Deleted","1","21-05-2026 20:59:06","21-05-2026 00:00:00","20-06-2026 00:00:00","True"
"OTU WA CNE - 103997","a72d2241-6280-47be-a855-ea92aaf08ed6","otuwacne103997.onmicrosoft.com","Microsoft Intune Suite","17103076-cf03-423f-ca2a-d3704c80d3f2","Microsoft Intune Suite","Deleted","1","16-05-2026 09:23:20","16-05-2026 00:00:00","15-06-2026 00:00:00","True"
"OTU WA CNE - 103997","a72d2241-6280-47be-a855-ea92aaf08ed6","otuwacne103997.onmicrosoft.com","Microsoft Defender Vulnerability Management Add-on","913a23ed-68de-4112-d507-be3222a2cc24","Microsoft Defender Vulnerability Management Add-on","Deleted","1","15-05-2026 21:29:11","15-05-2026 00:00:00","14-06-2026 00:00:00","True"
"OTU WA CNE - 103997","a72d2241-6280-47be-a855-ea92aaf08ed6","otuwacne103997.onmicrosoft.com","Microsoft 365 E5 (no Teams)","d4056107-c1fe-4f06-dea5-53c607c81b5f","Microsoft 365 E5 (no Teams)","Deleted","1","15-05-2026 21:01:53","15-05-2026 00:00:00","14-06-2026 00:00:00","True"
"OTU WA CNE - 103997","a72d2241-6280-47be-a855-ea92aaf08ed6","otuwacne103997.onmicrosoft.com","Microsoft Entra ID P2","536c4eba-5920-4264-cd5f-91787a584896","Microsoft Entra ID P2","Deleted","3","15-05-2026 20:38:28","15-05-2026 00:00:00","14-06-2026 00:00:00","True"
"OTU WA CNE - 103997","a72d2241-6280-47be-a855-ea92aaf08ed6","otuwacne103997.onmicrosoft.com","Azure plan","98d0222b-b4e9-421f-d481-103b876532b9","Azure plan","Active","1","11-05-2026 09:26:18","11-05-2026 00:00:00","31-12-9999 23:59:59","False"
"OTU WA CNE - 103996","ecc2d30e-95b3-41ef-b4b1-2f9f541a34ca","otuwacne103996.onmicrosoft.com","Microsoft Intune Suite","5a5fae99-fef9-4a7b-d8cf-c7d536c574d0","Microsoft Intune Suite","Active","1","21-05-2026 21:42:35","21-05-2026 00:00:00","20-06-2026 00:00:00","True"
"OTU WA CNE - 103996","ecc2d30e-95b3-41ef-b4b1-2f9f541a34ca","otuwacne103996.onmicrosoft.com","Microsoft Defender Vulnerability Management Add-on","26130de6-3f30-47f9-cccf-5848a65da0a3","Microsoft Defender Vulnerability Management Add-on","Active","1","21-05-2026 21:22:12","21-05-2026 00:00:00","20-06-2026 00:00:00","True"
"OTU WA CNE - 103996","ecc2d30e-95b3-41ef-b4b1-2f9f541a34ca","otuwacne103996.onmicrosoft.com","Microsoft 365 E5 (no Teams)","7b3667b5-69b3-44ac-d65e-5f2f62ce6758","Microsoft 365 E5 (no Teams)","Deleted","1","21-05-2026 20:58:45","21-05-2026 00:00:00","20-06-2026 00:00:00","True"
"OTU WA CNE - 103996","ecc2d30e-95b3-41ef-b4b1-2f9f541a34ca","otuwacne103996.onmicrosoft.com","Microsoft Intune Suite","47b9374a-5de4-4a24-c308-2321dc0ee07d","Microsoft Intune Suite","Deleted","1","16-05-2026 09:23:00","16-05-2026 00:00:00","15-06-2026 00:00:00","True"
"OTU WA CNE - 103996","ecc2d30e-95b3-41ef-b4b1-2f9f541a34ca","otuwacne103996.onmicrosoft.com","Microsoft Defender Vulnerability Management Add-on","c377baa4-0710-4b00-c845-d3dce62e0878","Microsoft Defender Vulnerability Management Add-on","Deleted","1","15-05-2026 21:28:52","15-05-2026 00:00:00","14-06-2026 00:00:00","True"
"OTU WA CNE - 103996","ecc2d30e-95b3-41ef-b4b1-2f9f541a34ca","otuwacne103996.onmicrosoft.com","Microsoft 365 E5 (no Teams)","6e0330ff-03a4-44a9-dd66-793f3e3ad043","Microsoft 365 E5 (no Teams)","Deleted","1","15-05-2026 21:01:33","15-05-2026 00:00:00","14-06-2026 00:00:00","True"
"OTU WA CNE - 103996","ecc2d30e-95b3-41ef-b4b1-2f9f541a34ca","otuwacne103996.onmicrosoft.com","Microsoft Entra ID P2","9b748d3d-8770-4746-c728-23dcf570ed11","Microsoft Entra ID P2","Deleted","3","15-05-2026 20:38:56","15-05-2026 00:00:00","14-06-2026 00:00:00","True"
"OTU WA CNE - 103996","ecc2d30e-95b3-41ef-b4b1-2f9f541a34ca","otuwacne103996.onmicrosoft.com","Azure plan","ac9ad7f3-592e-40e9-cb1f-d0afaa890776","Azure plan","Active","1","11-05-2026 09:22:07","11-05-2026 00:00:00","31-12-9999 23:59:59","False"
"OTU WA CNE - 103995","4b2446e0-e17b-4e53-92dc-27c96dbf052b","otuwacne103995.onmicrosoft.com","Microsoft Intune Suite","647d7bde-3f6f-4f6a-c726-9bc3250c936f","Microsoft Intune Suite","Active","1","21-05-2026 21:42:16","21-05-2026 00:00:00","20-06-2026 00:00:00","True"
"OTU WA CNE - 103995","4b2446e0-e17b-4e53-92dc-27c96dbf052b","otuwacne103995.onmicrosoft.com","Microsoft Defender Vulnerability Management Add-on","f4faa88b-6fd0-448c-d897-810b5ffa121b","Microsoft Defender Vulnerability Management Add-on","Active","1","21-05-2026 21:21:41","21-05-2026 00:00:00","20-06-2026 00:00:00","True"
"OTU WA CNE - 103995","4b2446e0-e17b-4e53-92dc-27c96dbf052b","otuwacne103995.onmicrosoft.com","Microsoft 365 E5 (no Teams)","f397f28e-e922-4223-d1fc-c98a398f5b8d","Microsoft 365 E5 (no Teams)","Deleted","1","21-05-2026 20:58:12","21-05-2026 00:00:00","20-06-2026 00:00:00","True"
"OTU WA CNE - 103995","4b2446e0-e17b-4e53-92dc-27c96dbf052b","otuwacne103995.onmicrosoft.com","Microsoft Intune Suite","5b5015c7-bf9f-4f7e-c9c3-b68036cc8499","Microsoft Intune Suite","Deleted","1","16-05-2026 09:22:43","16-05-2026 00:00:00","15-06-2026 00:00:00","True"
"OTU WA CNE - 103995","4b2446e0-e17b-4e53-92dc-27c96dbf052b","otuwacne103995.onmicrosoft.com","Microsoft Defender Vulnerability Management Add-on","1fb82510-5f29-4e95-c9b3-4bb0ed28b436","Microsoft Defender Vulnerability Management Add-on","Deleted","1","15-05-2026 21:28:35","15-05-2026 00:00:00","14-06-2026 00:00:00","True"
"OTU WA CNE - 103995","4b2446e0-e17b-4e53-92dc-27c96dbf052b","otuwacne103995.onmicrosoft.com","Microsoft 365 E5 (no Teams)","52a3bca6-a0c5-400f-c63d-22052440db41","Microsoft 365 E5 (no Teams)","Deleted","1","15-05-2026 21:01:08","15-05-2026 00:00:00","14-06-2026 00:00:00","True"
"OTU WA CNE - 103995","4b2446e0-e17b-4e53-92dc-27c96dbf052b","otuwacne103995.onmicrosoft.com","Microsoft Entra ID P2","03f0304e-7856-4489-dbca-9cb548974e54","Microsoft Entra ID P2","Deleted","3","15-05-2026 20:38:08","15-05-2026 00:00:00","14-06-2026 00:00:00","True"
"OTU WA CNE - 103995","4b2446e0-e17b-4e53-92dc-27c96dbf052b","otuwacne103995.onmicrosoft.com","Azure plan","b0cd7669-fe24-457b-d8e1-b39eeb7b2e51","Azure plan","Active","1","11-05-2026 09:17:30","11-05-2026 00:00:00","31-12-9999 23:59:59","False"
"OTU WA CNE - 103994","9497f345-2dc9-4aca-9581-03f973c0729b","otuwacne103994.onmicrosoft.com","Microsoft Intune Suite","2d327a62-f6b1-407f-d53e-1d03ed34b1da","Microsoft Intune Suite","Active","1","21-05-2026 21:41:56","21-05-2026 00:00:00","20-06-2026 00:00:00","True"
"OTU WA CNE - 103994","9497f345-2dc9-4aca-9581-03f973c0729b","otuwacne103994.onmicrosoft.com","Microsoft Defender Vulnerability Management Add-on","c93d29e1-59df-4340-c336-6748acb9ed70","Microsoft Defender Vulnerability Management Add-on","Active","1","21-05-2026 21:21:24","21-05-2026 00:00:00","20-06-2026 00:00:00","True"
"OTU WA CNE - 103994","9497f345-2dc9-4aca-9581-03f973c0729b","otuwacne103994.onmicrosoft.com","Microsoft 365 E5 (no Teams)","283603fb-b1b6-42f4-d99e-f0bb72c3ff4c","Microsoft 365 E5 (no Teams)","Deleted","1","21-05-2026 20:57:19","21-05-2026 00:00:00","20-06-2026 00:00:00","True"
"OTU WA CNE - 103994","9497f345-2dc9-4aca-9581-03f973c0729b","otuwacne103994.onmicrosoft.com","Microsoft Intune Suite","8c52922c-1638-4858-c6d6-dc4deff68a01","Microsoft Intune Suite","Deleted","1","16-05-2026 09:22:26","16-05-2026 00:00:00","15-06-2026 00:00:00","True"
"OTU WA CNE - 103994","9497f345-2dc9-4aca-9581-03f973c0729b","otuwacne103994.onmicrosoft.com","Microsoft Defender Vulnerability Management Add-on","da5243a6-9fc3-427e-d562-70bdcb5d6383","Microsoft Defender Vulnerability Management Add-on","Deleted","1","15-05-2026 21:28:14","15-05-2026 00:00:00","14-06-2026 00:00:00","True"
"OTU WA CNE - 103994","9497f345-2dc9-4aca-9581-03f973c0729b","otuwacne103994.onmicrosoft.com","Microsoft 365 E5 (no Teams)","10159108-d115-4881-c911-fd5adddb91bc","Microsoft 365 E5 (no Teams)","Deleted","1","15-05-2026 21:00:28","15-05-2026 00:00:00","14-06-2026 00:00:00","True"
"OTU WA CNE - 103994","9497f345-2dc9-4aca-9581-03f973c0729b","otuwacne103994.onmicrosoft.com","Microsoft Entra ID P2","24a062a9-113a-4c9e-dfd6-877f400e628f","Microsoft Entra ID P2","Deleted","3","15-05-2026 20:37:51","15-05-2026 00:00:00","14-06-2026 00:00:00","True"
"OTU WA CNE - 103994","9497f345-2dc9-4aca-9581-03f973c0729b","otuwacne103994.onmicrosoft.com","Azure plan","bd84a377-381d-4f1b-c351-9aa5eeaefa11","Azure plan","Active","1","11-05-2026 09:12:56","11-05-2026 00:00:00","31-12-9999 23:59:59","False"
"OTU WA CNE - 103993","515758fa-6df2-4d1c-ad7f-c6e92e29cd5a","otuwacne103993.onmicrosoft.com","Microsoft Intune Suite","bc7cba5b-7b90-41e1-de39-72a160ccc61c","Microsoft Intune Suite","Active","1","21-05-2026 21:41:32","21-05-2026 00:00:00","20-06-2026 00:00:00","True"
"OTU WA CNE - 103993","515758fa-6df2-4d1c-ad7f-c6e92e29cd5a","otuwacne103993.onmicrosoft.com","Microsoft Defender Vulnerability Management Add-on","34f0ca3d-2700-4f65-de38-ff651745b8ec","Microsoft Defender Vulnerability Management Add-on","Active","1","21-05-2026 21:21:08","21-05-2026 00:00:00","20-06-2026 00:00:00","True"
"OTU WA CNE - 103993","515758fa-6df2-4d1c-ad7f-c6e92e29cd5a","otuwacne103993.onmicrosoft.com","Microsoft 365 E5 (no Teams)","19a15b49-d13c-4b5b-dcbb-1037a7b6040e","Microsoft 365 E5 (no Teams)","Deleted","1","21-05-2026 20:56:54","21-05-2026 00:00:00","20-06-2026 00:00:00","True"
"OTU WA CNE - 103993","515758fa-6df2-4d1c-ad7f-c6e92e29cd5a","otuwacne103993.onmicrosoft.com","Microsoft Intune Suite","8322405e-1246-474f-c5c4-1f4d3e9cb02f","Microsoft Intune Suite","Deleted","1","16-05-2026 09:22:07","16-05-2026 00:00:00","15-06-2026 00:00:00","True"
"OTU WA CNE - 103993","515758fa-6df2-4d1c-ad7f-c6e92e29cd5a","otuwacne103993.onmicrosoft.com","Microsoft Defender Vulnerability Management Add-on","448af660-2fa9-4da1-cc25-35553c5a1956","Microsoft Defender Vulnerability Management Add-on","Deleted","1","15-05-2026 21:27:49","15-05-2026 00:00:00","14-06-2026 00:00:00","True"
"OTU WA CNE - 103993","515758fa-6df2-4d1c-ad7f-c6e92e29cd5a","otuwacne103993.onmicrosoft.com","Microsoft 365 E5 (no Teams)","a6d2afc9-5b0c-4c38-cec8-313607d639e2","Microsoft 365 E5 (no Teams)","Deleted","1","15-05-2026 20:59:44","15-05-2026 00:00:00","14-06-2026 00:00:00","True"
"OTU WA CNE - 103993","515758fa-6df2-4d1c-ad7f-c6e92e29cd5a","otuwacne103993.onmicrosoft.com","Microsoft Entra ID P2","dff3fb16-5de3-4b3a-c668-d0e7e7402a86","Microsoft Entra ID P2","Deleted","5","15-05-2026 20:37:06","15-05-2026 00:00:00","14-06-2026 00:00:00","True"
"OTU WA CNE - 103993","515758fa-6df2-4d1c-ad7f-c6e92e29cd5a","otuwacne103993.onmicrosoft.com","Azure plan","92d5202d-068e-48a3-d168-54a6d86ab48c","Azure plan","Active","1","11-05-2026 09:08:13","11-05-2026 00:00:00","31-12-9999 23:59:59","False"
"OTU WA CNE - 103992","d180178c-b0a7-4b4f-a760-c17d5432a050","otuwacne103992.onmicrosoft.com","Microsoft Intune Suite","b47678e6-dcd9-43a5-cd5b-eaac3215bf94","Microsoft Intune Suite","Active","1","21-05-2026 21:41:13","21-05-2026 00:00:00","20-06-2026 00:00:00","True"
"OTU WA CNE - 103992","d180178c-b0a7-4b4f-a760-c17d5432a050","otuwacne103992.onmicrosoft.com","Microsoft Defender Vulnerability Management Add-on","c80b3c6e-3aee-430d-db1a-7ea36fa3a5c4","Microsoft Defender Vulnerability Management Add-on","Active","1","21-05-2026 21:20:46","21-05-2026 00:00:00","20-06-2026 00:00:00","True"
"OTU WA CNE - 103992","d180178c-b0a7-4b4f-a760-c17d5432a050","otuwacne103992.onmicrosoft.com","Microsoft 365 E5 (no Teams)","52dedbf8-f786-4d64-d078-11c859514311","Microsoft 365 E5 (no Teams)","Deleted","1","21-05-2026 20:55:41","21-05-2026 00:00:00","20-06-2026 00:00:00","True"
"OTU WA CNE - 103992","d180178c-b0a7-4b4f-a760-c17d5432a050","otuwacne103992.onmicrosoft.com","Microsoft Intune Suite","fde5f7d3-56c7-4f15-c0ac-98d63e8cc747","Microsoft Intune Suite","Deleted","1","21-05-2026 20:24:01","21-05-2026 00:00:00","20-06-2026 00:00:00","True"
"OTU WA CNE - 103992","d180178c-b0a7-4b4f-a760-c17d5432a050","otuwacne103992.onmicrosoft.com","Microsoft Intune Suite","d5475dd9-a31c-4d31-daf6-efe25311ec04","Microsoft Intune Suite","Deleted","1","16-05-2026 09:21:42","16-05-2026 00:00:00","15-06-2026 00:00:00","True"
"OTU WA CNE - 103992","d180178c-b0a7-4b4f-a760-c17d5432a050","otuwacne103992.onmicrosoft.com","Microsoft Defender Vulnerability Management Add-on","1dd7b5b3-634a-4a53-c770-ca70a17c2875","Microsoft Defender Vulnerability Management Add-on","Deleted","1","15-05-2026 21:27:29","15-05-2026 00:00:00","14-06-2026 00:00:00","True"
"OTU WA CNE - 103992","d180178c-b0a7-4b4f-a760-c17d5432a050","otuwacne103992.onmicrosoft.com","Microsoft 365 E5 (no Teams)","510f888b-04bf-43a8-d752-7556be80d20b","Microsoft 365 E5 (no Teams)","Deleted","1","15-05-2026 20:59:18","15-05-2026 00:00:00","14-06-2026 00:00:00","True"
"OTU WA CNE - 103992","d180178c-b0a7-4b4f-a760-c17d5432a050","otuwacne103992.onmicrosoft.com","Microsoft Entra ID P2","9dcaab0e-9ec2-4952-c409-0261dbf7f5fc","Microsoft Entra ID P2","Deleted","3","15-05-2026 20:36:41","15-05-2026 00:00:00","14-06-2026 00:00:00","True"
"OTU WA CNE - 103992","d180178c-b0a7-4b4f-a760-c17d5432a050","otuwacne103992.onmicrosoft.com","Azure plan","c54d00bf-bfa8-43c3-c420-4b8eb4ac46f5","Azure plan","Active","1","11-05-2026 09:04:02","11-05-2026 00:00:00","31-12-9999 23:59:59","False"
"OTU WA CNE - 103990","0fdff097-6981-49aa-a15d-b300e7a85553","otuwacne103990.onmicrosoft.com","Microsoft Intune Suite","cbd4dde0-006b-491c-c437-91565d5a34d1","Microsoft Intune Suite","Active","1","21-05-2026 21:40:44","21-05-2026 00:00:00","20-06-2026 00:00:00","True"
"OTU WA CNE - 103990","0fdff097-6981-49aa-a15d-b300e7a85553","otuwacne103990.onmicrosoft.com","Microsoft Defender Vulnerability Management Add-on","7040cf20-1cc2-4296-c8ce-738a92ffef78","Microsoft Defender Vulnerability Management Add-on","Active","1","21-05-2026 21:20:24","21-05-2026 00:00:00","20-06-2026 00:00:00","True"
"OTU WA CNE - 103990","0fdff097-6981-49aa-a15d-b300e7a85553","otuwacne103990.onmicrosoft.com","Microsoft 365 E5 (no Teams)","018249ca-5f20-4b7e-c976-285bc3ac4353","Microsoft 365 E5 (no Teams)","Deleted","1","21-05-2026 20:55:15","21-05-2026 00:00:00","20-06-2026 00:00:00","True"
"OTU WA CNE - 103990","0fdff097-6981-49aa-a15d-b300e7a85553","otuwacne103990.onmicrosoft.com","Microsoft Intune Suite","06e1ac18-6370-4b67-c4b3-69b652971255","Microsoft Intune Suite","Deleted","1","21-05-2026 20:23:36","21-05-2026 00:00:00","20-06-2026 00:00:00","True"
"OTU WA CNE - 103990","0fdff097-6981-49aa-a15d-b300e7a85553","otuwacne103990.onmicrosoft.com","Microsoft Intune Suite","9c4d3362-2b10-4e25-c9c7-15a996b40951","Microsoft Intune Suite","Deleted","1","16-05-2026 09:20:59","16-05-2026 00:00:00","15-06-2026 00:00:00","True"
"OTU WA CNE - 103990","0fdff097-6981-49aa-a15d-b300e7a85553","otuwacne103990.onmicrosoft.com","Microsoft Defender Vulnerability Management Add-on","4ce50cae-fbe0-410b-d101-071c7555c645","Microsoft Defender Vulnerability Management Add-on","Deleted","1","15-05-2026 21:26:54","15-05-2026 00:00:00","14-06-2026 00:00:00","True"
"OTU WA CNE - 103990","0fdff097-6981-49aa-a15d-b300e7a85553","otuwacne103990.onmicrosoft.com","Microsoft 365 E5 (no Teams)","e8c4016f-f03f-4691-d9c1-6afebbf86fc2","Microsoft 365 E5 (no Teams)","Deleted","1","15-05-2026 20:58:35","15-05-2026 00:00:00","14-06-2026 00:00:00","True"
"OTU WA CNE - 103990","0fdff097-6981-49aa-a15d-b300e7a85553","otuwacne103990.onmicrosoft.com","Microsoft Entra ID P2","ebbef891-aad3-4d28-de93-ddd579da7692","Microsoft Entra ID P2","Deleted","3","15-05-2026 20:36:02","15-05-2026 00:00:00","14-06-2026 00:00:00","True"
"OTU WA CNE - 103990","0fdff097-6981-49aa-a15d-b300e7a85553","otuwacne103990.onmicrosoft.com","Azure plan","fd8a831f-e575-4680-d17e-59af2d6def16","Azure plan","Active","1","09-05-2026 16:59:45","09-05-2026 00:00:00","31-12-9999 23:59:59","False"
"OTU WA CNE - 103989","7b89fd47-443d-426c-a9c3-ae01ee45bd46","otuwacne103989.onmicrosoft.com","Microsoft Intune Suite","2497f2f1-2fc8-4f21-ceba-bfba077cc077","Microsoft Intune Suite","Deleted","2","16-05-2026 09:20:41","16-05-2026 00:00:00","15-06-2026 00:00:00","True"
"OTU WA CNE - 103989","7b89fd47-443d-426c-a9c3-ae01ee45bd46","otuwacne103989.onmicrosoft.com","Microsoft Defender Vulnerability Management Add-on","7f5f6556-8296-4d04-d19e-03e93517123c","Microsoft Defender Vulnerability Management Add-on","Deleted","1","15-05-2026 22:34:40","15-05-2026 00:00:00","14-06-2026 00:00:00","True"
"OTU WA CNE - 103989","7b89fd47-443d-426c-a9c3-ae01ee45bd46","otuwacne103989.onmicrosoft.com","Microsoft 365 E5 (no Teams)","fd0d2c1f-b171-4cc9-c767-153aa202e402","Microsoft 365 E5 (no Teams)","Deleted","1","15-05-2026 21:56:58","15-05-2026 00:00:00","14-06-2026 00:00:00","True"
"OTU WA CNE - 103989","7b89fd47-443d-426c-a9c3-ae01ee45bd46","otuwacne103989.onmicrosoft.com","Microsoft Entra ID P2","41955913-93eb-4155-dd3c-625f84e297dc","Microsoft Entra ID P2","Deleted","5","15-05-2026 21:30:50","15-05-2026 00:00:00","14-06-2026 00:00:00","True"
"OTU WA CNE - 103989","7b89fd47-443d-426c-a9c3-ae01ee45bd46","otuwacne103989.onmicrosoft.com","Azure plan","0f4ae036-7728-46ab-deb7-1d37d3e8f9f5","Azure plan","Active","1","09-05-2026 16:55:50","09-05-2026 00:00:00","31-12-9999 23:59:59","False"
"OTU WA CNE - 103988","6ad8c3d0-d2a5-4679-886a-62520920bc6b","otuwacne103988.onmicrosoft.com","Microsoft Defender Vulnerability Management Add-on","09dbb7b6-a57f-476e-c47a-74f5b26e30e5","Microsoft Defender Vulnerability Management Add-on","Active","1","21-05-2026 21:20:09","21-05-2026 00:00:00","20-06-2026 00:00:00","True"
"OTU WA CNE - 103988","6ad8c3d0-d2a5-4679-886a-62520920bc6b","otuwacne103988.onmicrosoft.com","Microsoft 365 E5 (no Teams)","c5c9f7a3-4a91-4d62-d99b-8e38d0e24ce6","Microsoft 365 E5 (no Teams)","Deleted","1","21-05-2026 20:54:39","21-05-2026 00:00:00","20-06-2026 00:00:00","True"
"OTU WA CNE - 103988","6ad8c3d0-d2a5-4679-886a-62520920bc6b","otuwacne103988.onmicrosoft.com","Microsoft Intune Suite","915f7ca0-cc2b-4456-c8d7-86d80489085d","Microsoft Intune Suite","Active","1","21-05-2026 20:23:10","21-05-2026 00:00:00","20-06-2026 00:00:00","True"
"OTU WA CNE - 103988","6ad8c3d0-d2a5-4679-886a-62520920bc6b","otuwacne103988.onmicrosoft.com","Microsoft Intune Suite","4247ee2a-67b6-4c52-cef9-9f66c1e675c8","Microsoft Intune Suite","Deleted","1","16-05-2026 09:20:23","16-05-2026 00:00:00","15-06-2026 00:00:00","True"
"OTU WA CNE - 103988","6ad8c3d0-d2a5-4679-886a-62520920bc6b","otuwacne103988.onmicrosoft.com","Microsoft Defender Vulnerability Management Add-on","33ad78ca-c90c-4110-df54-f05c6c490641","Microsoft Defender Vulnerability Management Add-on","Deleted","1","15-05-2026 20:53:49","15-05-2026 00:00:00","14-06-2026 00:00:00","True"
"OTU WA CNE - 103988","6ad8c3d0-d2a5-4679-886a-62520920bc6b","otuwacne103988.onmicrosoft.com","Microsoft 365 E5 (no Teams)","2bc89b12-0d73-4316-d14f-6afddfc465b4","Microsoft 365 E5 (no Teams)","Deleted","1","15-05-2026 20:44:59","15-05-2026 00:00:00","14-06-2026 00:00:00","True"
"OTU WA CNE - 103988","6ad8c3d0-d2a5-4679-886a-62520920bc6b","otuwacne103988.onmicrosoft.com","Microsoft Entra ID P2","04083a3c-2e56-4b55-d226-321148fd76ea","Microsoft Entra ID P2","Deleted","3","15-05-2026 20:34:13","15-05-2026 00:00:00","14-06-2026 00:00:00","True"
"OTU WA CNE - 103988","6ad8c3d0-d2a5-4679-886a-62520920bc6b","otuwacne103988.onmicrosoft.com","Azure plan","b391867f-6b45-4cde-cb03-c2bfd93df85f","Azure plan","Active","1","09-05-2026 16:51:49","09-05-2026 00:00:00","31-12-9999 23:59:59","False"
"OTU WA CNE - 103987","d10bb18b-1445-4d3c-9013-b6816b01a14d","otuwacne103987.onmicrosoft.com","Microsoft Defender Vulnerability Management Add-on","b01e952e-5d9b-442c-cd63-fab652469339","Microsoft Defender Vulnerability Management Add-on","Active","1","21-05-2026 21:19:50","21-05-2026 00:00:00","20-06-2026 00:00:00","True"
"OTU WA CNE - 103987","d10bb18b-1445-4d3c-9013-b6816b01a14d","otuwacne103987.onmicrosoft.com","Microsoft 365 E5 (no Teams)","9440e433-bd68-47a0-c961-70189a1d705f","Microsoft 365 E5 (no Teams)","Deleted","1","21-05-2026 20:53:43","21-05-2026 00:00:00","20-06-2026 00:00:00","True"
"OTU WA CNE - 103987","d10bb18b-1445-4d3c-9013-b6816b01a14d","otuwacne103987.onmicrosoft.com","Microsoft Intune Suite","aae718ed-196a-4f10-d54c-237cb674d3f0","Microsoft Intune Suite","Active","1","21-05-2026 20:22:48","21-05-2026 00:00:00","20-06-2026 00:00:00","True"
"OTU WA CNE - 103987","d10bb18b-1445-4d3c-9013-b6816b01a14d","otuwacne103987.onmicrosoft.com","Microsoft Intune Suite","cfbf9663-e239-47f3-dd11-9bd7283db354","Microsoft Intune Suite","Deleted","1","16-05-2026 09:20:07","16-05-2026 00:00:00","15-06-2026 00:00:00","True"
"OTU WA CNE - 103987","d10bb18b-1445-4d3c-9013-b6816b01a14d","otuwacne103987.onmicrosoft.com","Microsoft Defender Vulnerability Management Add-on","e7cb1fef-726f-479c-cc64-340ff93f8f86","Microsoft Defender Vulnerability Management Add-on","Deleted","1","15-05-2026 20:53:35","15-05-2026 00:00:00","14-06-2026 00:00:00","True"
"OTU WA CNE - 103987","d10bb18b-1445-4d3c-9013-b6816b01a14d","otuwacne103987.onmicrosoft.com","Microsoft 365 E5 (no Teams)","2efdf80b-2d3f-43de-d88f-3d00b30abd94","Microsoft 365 E5 (no Teams)","Deleted","1","15-05-2026 20:44:42","15-05-2026 00:00:00","14-06-2026 00:00:00","True"
"OTU WA CNE - 103987","d10bb18b-1445-4d3c-9013-b6816b01a14d","otuwacne103987.onmicrosoft.com","Microsoft Entra ID P2","e6dbff4e-46ba-40c8-d7c4-61bfd5e736c5","Microsoft Entra ID P2","Deleted","3","15-05-2026 20:33:54","15-05-2026 00:00:00","14-06-2026 00:00:00","True"
"OTU WA CNE - 103987","d10bb18b-1445-4d3c-9013-b6816b01a14d","otuwacne103987.onmicrosoft.com","Azure plan","a61ddae0-65e1-40e7-c2aa-e171a7a1bedd","Azure plan","Active","1","09-05-2026 16:47:56","09-05-2026 00:00:00","31-12-9999 23:59:59","False"
"OTU WA CNE - 103986","2f2346f5-7774-44af-bff8-48424e5098a4","otuwacne103986.onmicrosoft.com","Microsoft Defender Vulnerability Management Add-on","93b8498e-dd29-40ce-d78a-800796a3ef06","Microsoft Defender Vulnerability Management Add-on","Active","1","21-05-2026 21:19:27","21-05-2026 00:00:00","20-06-2026 00:00:00","True"
"OTU WA CNE - 103986","2f2346f5-7774-44af-bff8-48424e5098a4","otuwacne103986.onmicrosoft.com","Microsoft 365 E5 (no Teams)","e2939a37-67cd-4f1d-d3f6-38cfe689d924","Microsoft 365 E5 (no Teams)","Deleted","1","21-05-2026 20:53:17","21-05-2026 00:00:00","20-06-2026 00:00:00","True"
"OTU WA CNE - 103986","2f2346f5-7774-44af-bff8-48424e5098a4","otuwacne103986.onmicrosoft.com","Microsoft Intune Suite","3b71f5e6-7caa-4366-cc22-6bc59de52842","Microsoft Intune Suite","Active","1","21-05-2026 20:22:30","21-05-2026 00:00:00","20-06-2026 00:00:00","True"
"OTU WA CNE - 103986","2f2346f5-7774-44af-bff8-48424e5098a4","otuwacne103986.onmicrosoft.com","Microsoft Intune Suite","574334d9-6fcb-4282-cca8-5cd8e12dbdd9","Microsoft Intune Suite","Deleted","1","16-05-2026 09:19:51","16-05-2026 00:00:00","15-06-2026 00:00:00","True"
"OTU WA CNE - 103986","2f2346f5-7774-44af-bff8-48424e5098a4","otuwacne103986.onmicrosoft.com","Microsoft Defender Vulnerability Management Add-on","dd70a88d-1f25-491e-dbda-fd5962749b19","Microsoft Defender Vulnerability Management Add-on","Deleted","1","15-05-2026 20:53:21","15-05-2026 00:00:00","14-06-2026 00:00:00","True"
"OTU WA CNE - 103986","2f2346f5-7774-44af-bff8-48424e5098a4","otuwacne103986.onmicrosoft.com","Microsoft 365 E5 (no Teams)","6672e061-b964-4def-d425-17f1b9ec357c","Microsoft 365 E5 (no Teams)","Deleted","1","15-05-2026 20:44:19","15-05-2026 00:00:00","14-06-2026 00:00:00","True"
"OTU WA CNE - 103986","2f2346f5-7774-44af-bff8-48424e5098a4","otuwacne103986.onmicrosoft.com","Microsoft Entra ID P2","440f80fe-0380-4396-ca01-6b66e0684793","Microsoft Entra ID P2","Deleted","3","15-05-2026 20:33:30","15-05-2026 00:00:00","14-06-2026 00:00:00","True"
"OTU WA CNE - 103986","2f2346f5-7774-44af-bff8-48424e5098a4","otuwacne103986.onmicrosoft.com","Azure plan","9a7d44e1-947a-4d5a-d0f2-fdb6a7212d42","Azure plan","Active","1","09-05-2026 16:44:03","09-05-2026 00:00:00","31-12-9999 23:59:59","False"
"OTU WA CNE - 103985","1c7c5c7f-8a07-43d2-a34b-018e9dccf1b5","otuwacne103985.onmicrosoft.com","Microsoft Defender Vulnerability Management Add-on","5a1d2975-e570-4691-d650-e35a786251cc","Microsoft Defender Vulnerability Management Add-on","Active","1","21-05-2026 21:19:03","21-05-2026 00:00:00","20-06-2026 00:00:00","True"
"OTU WA CNE - 103985","1c7c5c7f-8a07-43d2-a34b-018e9dccf1b5","otuwacne103985.onmicrosoft.com","Microsoft 365 E5 (no Teams)","802a2dd4-12b9-4e93-ce07-94efaf50defc","Microsoft 365 E5 (no Teams)","Deleted","1","21-05-2026 20:52:36","21-05-2026 00:00:00","20-06-2026 00:00:00","True"
"OTU WA CNE - 103985","1c7c5c7f-8a07-43d2-a34b-018e9dccf1b5","otuwacne103985.onmicrosoft.com","Microsoft Intune Suite","ef9c7ae1-ea54-4125-d60b-d09a858f4216","Microsoft Intune Suite","Active","1","21-05-2026 20:22:09","21-05-2026 00:00:00","20-06-2026 00:00:00","True"
"OTU WA CNE - 103985","1c7c5c7f-8a07-43d2-a34b-018e9dccf1b5","otuwacne103985.onmicrosoft.com","Microsoft Intune Suite","0f163926-2a2d-4b7d-cae1-7dc2a0a53f6e","Microsoft Intune Suite","Deleted","1","16-05-2026 09:19:34","16-05-2026 00:00:00","15-06-2026 00:00:00","True"
"OTU WA CNE - 103985","1c7c5c7f-8a07-43d2-a34b-018e9dccf1b5","otuwacne103985.onmicrosoft.com","Microsoft Defender Vulnerability Management Add-on","4f48989d-f30c-45c9-d2a8-7c83ce1e7be1","Microsoft Defender Vulnerability Management Add-on","Deleted","1","15-05-2026 20:53:05","15-05-2026 00:00:00","14-06-2026 00:00:00","True"
"OTU WA CNE - 103985","1c7c5c7f-8a07-43d2-a34b-018e9dccf1b5","otuwacne103985.onmicrosoft.com","Microsoft 365 E5 (no Teams)","4de63ce9-241f-4bf3-dcec-aa9cb7e3e50a","Microsoft 365 E5 (no Teams)","Deleted","1","15-05-2026 20:43:56","15-05-2026 00:00:00","14-06-2026 00:00:00","True"
"OTU WA CNE - 103985","1c7c5c7f-8a07-43d2-a34b-018e9dccf1b5","otuwacne103985.onmicrosoft.com","Microsoft Entra ID P2","74f33911-2c7b-44dd-df6b-352954899228","Microsoft Entra ID P2","Deleted","3","15-05-2026 20:33:08","15-05-2026 00:00:00","14-06-2026 00:00:00","True"
"OTU WA CNE - 103985","1c7c5c7f-8a07-43d2-a34b-018e9dccf1b5","otuwacne103985.onmicrosoft.com","Azure plan","cfb93011-7e42-45dd-c462-4d3a9aad397f","Azure plan","Active","1","09-05-2026 16:40:13","09-05-2026 00:00:00","31-12-9999 23:59:59","False"
"OTU WA CNE - 103984","720321f9-abf7-4f35-b95f-865ea1129e66","otuwacne103984.onmicrosoft.com","Microsoft Defender Vulnerability Management Add-on","df7a9c6b-f26a-40a5-c623-56187a16518e","Microsoft Defender Vulnerability Management Add-on","Active","1","21-05-2026 21:18:42","21-05-2026 00:00:00","20-06-2026 00:00:00","True"
"OTU WA CNE - 103984","720321f9-abf7-4f35-b95f-865ea1129e66","otuwacne103984.onmicrosoft.com","Microsoft 365 E5 (no Teams)","5c3ad2b3-557d-4f6b-c47b-195e427535c1","Microsoft 365 E5 (no Teams)","Deleted","1","21-05-2026 20:52:16","21-05-2026 00:00:00","20-06-2026 00:00:00","True"
"OTU WA CNE - 103984","720321f9-abf7-4f35-b95f-865ea1129e66","otuwacne103984.onmicrosoft.com","Microsoft Intune Suite","23e15972-fd42-4c6c-d5af-e4b29030788f","Microsoft Intune Suite","Active","1","21-05-2026 20:21:44","21-05-2026 00:00:00","20-06-2026 00:00:00","True"
"OTU WA CNE - 103984","720321f9-abf7-4f35-b95f-865ea1129e66","otuwacne103984.onmicrosoft.com","Microsoft Intune Suite","64002251-a3e9-4e77-cf82-d9984a442840","Microsoft Intune Suite","Deleted","1","16-05-2026 09:19:00","16-05-2026 00:00:00","15-06-2026 00:00:00","True"
"OTU WA CNE - 103984","720321f9-abf7-4f35-b95f-865ea1129e66","otuwacne103984.onmicrosoft.com","Microsoft Defender Vulnerability Management Add-on","cdae7396-df40-4a8d-db9a-50417963d546","Microsoft Defender Vulnerability Management Add-on","Deleted","1","15-05-2026 20:52:49","15-05-2026 00:00:00","14-06-2026 00:00:00","True"
"OTU WA CNE - 103984","720321f9-abf7-4f35-b95f-865ea1129e66","otuwacne103984.onmicrosoft.com","Microsoft 365 E5 (no Teams)","913cf899-98cd-40a8-d7cb-497d1a0b4308","Microsoft 365 E5 (no Teams)","Deleted","1","15-05-2026 20:43:35","15-05-2026 00:00:00","14-06-2026 00:00:00","True"
"OTU WA CNE - 103984","720321f9-abf7-4f35-b95f-865ea1129e66","otuwacne103984.onmicrosoft.com","Microsoft Entra ID P2","adc86e0e-202a-4e44-da00-139af63c05b6","Microsoft Entra ID P2","Deleted","3","15-05-2026 20:32:44","15-05-2026 00:00:00","14-06-2026 00:00:00","True"
"OTU WA CNE - 103984","720321f9-abf7-4f35-b95f-865ea1129e66","otuwacne103984.onmicrosoft.com","Azure plan","96efa500-bd96-4ac4-daf8-6268b69e4cb9","Azure plan","Active","1","09-05-2026 16:36:17","09-05-2026 00:00:00","31-12-9999 23:59:59","False"
"OTU WA CNE - 103983","6c747e2a-2cfa-4353-83c2-2f96e8658e7f","otuwacne103983.onmicrosoft.com","Microsoft Defender Vulnerability Management Add-on","801b62d5-9324-41b0-c2ae-4a1e83baac4f","Microsoft Defender Vulnerability Management Add-on","Active","1","21-05-2026 21:18:18","21-05-2026 00:00:00","20-06-2026 00:00:00","True"
"OTU WA CNE - 103983","6c747e2a-2cfa-4353-83c2-2f96e8658e7f","otuwacne103983.onmicrosoft.com","Microsoft 365 E5 (no Teams)","a5a7a9dc-41e5-42e1-d846-e196aa516210","Microsoft 365 E5 (no Teams)","Deleted","1","21-05-2026 20:51:52","21-05-2026 00:00:00","20-06-2026 00:00:00","True"
"OTU WA CNE - 103983","6c747e2a-2cfa-4353-83c2-2f96e8658e7f","otuwacne103983.onmicrosoft.com","Microsoft Intune Suite","93624180-8e9c-4911-d03d-055f359464cf","Microsoft Intune Suite","Active","1","21-05-2026 20:21:21","21-05-2026 00:00:00","20-06-2026 00:00:00","True"
"OTU WA CNE - 103983","6c747e2a-2cfa-4353-83c2-2f96e8658e7f","otuwacne103983.onmicrosoft.com","Microsoft Intune Suite","e98568f1-1643-472d-d7ae-92ddb54dab4d","Microsoft Intune Suite","Deleted","1","16-05-2026 09:18:44","16-05-2026 00:00:00","15-06-2026 00:00:00","True"
"OTU WA CNE - 103983","6c747e2a-2cfa-4353-83c2-2f96e8658e7f","otuwacne103983.onmicrosoft.com","Microsoft Defender Vulnerability Management Add-on","0eb5b967-e93f-4818-d574-a30d0e7b8e81","Microsoft Defender Vulnerability Management Add-on","Deleted","1","15-05-2026 20:52:32","15-05-2026 00:00:00","14-06-2026 00:00:00","True"
"OTU WA CNE - 103983","6c747e2a-2cfa-4353-83c2-2f96e8658e7f","otuwacne103983.onmicrosoft.com","Microsoft 365 E5 (no Teams)","cffd526f-834c-4d37-d909-b11e50e9499c","Microsoft 365 E5 (no Teams)","Deleted","1","15-05-2026 20:43:09","15-05-2026 00:00:00","14-06-2026 00:00:00","True"
"OTU WA CNE - 103983","6c747e2a-2cfa-4353-83c2-2f96e8658e7f","otuwacne103983.onmicrosoft.com","Microsoft Entra ID P2","f7366452-e073-4166-dd7d-363d0c4c7b9a","Microsoft Entra ID P2","Deleted","3","15-05-2026 20:32:24","15-05-2026 00:00:00","14-06-2026 00:00:00","True"
"OTU WA CNE - 103983","6c747e2a-2cfa-4353-83c2-2f96e8658e7f","otuwacne103983.onmicrosoft.com","Azure plan","c1d3f90f-5ac9-4aa9-c787-41a7ae81afdf","Azure plan","Active","1","09-05-2026 16:32:16","09-05-2026 00:00:00","31-12-9999 23:59:59","False"
"OTU WA CNE - 103981","ee874972-3931-442f-94f1-194077ab5509","otuwacne103981.onmicrosoft.com","Microsoft Defender Vulnerability Management Add-on","5f7585a5-9c6a-47a2-c1e5-966c1f93c932","Microsoft Defender Vulnerability Management Add-on","Active","1","21-05-2026 21:17:55","21-05-2026 00:00:00","20-06-2026 00:00:00","True"
"OTU WA CNE - 103981","ee874972-3931-442f-94f1-194077ab5509","otuwacne103981.onmicrosoft.com","Microsoft 365 E5 (no Teams)","4fd93b6c-cf70-4489-d7dd-627703f80776","Microsoft 365 E5 (no Teams)","Deleted","1","21-05-2026 20:51:23","21-05-2026 00:00:00","20-06-2026 00:00:00","True"
"OTU WA CNE - 103981","ee874972-3931-442f-94f1-194077ab5509","otuwacne103981.onmicrosoft.com","Microsoft Intune Suite","efdf32dd-5613-445c-cc44-144a37761380","Microsoft Intune Suite","Active","1","21-05-2026 20:20:48","21-05-2026 00:00:00","20-06-2026 00:00:00","True"
"OTU WA CNE - 103981","ee874972-3931-442f-94f1-194077ab5509","otuwacne103981.onmicrosoft.com","Microsoft Intune Suite","44cbd820-1f62-4a6b-cbc9-9b7dedc05663","Microsoft Intune Suite","Deleted","1","16-05-2026 09:18:05","16-05-2026 00:00:00","15-06-2026 00:00:00","True"
"OTU WA CNE - 103981","ee874972-3931-442f-94f1-194077ab5509","otuwacne103981.onmicrosoft.com","Microsoft Defender Vulnerability Management Add-on","0abdedc5-2d02-4d2e-d1f9-cc3c77d7bfd3","Microsoft Defender Vulnerability Management Add-on","Deleted","1","15-05-2026 20:51:51","15-05-2026 00:00:00","14-06-2026 00:00:00","True"
"OTU WA CNE - 103981","ee874972-3931-442f-94f1-194077ab5509","otuwacne103981.onmicrosoft.com","Microsoft 365 E5 (no Teams)","2de07b82-e523-4b6b-d03d-2308bfdd3146","Microsoft 365 E5 (no Teams)","Deleted","1","15-05-2026 20:42:29","15-05-2026 00:00:00","14-06-2026 00:00:00","True"
"OTU WA CNE - 103981","ee874972-3931-442f-94f1-194077ab5509","otuwacne103981.onmicrosoft.com","Microsoft Entra ID P2","1309d1c0-1ed5-4983-de04-7bea5f19e99c","Microsoft Entra ID P2","Deleted","3","15-05-2026 20:31:41","15-05-2026 00:00:00","14-06-2026 00:00:00","True"
"OTU WA CNE - 103981","ee874972-3931-442f-94f1-194077ab5509","otuwacne103981.onmicrosoft.com","Azure plan","1735269b-536c-40c5-ca36-f9d54db9717b","Azure plan","Active","1","09-05-2026 16:24:16","09-05-2026 00:00:00","31-12-9999 23:59:59","False"
"OTU WA CNE - 103980","d0a39780-539a-4a6e-b2de-b736b0620bbf","otuwacne103980.onmicrosoft.com","Microsoft Defender Vulnerability Management Add-on","c8456e59-39b6-4439-d6ea-53dcb371e289","Microsoft Defender Vulnerability Management Add-on","Active","1","21-05-2026 21:17:37","21-05-2026 00:00:00","20-06-2026 00:00:00","True"
"OTU WA CNE - 103980","d0a39780-539a-4a6e-b2de-b736b0620bbf","otuwacne103980.onmicrosoft.com","Microsoft 365 E5 (no Teams)","193e2df2-c533-44c2-c6a4-d6ddec8eba34","Microsoft 365 E5 (no Teams)","Deleted","1","21-05-2026 20:50:58","21-05-2026 00:00:00","20-06-2026 00:00:00","True"
"OTU WA CNE - 103980","d0a39780-539a-4a6e-b2de-b736b0620bbf","otuwacne103980.onmicrosoft.com","Microsoft Intune Suite","82316fa4-480e-4519-c961-302d689e1deb","Microsoft Intune Suite","Active","1","21-05-2026 20:20:23","21-05-2026 00:00:00","20-06-2026 00:00:00","True"
"OTU WA CNE - 103980","d0a39780-539a-4a6e-b2de-b736b0620bbf","otuwacne103980.onmicrosoft.com","Microsoft Intune Suite","55bd32cf-6188-4727-c1a3-6f30b4e8ce8e","Microsoft Intune Suite","Deleted","1","16-05-2026 09:17:44","16-05-2026 00:00:00","15-06-2026 00:00:00","True"
"OTU WA CNE - 103980","d0a39780-539a-4a6e-b2de-b736b0620bbf","otuwacne103980.onmicrosoft.com","Microsoft Defender Vulnerability Management Add-on","14e7f3ff-ff61-432d-c0e2-506f26cf954b","Microsoft Defender Vulnerability Management Add-on","Deleted","1","15-05-2026 20:51:27","15-05-2026 00:00:00","14-06-2026 00:00:00","True"
"OTU WA CNE - 103980","d0a39780-539a-4a6e-b2de-b736b0620bbf","otuwacne103980.onmicrosoft.com","Microsoft 365 E5 (no Teams)","31300600-8ac0-412a-c854-456185bc7611","Microsoft 365 E5 (no Teams)","Deleted","1","15-05-2026 20:42:11","15-05-2026 00:00:00","14-06-2026 00:00:00","True"
"OTU WA CNE - 103980","d0a39780-539a-4a6e-b2de-b736b0620bbf","otuwacne103980.onmicrosoft.com","Microsoft Entra ID P2","b6a39bca-2f6d-4b15-d40b-28ae7921c962","Microsoft Entra ID P2","Deleted","3","15-05-2026 20:31:20","15-05-2026 00:00:00","14-06-2026 00:00:00","True"
"OTU WA CNE - 103980","d0a39780-539a-4a6e-b2de-b736b0620bbf","otuwacne103980.onmicrosoft.com","Azure plan","79beb5b8-229b-42ac-df23-d85fcd61977c","Azure plan","Active","1","09-05-2026 16:20:19","09-05-2026 00:00:00","31-12-9999 23:59:59","False"
"OTU WA CNE - 103979","5d6cad3a-51ac-4226-9127-86b1f2fd974f","otuwacne103979.onmicrosoft.com","Microsoft Defender Vulnerability Management Add-on","2854c762-8ede-4d9a-d9b1-d1da6a90a742","Microsoft Defender Vulnerability Management Add-on","Active","1","21-05-2026 21:17:18","21-05-2026 00:00:00","20-06-2026 00:00:00","True"
"OTU WA CNE - 103979","5d6cad3a-51ac-4226-9127-86b1f2fd974f","otuwacne103979.onmicrosoft.com","Microsoft 365 E5 (no Teams)","53371a89-0a45-4edd-c55d-f328b9270fd4","Microsoft 365 E5 (no Teams)","Deleted","1","21-05-2026 20:50:19","21-05-2026 00:00:00","20-06-2026 00:00:00","True"
"OTU WA CNE - 103979","5d6cad3a-51ac-4226-9127-86b1f2fd974f","otuwacne103979.onmicrosoft.com","Microsoft Intune Suite","d35832b2-a52c-4475-d1e3-ead200d8e7f5","Microsoft Intune Suite","Active","1","21-05-2026 20:19:59","21-05-2026 00:00:00","20-06-2026 00:00:00","True"
"OTU WA CNE - 103979","5d6cad3a-51ac-4226-9127-86b1f2fd974f","otuwacne103979.onmicrosoft.com","Microsoft Intune Suite","61f81300-7eee-452a-c471-6c76f9f92ab3","Microsoft Intune Suite","Deleted","1","16-05-2026 09:17:25","16-05-2026 00:00:00","15-06-2026 00:00:00","True"
"OTU WA CNE - 103979","5d6cad3a-51ac-4226-9127-86b1f2fd974f","otuwacne103979.onmicrosoft.com","Microsoft Defender Vulnerability Management Add-on","29608330-7f8a-49b3-df00-ec14448c1d7b","Microsoft Defender Vulnerability Management Add-on","Deleted","1","15-05-2026 20:51:12","15-05-2026 00:00:00","14-06-2026 00:00:00","True"
"OTU WA CNE - 103979","5d6cad3a-51ac-4226-9127-86b1f2fd974f","otuwacne103979.onmicrosoft.com","Microsoft 365 E5 (no Teams)","c8755c8d-3017-46a6-ca5b-77eba32da158","Microsoft 365 E5 (no Teams)","Deleted","1","15-05-2026 20:41:53","15-05-2026 00:00:00","14-06-2026 00:00:00","True"
"OTU WA CNE - 103979","5d6cad3a-51ac-4226-9127-86b1f2fd974f","otuwacne103979.onmicrosoft.com","Microsoft Entra ID P2","0ef743c3-ed2b-43b7-d271-b3c41801ea7d","Microsoft Entra ID P2","Deleted","3","15-05-2026 20:30:54","15-05-2026 00:00:00","14-06-2026 00:00:00","True"
"OTU WA CNE - 103979","5d6cad3a-51ac-4226-9127-86b1f2fd974f","otuwacne103979.onmicrosoft.com","Azure plan","983fdde0-f83b-4a14-d426-a7f0415cf588","Azure plan","Active","1","09-05-2026 16:16:18","09-05-2026 00:00:00","31-12-9999 23:59:59","False"
"OTU WA CNE - 103978","996de039-3941-4d35-8d36-c1019a0c004e","otuwacne103978.onmicrosoft.com","Microsoft Intune Suite","4f990d23-18fa-4981-deaf-1776355adc50","Microsoft Intune Suite","Active","1","21-05-2026 21:39:40","21-05-2026 00:00:00","20-06-2026 00:00:00","True"
"OTU WA CNE - 103978","996de039-3941-4d35-8d36-c1019a0c004e","otuwacne103978.onmicrosoft.com","Microsoft Defender Vulnerability Management Add-on","f894599b-d6ba-42f2-c249-10f7cb8f1634","Microsoft Defender Vulnerability Management Add-on","Active","1","21-05-2026 21:17:03","21-05-2026 00:00:00","20-06-2026 00:00:00","True"
"OTU WA CNE - 103978","996de039-3941-4d35-8d36-c1019a0c004e","otuwacne103978.onmicrosoft.com","Microsoft 365 E5 (no Teams)","4d50d04b-c9df-4912-db92-1b0ffb5a2595","Microsoft 365 E5 (no Teams)","Deleted","1","21-05-2026 20:49:55","21-05-2026 00:00:00","20-06-2026 00:00:00","True"
"OTU WA CNE - 103978","996de039-3941-4d35-8d36-c1019a0c004e","otuwacne103978.onmicrosoft.com","Microsoft Intune Suite","615d4bfd-2048-4d44-d601-00225afd4986","Microsoft Intune Suite","Deleted","1","21-05-2026 20:19:41","21-05-2026 00:00:00","20-06-2026 00:00:00","True"
"OTU WA CNE - 103978","996de039-3941-4d35-8d36-c1019a0c004e","otuwacne103978.onmicrosoft.com","Microsoft Intune Suite","97045a15-4e98-4901-d77d-c4957dc3d9bc","Microsoft Intune Suite","Deleted","1","16-05-2026 09:17:05","16-05-2026 00:00:00","15-06-2026 00:00:00","True"
"OTU WA CNE - 103978","996de039-3941-4d35-8d36-c1019a0c004e","otuwacne103978.onmicrosoft.com","Microsoft Defender Vulnerability Management Add-on","63399b86-b47b-4e58-db74-c090dfdc0c4d","Microsoft Defender Vulnerability Management Add-on","Deleted","1","15-05-2026 20:50:56","15-05-2026 00:00:00","14-06-2026 00:00:00","True"
"OTU WA CNE - 103978","996de039-3941-4d35-8d36-c1019a0c004e","otuwacne103978.onmicrosoft.com","Microsoft 365 E5 (no Teams)","c1e63f0b-3fde-4876-c64c-8c2f66cdcb6d","Microsoft 365 E5 (no Teams)","Deleted","1","15-05-2026 20:41:33","15-05-2026 00:00:00","14-06-2026 00:00:00","True"
"OTU WA CNE - 103978","996de039-3941-4d35-8d36-c1019a0c004e","otuwacne103978.onmicrosoft.com","Microsoft Entra ID P2","349fd5c1-46f0-4066-c540-7a62022923d3","Microsoft Entra ID P2","Deleted","3","15-05-2026 20:30:38","15-05-2026 00:00:00","14-06-2026 00:00:00","True"
"OTU WA CNE - 103978","996de039-3941-4d35-8d36-c1019a0c004e","otuwacne103978.onmicrosoft.com","Azure plan","e3f7642b-0d75-43ab-da2b-463570ba4d17","Azure plan","Active","1","09-05-2026 16:12:19","09-05-2026 00:00:00","31-12-9999 23:59:59","False"
"OTU WA CNE - 103977","3a6c6a6f-0ec1-41d3-ae2f-6c8619ccca0f","otuwacne103977.onmicrosoft.com","Microsoft Intune Suite","b580db9f-34cf-4faf-c858-a9f40173a31e","Microsoft Intune Suite","Deleted","2","16-05-2026 09:16:46","16-05-2026 00:00:00","15-06-2026 00:00:00","True"
"OTU WA CNE - 103977","3a6c6a6f-0ec1-41d3-ae2f-6c8619ccca0f","otuwacne103977.onmicrosoft.com","Microsoft Defender Vulnerability Management Add-on","6393e2b0-7f17-4251-ceab-da7092ccd88a","Microsoft Defender Vulnerability Management Add-on","Deleted","1","15-05-2026 22:33:52","15-05-2026 00:00:00","14-06-2026 00:00:00","True"
"OTU WA CNE - 103977","3a6c6a6f-0ec1-41d3-ae2f-6c8619ccca0f","otuwacne103977.onmicrosoft.com","Microsoft 365 E5 (no Teams)","470ca96f-2a14-46da-c78b-7f58d091ac6b","Microsoft 365 E5 (no Teams)","Deleted","1","15-05-2026 21:55:56","15-05-2026 00:00:00","14-06-2026 00:00:00","True"
"OTU WA CNE - 103977","3a6c6a6f-0ec1-41d3-ae2f-6c8619ccca0f","otuwacne103977.onmicrosoft.com","Microsoft Entra ID P2","ab4d39f3-c26c-4c0d-cf79-ccfcb2e37477","Microsoft Entra ID P2","Deleted","5","15-05-2026 21:30:34","15-05-2026 00:00:00","14-06-2026 00:00:00","True"
"OTU WA CNE - 103977","3a6c6a6f-0ec1-41d3-ae2f-6c8619ccca0f","otuwacne103977.onmicrosoft.com","Azure plan","840986d0-db7e-4279-c080-cdd67de4e065","Azure plan","Active","1","09-05-2026 16:08:20","09-05-2026 00:00:00","31-12-9999 23:59:59","False"
"OTU WA CNE - 103976","62ee6aee-b2fe-49e5-bf86-99d42ea82bcb","otuwacne103976.onmicrosoft.com","Microsoft Defender Vulnerability Management Add-on","349f1725-e37c-4c3d-c361-8aac79069035","Microsoft Defender Vulnerability Management Add-on","Active","1","21-05-2026 21:16:46","21-05-2026 00:00:00","20-06-2026 00:00:00","True"
"OTU WA CNE - 103976","62ee6aee-b2fe-49e5-bf86-99d42ea82bcb","otuwacne103976.onmicrosoft.com","Microsoft 365 E5 (no Teams)","11cdc8de-5993-4f55-cbe4-4051496efbe8","Microsoft 365 E5 (no Teams)","Deleted","1","21-05-2026 20:49:32","21-05-2026 00:00:00","20-06-2026 00:00:00","True"
"OTU WA CNE - 103976","62ee6aee-b2fe-49e5-bf86-99d42ea82bcb","otuwacne103976.onmicrosoft.com","Microsoft Intune Suite","301a76d6-23fb-4942-d4ca-dab1f7cabb40","Microsoft Intune Suite","Active","1","21-05-2026 20:18:58","21-05-2026 00:00:00","20-06-2026 00:00:00","True"
"OTU WA CNE - 103976","62ee6aee-b2fe-49e5-bf86-99d42ea82bcb","otuwacne103976.onmicrosoft.com","Microsoft Intune Suite","4010adaf-c811-4d9f-de2c-09f6bcddf3ec","Microsoft Intune Suite","Deleted","1","16-05-2026 09:16:21","16-05-2026 00:00:00","15-06-2026 00:00:00","True"
"OTU WA CNE - 103976","62ee6aee-b2fe-49e5-bf86-99d42ea82bcb","otuwacne103976.onmicrosoft.com","Microsoft Defender Vulnerability Management Add-on","30637cb5-9d65-40f2-dc3a-9e756aabda5e","Microsoft Defender Vulnerability Management Add-on","Deleted","1","15-05-2026 20:50:41","15-05-2026 00:00:00","14-06-2026 00:00:00","True"
"OTU WA CNE - 103976","62ee6aee-b2fe-49e5-bf86-99d42ea82bcb","otuwacne103976.onmicrosoft.com","Microsoft 365 E5 (no Teams)","ce9d8f79-818c-4d77-c8aa-25478409fd30","Microsoft 365 E5 (no Teams)","Deleted","1","15-05-2026 20:41:09","15-05-2026 00:00:00","14-06-2026 00:00:00","True"
"OTU WA CNE - 103976","62ee6aee-b2fe-49e5-bf86-99d42ea82bcb","otuwacne103976.onmicrosoft.com","Microsoft Entra ID P2","d4b436a4-0b61-41a2-df52-3c68e8218ee6","Microsoft Entra ID P2","Deleted","5","15-05-2026 20:27:19","15-05-2026 00:00:00","14-06-2026 00:00:00","True"
"OTU WA CNE - 103976","62ee6aee-b2fe-49e5-bf86-99d42ea82bcb","otuwacne103976.onmicrosoft.com","Azure plan","21b13307-c07a-4545-c1d0-fe4ec792c7c9","Azure plan","Active","1","09-05-2026 16:04:21","09-05-2026 00:00:00","31-12-9999 23:59:59","False"
"OTU WA CNE - 103975","bebe3aa5-8e16-452a-83bb-be5947d6f98c","otuwacne103975.onmicrosoft.com","Microsoft Defender Vulnerability Management Add-on","6bae7673-3839-4fa8-d470-945f1f3c1a5f","Microsoft Defender Vulnerability Management Add-on","Active","1","21-05-2026 21:16:27","21-05-2026 00:00:00","20-06-2026 00:00:00","True"
"OTU WA CNE - 103975","bebe3aa5-8e16-452a-83bb-be5947d6f98c","otuwacne103975.onmicrosoft.com","Microsoft 365 E5 (no Teams)","92a7775c-56ec-4d56-cfd1-a5e4284e88c6","Microsoft 365 E5 (no Teams)","Deleted","1","21-05-2026 20:49:08","21-05-2026 00:00:00","20-06-2026 00:00:00","True"
"OTU WA CNE - 103975","bebe3aa5-8e16-452a-83bb-be5947d6f98c","otuwacne103975.onmicrosoft.com","Microsoft Intune Suite","ba1e0b20-1122-450b-c3e6-8d87787d2bad","Microsoft Intune Suite","Active","1","21-05-2026 20:18:31","21-05-2026 00:00:00","20-06-2026 00:00:00","True"
"OTU WA CNE - 103975","bebe3aa5-8e16-452a-83bb-be5947d6f98c","otuwacne103975.onmicrosoft.com","Microsoft Intune Suite","f512c7b6-f7f3-4094-c013-f67d14b12b68","Microsoft Intune Suite","Deleted","1","16-05-2026 09:15:54","16-05-2026 00:00:00","15-06-2026 00:00:00","True"
"OTU WA CNE - 103975","bebe3aa5-8e16-452a-83bb-be5947d6f98c","otuwacne103975.onmicrosoft.com","Microsoft Defender Vulnerability Management Add-on","1391d4e5-896b-4138-ca8c-4c1fd5239c63","Microsoft Defender Vulnerability Management Add-on","Deleted","1","15-05-2026 20:50:25","15-05-2026 00:00:00","14-06-2026 00:00:00","True"
"OTU WA CNE - 103975","bebe3aa5-8e16-452a-83bb-be5947d6f98c","otuwacne103975.onmicrosoft.com","Microsoft 365 E5 (no Teams)","1eaa78ba-71c6-48d8-c905-09349a3fc623","Microsoft 365 E5 (no Teams)","Deleted","1","15-05-2026 20:40:14","15-05-2026 00:00:00","14-06-2026 00:00:00","True"
"OTU WA CNE - 103975","bebe3aa5-8e16-452a-83bb-be5947d6f98c","otuwacne103975.onmicrosoft.com","Microsoft Entra ID P2","e464eee7-02b1-4ff0-c289-4d4a5f3846ed","Microsoft Entra ID P2","Deleted","5","15-05-2026 20:26:56","15-05-2026 00:00:00","14-06-2026 00:00:00","True"
"OTU WA CNE - 103975","bebe3aa5-8e16-452a-83bb-be5947d6f98c","otuwacne103975.onmicrosoft.com","Azure plan","be640282-0631-4a01-c510-bce4e06a17be","Azure plan","Active","1","09-05-2026 16:00:22","09-05-2026 00:00:00","31-12-9999 23:59:59","False"
"OTU WA CNE - 103974","b784a8bb-38ad-4d23-91dc-6fa18f32aaf1","otuwacne103974.onmicrosoft.com","Microsoft Intune Suite","8c0dc9e1-4655-45e8-c994-a21af3cdad08","Microsoft Intune Suite","Deleted","2","16-05-2026 09:15:31","16-05-2026 00:00:00","15-06-2026 00:00:00","True"
"OTU WA CNE - 103974","b784a8bb-38ad-4d23-91dc-6fa18f32aaf1","otuwacne103974.onmicrosoft.com","Microsoft Defender Vulnerability Management Add-on","3cbbf6f2-151d-4ee5-cb93-b5f33aea7a29","Microsoft Defender Vulnerability Management Add-on","Deleted","1","15-05-2026 22:33:25","15-05-2026 00:00:00","14-06-2026 00:00:00","True"
"OTU WA CNE - 103974","b784a8bb-38ad-4d23-91dc-6fa18f32aaf1","otuwacne103974.onmicrosoft.com","Microsoft 365 E5 (no Teams)","f3bb7703-f195-433d-cb7b-730d62fa641e","Microsoft 365 E5 (no Teams)","Deleted","1","15-05-2026 21:55:22","15-05-2026 00:00:00","14-06-2026 00:00:00","True"
"OTU WA CNE - 103974","b784a8bb-38ad-4d23-91dc-6fa18f32aaf1","otuwacne103974.onmicrosoft.com","Microsoft Entra ID P2","9828a560-37c4-4cd3-d93c-3b1d50fcf99a","Microsoft Entra ID P2","Deleted","5","15-05-2026 21:30:15","15-05-2026 00:00:00","14-06-2026 00:00:00","True"
"OTU WA CNE - 103974","b784a8bb-38ad-4d23-91dc-6fa18f32aaf1","otuwacne103974.onmicrosoft.com","Azure plan","06488285-ddda-4830-dce4-a2f787fcaca1","Azure plan","Active","1","09-05-2026 15:56:29","09-05-2026 00:00:00","31-12-9999 23:59:59","False"
"OTU WA CNE - 103973","8397a0cc-e938-47e8-8eb6-10d147fa7c9a","otuwacne103973.onmicrosoft.com","Microsoft Defender Vulnerability Management Add-on","37b8e273-d6f0-4b88-df5c-29cc60fbd650","Microsoft Defender Vulnerability Management Add-on","Active","1","21-05-2026 21:16:09","21-05-2026 00:00:00","20-06-2026 00:00:00","True"
"OTU WA CNE - 103973","8397a0cc-e938-47e8-8eb6-10d147fa7c9a","otuwacne103973.onmicrosoft.com","Microsoft 365 E5 (no Teams)","25a4274c-4463-4a37-c2f4-1e94f8022b6a","Microsoft 365 E5 (no Teams)","Deleted","1","21-05-2026 20:48:16","21-05-2026 00:00:00","20-06-2026 00:00:00","True"
"OTU WA CNE - 103973","8397a0cc-e938-47e8-8eb6-10d147fa7c9a","otuwacne103973.onmicrosoft.com","Microsoft Intune Suite","095815b6-4615-4440-cca2-0033b3269e9a","Microsoft Intune Suite","Active","1","21-05-2026 20:17:44","21-05-2026 00:00:00","20-06-2026 00:00:00","True"
"OTU WA CNE - 103973","8397a0cc-e938-47e8-8eb6-10d147fa7c9a","otuwacne103973.onmicrosoft.com","Microsoft Intune Suite","30224fdd-44dc-45a8-c9c7-df2fb12650fe","Microsoft Intune Suite","Deleted","1","16-05-2026 09:15:15","16-05-2026 00:00:00","15-06-2026 00:00:00","True"
"OTU WA CNE - 103973","8397a0cc-e938-47e8-8eb6-10d147fa7c9a","otuwacne103973.onmicrosoft.com","Microsoft Defender Vulnerability Management Add-on","7647eaaf-01a5-4093-c29c-6a45747a6494","Microsoft Defender Vulnerability Management Add-on","Deleted","1","15-05-2026 20:50:09","15-05-2026 00:00:00","14-06-2026 00:00:00","True"
"OTU WA CNE - 103973","8397a0cc-e938-47e8-8eb6-10d147fa7c9a","otuwacne103973.onmicrosoft.com","Microsoft 365 E5 (no Teams)","284e47a4-b808-42c6-d042-55b5f6f3ea34","Microsoft 365 E5 (no Teams)","Deleted","1","15-05-2026 20:39:54","15-05-2026 00:00:00","14-06-2026 00:00:00","True"
"OTU WA CNE - 103973","8397a0cc-e938-47e8-8eb6-10d147fa7c9a","otuwacne103973.onmicrosoft.com","Microsoft Entra ID P2","a92d9f14-4f7c-422f-d287-9c425fab04cb","Microsoft Entra ID P2","Deleted","3","15-05-2026 20:26:35","15-05-2026 00:00:00","14-06-2026 00:00:00","True"
"OTU WA CNE - 103973","8397a0cc-e938-47e8-8eb6-10d147fa7c9a","otuwacne103973.onmicrosoft.com","Azure plan","d6bf706a-eabd-408e-dfd6-8b344f2c4356","Azure plan","Active","1","09-05-2026 15:52:30","09-05-2026 00:00:00","31-12-9999 23:59:59","False"
"OTU WA CNE - 103972","c00a3fea-3972-4c63-a250-22a96d8af04d","otuwacne103972.onmicrosoft.com","Microsoft Defender Vulnerability Management Add-on","969761da-260b-46c3-d0cc-7f1ec6f3758b","Microsoft Defender Vulnerability Management Add-on","Active","1","21-05-2026 21:15:47","21-05-2026 00:00:00","20-06-2026 00:00:00","True"
"OTU WA CNE - 103972","c00a3fea-3972-4c63-a250-22a96d8af04d","otuwacne103972.onmicrosoft.com","Microsoft 365 E5 (no Teams)","dad22f74-6dce-4b66-ddb8-cb495b72c26f","Microsoft 365 E5 (no Teams)","Deleted","1","21-05-2026 20:47:47","21-05-2026 00:00:00","20-06-2026 00:00:00","True"
"OTU WA CNE - 103972","c00a3fea-3972-4c63-a250-22a96d8af04d","otuwacne103972.onmicrosoft.com","Microsoft Intune Suite","5711718c-5ff4-4ddc-c9da-6cf4d8d6c41b","Microsoft Intune Suite","Active","1","21-05-2026 20:17:22","21-05-2026 00:00:00","20-06-2026 00:00:00","True"
"OTU WA CNE - 103972","c00a3fea-3972-4c63-a250-22a96d8af04d","otuwacne103972.onmicrosoft.com","Microsoft Intune Suite","2e9addde-7df0-4d39-c0c7-7500119780b8","Microsoft Intune Suite","Deleted","1","16-05-2026 09:14:54","16-05-2026 00:00:00","15-06-2026 00:00:00","True"
"OTU WA CNE - 103972","c00a3fea-3972-4c63-a250-22a96d8af04d","otuwacne103972.onmicrosoft.com","Microsoft Defender Vulnerability Management Add-on","dfe6f70f-6360-4187-cc42-4971b494bfd7","Microsoft Defender Vulnerability Management Add-on","Deleted","1","15-05-2026 20:49:57","15-05-2026 00:00:00","14-06-2026 00:00:00","True"
"OTU WA CNE - 103972","c00a3fea-3972-4c63-a250-22a96d8af04d","otuwacne103972.onmicrosoft.com","Microsoft 365 E5 (no Teams)","7c5e9ef4-8670-4376-cee9-4027779109fe","Microsoft 365 E5 (no Teams)","Deleted","1","15-05-2026 20:39:36","15-05-2026 00:00:00","14-06-2026 00:00:00","True"
"OTU WA CNE - 103972","c00a3fea-3972-4c63-a250-22a96d8af04d","otuwacne103972.onmicrosoft.com","Microsoft Entra ID P2","136f9631-bb78-49bf-da41-a4ac81fe3311","Microsoft Entra ID P2","Deleted","3","15-05-2026 20:25:49","15-05-2026 00:00:00","14-06-2026 00:00:00","True"
"OTU WA CNE - 103972","c00a3fea-3972-4c63-a250-22a96d8af04d","otuwacne103972.onmicrosoft.com","Azure plan","8581d056-e15d-4aa5-c5fd-28512501f5b4","Azure plan","Active","1","09-05-2026 15:48:37","09-05-2026 00:00:00","31-12-9999 23:59:59","False"
"OTU WA CNE - 103971","ac3439e7-a87c-4d49-9ce6-e160f843b335","otuwacne103971.onmicrosoft.com","Microsoft Intune Suite","97ce8f9b-c064-432b-c2e3-48815c825344","Microsoft Intune Suite","Deleted","2","16-05-2026 09:14:35","16-05-2026 00:00:00","15-06-2026 00:00:00","True"
"OTU WA CNE - 103971","ac3439e7-a87c-4d49-9ce6-e160f843b335","otuwacne103971.onmicrosoft.com","Microsoft Defender Vulnerability Management Add-on","5d257cdd-c91d-4de2-ca37-906cf0e9915a","Microsoft Defender Vulnerability Management Add-on","Deleted","1","15-05-2026 22:32:53","15-05-2026 00:00:00","14-06-2026 00:00:00","True"
"OTU WA CNE - 103971","ac3439e7-a87c-4d49-9ce6-e160f843b335","otuwacne103971.onmicrosoft.com","Microsoft 365 E5 (no Teams)","0cd3104b-10d1-43ae-d0d5-6f62658bc1ef","Microsoft 365 E5 (no Teams)","Deleted","1","15-05-2026 21:54:56","15-05-2026 00:00:00","14-06-2026 00:00:00","True"
"OTU WA CNE - 103971","ac3439e7-a87c-4d49-9ce6-e160f843b335","otuwacne103971.onmicrosoft.com","Microsoft Entra ID P2","4cbf0d84-18ad-48b4-c56e-bcd346e6b6ee","Microsoft Entra ID P2","Deleted","5","15-05-2026 21:29:52","15-05-2026 00:00:00","14-06-2026 00:00:00","True"
"OTU WA CNE - 103971","ac3439e7-a87c-4d49-9ce6-e160f843b335","otuwacne103971.onmicrosoft.com","Azure plan","8a29d7df-fea3-41d7-d65e-92d4afb0b741","Azure plan","Active","1","09-05-2026 15:44:13","09-05-2026 00:00:00","31-12-9999 23:59:59","False"
"OTU WA CNE - 103970","5260b566-f122-49c9-99ab-7916003b0980","otuwacne103970.onmicrosoft.com","Microsoft 365 E5 (no Teams)","ccec756e-2e5b-4288-d46c-07f78fd1f178","Microsoft 365 E5 (no Teams)","Deleted","1","21-05-2026 20:47:21","21-05-2026 00:00:00","20-06-2026 00:00:00","True"
"OTU WA CNE - 103970","5260b566-f122-49c9-99ab-7916003b0980","otuwacne103970.onmicrosoft.com","Microsoft Intune Suite","c2a5eecb-a086-4b13-c475-64c41c10b789","Microsoft Intune Suite","Active","1","21-05-2026 20:16:41","21-05-2026 00:00:00","20-06-2026 00:00:00","True"
"OTU WA CNE - 103970","5260b566-f122-49c9-99ab-7916003b0980","otuwacne103970.onmicrosoft.com","Microsoft Defender Vulnerability Management Add-on","b8b100b8-ff6f-4be3-cbdd-0c2b792e727d","Microsoft Defender Vulnerability Management Add-on","Active","1","21-05-2026 19:55:33","21-05-2026 00:00:00","20-06-2026 00:00:00","True"
"OTU WA CNE - 103970","5260b566-f122-49c9-99ab-7916003b0980","otuwacne103970.onmicrosoft.com","Microsoft Intune Suite","9e6d864f-5b45-45c5-c5e2-685a6188d57e","Microsoft Intune Suite","Deleted","1","16-05-2026 09:14:19","16-05-2026 00:00:00","15-06-2026 00:00:00","True"
"OTU WA CNE - 103970","5260b566-f122-49c9-99ab-7916003b0980","otuwacne103970.onmicrosoft.com","Microsoft Defender Vulnerability Management Add-on","9e6e0662-7754-46af-d4fd-a3c63b140bdb","Microsoft Defender Vulnerability Management Add-on","Deleted","1","15-05-2026 20:49:20","15-05-2026 00:00:00","14-06-2026 00:00:00","True"
"OTU WA CNE - 103970","5260b566-f122-49c9-99ab-7916003b0980","otuwacne103970.onmicrosoft.com","Microsoft 365 E5 (no Teams)","10b410ea-5f17-4370-c3a4-72111ca2121d","Microsoft 365 E5 (no Teams)","Deleted","1","15-05-2026 20:39:15","15-05-2026 00:00:00","14-06-2026 00:00:00","True"
"OTU WA CNE - 103970","5260b566-f122-49c9-99ab-7916003b0980","otuwacne103970.onmicrosoft.com","Microsoft Entra ID P2","d83c59df-6c4f-4b9d-d6df-d64018e6dd43","Microsoft Entra ID P2","Deleted","3","15-05-2026 20:26:09","15-05-2026 00:00:00","14-06-2026 00:00:00","True"
"OTU WA CNE - 103970","5260b566-f122-49c9-99ab-7916003b0980","otuwacne103970.onmicrosoft.com","Azure plan","17a1aa7f-1f5a-4555-c9ce-7de0d3918beb","Azure plan","Active","1","09-05-2026 15:40:18","09-05-2026 00:00:00","31-12-9999 23:59:59","False"
"OTU WA CNE - 103969","581fb582-2f14-4377-9557-ceea0d409c08","otuwacne103969.onmicrosoft.com","Microsoft 365 E5 (no Teams)","41a3e3c2-b928-4f91-cc75-f82317e33835","Microsoft 365 E5 (no Teams)","Deleted","1","21-05-2026 20:47:00","21-05-2026 00:00:00","20-06-2026 00:00:00","True"
"OTU WA CNE - 103969","581fb582-2f14-4377-9557-ceea0d409c08","otuwacne103969.onmicrosoft.com","Microsoft Intune Suite","f78eec12-c24d-4be8-db67-08beef7c0c12","Microsoft Intune Suite","Active","1","21-05-2026 20:16:13","21-05-2026 00:00:00","20-06-2026 00:00:00","True"
"OTU WA CNE - 103969","581fb582-2f14-4377-9557-ceea0d409c08","otuwacne103969.onmicrosoft.com","Microsoft Defender Vulnerability Management Add-on","03578e9c-f005-4792-dcd1-b3b490e4b1e0","Microsoft Defender Vulnerability Management Add-on","Active","1","21-05-2026 19:55:15","21-05-2026 00:00:00","20-06-2026 00:00:00","True"
"OTU WA CNE - 103969","581fb582-2f14-4377-9557-ceea0d409c08","otuwacne103969.onmicrosoft.com","Microsoft Intune Suite","77573943-4cc9-4cd1-c053-1781d0a5aeb6","Microsoft Intune Suite","Deleted","1","16-05-2026 09:13:55","16-05-2026 00:00:00","15-06-2026 00:00:00","True"
"OTU WA CNE - 103969","581fb582-2f14-4377-9557-ceea0d409c08","otuwacne103969.onmicrosoft.com","Microsoft Defender Vulnerability Management Add-on","2a29627f-f76a-4c9b-d403-f3fb2b4781d8","Microsoft Defender Vulnerability Management Add-on","Deleted","1","15-05-2026 20:48:55","15-05-2026 00:00:00","14-06-2026 00:00:00","True"
"OTU WA CNE - 103969","581fb582-2f14-4377-9557-ceea0d409c08","otuwacne103969.onmicrosoft.com","Microsoft 365 E5 (no Teams)","5bce2fac-9736-4c79-ca2a-518444c66afc","Microsoft 365 E5 (no Teams)","Deleted","1","15-05-2026 20:38:56","15-05-2026 00:00:00","14-06-2026 00:00:00","True"
"OTU WA CNE - 103969","581fb582-2f14-4377-9557-ceea0d409c08","otuwacne103969.onmicrosoft.com","Microsoft Entra ID P2","11e7f8fa-92de-4f63-d34d-c6e5054e3d0b","Microsoft Entra ID P2","Deleted","3","15-05-2026 20:25:25","15-05-2026 00:00:00","14-06-2026 00:00:00","True"
"OTU WA CNE - 103969","581fb582-2f14-4377-9557-ceea0d409c08","otuwacne103969.onmicrosoft.com","Azure plan","272258cf-cd4f-4bfe-dbcd-c72d048af6ad","Azure plan","Active","1","09-05-2026 15:36:15","09-05-2026 00:00:00","31-12-9999 23:59:59","False"
"OTU WA CNE - 103968","088d64d3-fcc4-428f-bdc6-245bb6227182","otuwacne103968.onmicrosoft.com","Microsoft 365 E5 (no Teams)","6757773e-1b80-46c0-c447-9d9a42bc1d23","Microsoft 365 E5 (no Teams)","Deleted","1","21-05-2026 20:46:33","21-05-2026 00:00:00","20-06-2026 00:00:00","True"
"OTU WA CNE - 103968","088d64d3-fcc4-428f-bdc6-245bb6227182","otuwacne103968.onmicrosoft.com","Microsoft Intune Suite","e8e98296-0744-48d7-d5f0-c5479cdab851","Microsoft Intune Suite","Active","1","21-05-2026 20:15:50","21-05-2026 00:00:00","20-06-2026 00:00:00","True"
"OTU WA CNE - 103968","088d64d3-fcc4-428f-bdc6-245bb6227182","otuwacne103968.onmicrosoft.com","Microsoft Defender Vulnerability Management Add-on","40d674a2-cabe-400b-c57b-7afc641a323a","Microsoft Defender Vulnerability Management Add-on","Active","1","21-05-2026 19:54:56","21-05-2026 00:00:00","20-06-2026 00:00:00","True"
"OTU WA CNE - 103968","088d64d3-fcc4-428f-bdc6-245bb6227182","otuwacne103968.onmicrosoft.com","Microsoft Intune Suite","e8e9c62d-9363-4599-d6be-824d7a9a8d0f","Microsoft Intune Suite","Deleted","1","16-05-2026 09:13:35","16-05-2026 00:00:00","15-06-2026 00:00:00","True"
"OTU WA CNE - 103968","088d64d3-fcc4-428f-bdc6-245bb6227182","otuwacne103968.onmicrosoft.com","Microsoft Defender Vulnerability Management Add-on","3037f7fd-3a66-451e-dfc5-239259e9f9ab","Microsoft Defender Vulnerability Management Add-on","Deleted","1","15-05-2026 20:48:37","15-05-2026 00:00:00","14-06-2026 00:00:00","True"
"OTU WA CNE - 103968","088d64d3-fcc4-428f-bdc6-245bb6227182","otuwacne103968.onmicrosoft.com","Microsoft 365 E5 (no Teams)","04cbd370-6034-4a04-cb4e-484f5861283c","Microsoft 365 E5 (no Teams)","Deleted","1","15-05-2026 20:38:37","15-05-2026 00:00:00","14-06-2026 00:00:00","True"
"OTU WA CNE - 103968","088d64d3-fcc4-428f-bdc6-245bb6227182","otuwacne103968.onmicrosoft.com","Microsoft Entra ID P2","1b49484b-42cc-4d89-cb28-500c3eaaabde","Microsoft Entra ID P2","Deleted","3","15-05-2026 20:25:03","15-05-2026 00:00:00","14-06-2026 00:00:00","True"
"OTU WA CNE - 103968","088d64d3-fcc4-428f-bdc6-245bb6227182","otuwacne103968.onmicrosoft.com","Azure plan","a7fdad9c-09fe-4b19-cdc8-2bf6535ead6c","Azure plan","Active","1","09-05-2026 15:32:14","09-05-2026 00:00:00","31-12-9999 23:59:59","False"
"OTU WA CNE - 103967","d9a9476e-6d10-4d51-a667-f430c40a6db8","otuwacne103967.onmicrosoft.com","Microsoft 365 E5 (no Teams)","913890a1-573c-499e-c500-246ddea653d3","Microsoft 365 E5 (no Teams)","Deleted","1","21-05-2026 20:46:10","21-05-2026 00:00:00","20-06-2026 00:00:00","True"
"OTU WA CNE - 103967","d9a9476e-6d10-4d51-a667-f430c40a6db8","otuwacne103967.onmicrosoft.com","Microsoft Intune Suite","0279d5e6-2800-4612-d5a9-5214ad822a3e","Microsoft Intune Suite","Active","1","21-05-2026 20:15:29","21-05-2026 00:00:00","20-06-2026 00:00:00","True"
"OTU WA CNE - 103967","d9a9476e-6d10-4d51-a667-f430c40a6db8","otuwacne103967.onmicrosoft.com","Microsoft Defender Vulnerability Management Add-on","95628f74-7acf-4f34-cb05-2b34e2d90742","Microsoft Defender Vulnerability Management Add-on","Active","1","21-05-2026 19:54:33","21-05-2026 00:00:00","20-06-2026 00:00:00","True"
"OTU WA CNE - 103967","d9a9476e-6d10-4d51-a667-f430c40a6db8","otuwacne103967.onmicrosoft.com","Microsoft Intune Suite","55bf5d14-45df-40e8-d55d-ef96a6413a2f","Microsoft Intune Suite","Deleted","1","16-05-2026 09:13:18","16-05-2026 00:00:00","15-06-2026 00:00:00","True"
"OTU WA CNE - 103967","d9a9476e-6d10-4d51-a667-f430c40a6db8","otuwacne103967.onmicrosoft.com","Microsoft Defender Vulnerability Management Add-on","b754c27c-59b0-4746-c87f-f5a4cceae690","Microsoft Defender Vulnerability Management Add-on","Deleted","1","15-05-2026 20:48:21","15-05-2026 00:00:00","14-06-2026 00:00:00","True"
"OTU WA CNE - 103967","d9a9476e-6d10-4d51-a667-f430c40a6db8","otuwacne103967.onmicrosoft.com","Microsoft 365 E5 (no Teams)","fa17c3e0-baf1-49cc-d01f-53486be3b919","Microsoft 365 E5 (no Teams)","Deleted","1","15-05-2026 20:38:19","15-05-2026 00:00:00","14-06-2026 00:00:00","True"
"OTU WA CNE - 103967","d9a9476e-6d10-4d51-a667-f430c40a6db8","otuwacne103967.onmicrosoft.com","Microsoft Entra ID P2","7318cff2-7bb8-49f2-db8d-81f2add48a1e","Microsoft Entra ID P2","Deleted","3","15-05-2026 20:24:19","15-05-2026 00:00:00","14-06-2026 00:00:00","True"
"OTU WA CNE - 103967","d9a9476e-6d10-4d51-a667-f430c40a6db8","otuwacne103967.onmicrosoft.com","Azure plan","58f2388d-8b62-4b35-c8ca-d5994b497b3a","Azure plan","Active","1","09-05-2026 15:27:52","09-05-2026 00:00:00","31-12-9999 23:59:59","False"
"OTU WA CNE - 103966","d87bdccf-295a-4082-bec6-1f9fe0657f8d","otuwacne103966.onmicrosoft.com","Microsoft 365 E5 (no Teams)","b832c9d4-c5d2-4270-c449-7b4fb7f05f05","Microsoft 365 E5 (no Teams)","Deleted","1","21-05-2026 20:45:47","21-05-2026 00:00:00","20-06-2026 00:00:00","True"
"OTU WA CNE - 103966","d87bdccf-295a-4082-bec6-1f9fe0657f8d","otuwacne103966.onmicrosoft.com","Microsoft Intune Suite","0e07fcd6-3083-4599-c8d5-fc0b1378df0d","Microsoft Intune Suite","Active","1","21-05-2026 20:15:11","21-05-2026 00:00:00","20-06-2026 00:00:00","True"
"OTU WA CNE - 103966","d87bdccf-295a-4082-bec6-1f9fe0657f8d","otuwacne103966.onmicrosoft.com","Microsoft Defender Vulnerability Management Add-on","5a6d405a-7c1d-48d5-c958-fc97139c3a4c","Microsoft Defender Vulnerability Management Add-on","Active","1","21-05-2026 19:54:16","21-05-2026 00:00:00","20-06-2026 00:00:00","True"
"OTU WA CNE - 103966","d87bdccf-295a-4082-bec6-1f9fe0657f8d","otuwacne103966.onmicrosoft.com","Microsoft Intune Suite","3d5e0e3d-ce4f-4dd7-df48-d14ac9ed2212","Microsoft Intune Suite","Deleted","1","16-05-2026 09:13:01","16-05-2026 00:00:00","15-06-2026 00:00:00","True"
"OTU WA CNE - 103966","d87bdccf-295a-4082-bec6-1f9fe0657f8d","otuwacne103966.onmicrosoft.com","Microsoft Defender Vulnerability Management Add-on","bb5f758d-acf1-4175-ceb9-866da3344498","Microsoft Defender Vulnerability Management Add-on","Deleted","1","15-05-2026 20:48:06","15-05-2026 00:00:00","14-06-2026 00:00:00","True"
"OTU WA CNE - 103966","d87bdccf-295a-4082-bec6-1f9fe0657f8d","otuwacne103966.onmicrosoft.com","Microsoft 365 E5 (no Teams)","fbd56943-f96b-474d-c417-5af01a01e1e5","Microsoft 365 E5 (no Teams)","Deleted","1","15-05-2026 20:37:57","15-05-2026 00:00:00","14-06-2026 00:00:00","True"
"OTU WA CNE - 103966","d87bdccf-295a-4082-bec6-1f9fe0657f8d","otuwacne103966.onmicrosoft.com","Microsoft Entra ID P2","a8f122f1-0d6c-4088-d132-be0875e22767","Microsoft Entra ID P2","Deleted","3","15-05-2026 20:23:58","15-05-2026 00:00:00","14-06-2026 00:00:00","True"
"OTU WA CNE - 103966","d87bdccf-295a-4082-bec6-1f9fe0657f8d","otuwacne103966.onmicrosoft.com","Azure plan","a31f59c0-7551-4dd2-dd7d-0a1bb3c93d21","Azure plan","Active","1","09-05-2026 15:22:54","09-05-2026 00:00:00","31-12-9999 23:59:59","False"
"OTU WA CNE - 103965","e5fa521c-34f2-451c-93ab-e275aa237515","otuwacne103965.onmicrosoft.com","Microsoft 365 E5 (no Teams)","1803aab9-a720-40c4-ca0d-49ff554374d5","Microsoft 365 E5 (no Teams)","Deleted","1","21-05-2026 20:45:05","21-05-2026 00:00:00","20-06-2026 00:00:00","True"
"OTU WA CNE - 103965","e5fa521c-34f2-451c-93ab-e275aa237515","otuwacne103965.onmicrosoft.com","Microsoft Intune Suite","6fa7c7e4-0869-454d-dc2e-4761b2fdfb04","Microsoft Intune Suite","Active","1","21-05-2026 20:14:30","21-05-2026 00:00:00","20-06-2026 00:00:00","True"
"OTU WA CNE - 103965","e5fa521c-34f2-451c-93ab-e275aa237515","otuwacne103965.onmicrosoft.com","Microsoft Defender Vulnerability Management Add-on","cc26e62e-a646-4d03-cdbb-484168dc3a0b","Microsoft Defender Vulnerability Management Add-on","Active","1","21-05-2026 19:53:54","21-05-2026 00:00:00","20-06-2026 00:00:00","True"
"OTU WA CNE - 103965","e5fa521c-34f2-451c-93ab-e275aa237515","otuwacne103965.onmicrosoft.com","Microsoft Intune Suite","c6bcfa25-3def-49bd-c018-0bd11cff9d4b","Microsoft Intune Suite","Deleted","1","16-05-2026 09:12:41","16-05-2026 00:00:00","15-06-2026 00:00:00","True"
"OTU WA CNE - 103965","e5fa521c-34f2-451c-93ab-e275aa237515","otuwacne103965.onmicrosoft.com","Microsoft Defender Vulnerability Management Add-on","c2a72573-7727-4113-d916-8288078785c2","Microsoft Defender Vulnerability Management Add-on","Deleted","1","15-05-2026 20:47:49","15-05-2026 00:00:00","14-06-2026 00:00:00","True"
"OTU WA CNE - 103965","e5fa521c-34f2-451c-93ab-e275aa237515","otuwacne103965.onmicrosoft.com","Microsoft 365 E5 (no Teams)","abe368a3-ac57-437f-d0e3-22e3c501f8c6","Microsoft 365 E5 (no Teams)","Deleted","1","15-05-2026 20:37:31","15-05-2026 00:00:00","14-06-2026 00:00:00","True"
"OTU WA CNE - 103965","e5fa521c-34f2-451c-93ab-e275aa237515","otuwacne103965.onmicrosoft.com","Microsoft Entra ID P2","290c6abe-6bd6-4602-c85b-b995d5187726","Microsoft Entra ID P2","Deleted","3","15-05-2026 20:23:40","15-05-2026 00:00:00","14-06-2026 00:00:00","True"
"OTU WA CNE - 103965","e5fa521c-34f2-451c-93ab-e275aa237515","otuwacne103965.onmicrosoft.com","Azure plan","14312806-f255-42ec-cb29-69a4537b9c0a","Azure plan","Active","1","09-05-2026 10:35:56","09-05-2026 00:00:00","31-12-9999 23:59:59","False"
"OTU WA CNE - 103964","bc496fd4-cbca-43f9-a157-682f299c41c2","otuwacne103964.onmicrosoft.com","Microsoft 365 E5 (no Teams)","c4bec8be-171c-4cf8-d7e2-b0f4688fc0dd","Microsoft 365 E5 (no Teams)","Deleted","1","21-05-2026 20:44:44","21-05-2026 00:00:00","20-06-2026 00:00:00","True"
"OTU WA CNE - 103964","bc496fd4-cbca-43f9-a157-682f299c41c2","otuwacne103964.onmicrosoft.com","Microsoft Intune Suite","16015088-37ab-4cbd-d929-5e7e6e05902e","Microsoft Intune Suite","Active","1","21-05-2026 20:14:13","21-05-2026 00:00:00","20-06-2026 00:00:00","True"
"OTU WA CNE - 103964","bc496fd4-cbca-43f9-a157-682f299c41c2","otuwacne103964.onmicrosoft.com","Microsoft Defender Vulnerability Management Add-on","780ace4c-daf5-43bb-d0b9-d4097ace7d26","Microsoft Defender Vulnerability Management Add-on","Active","1","21-05-2026 19:53:36","21-05-2026 00:00:00","20-06-2026 00:00:00","True"
"OTU WA CNE - 103964","bc496fd4-cbca-43f9-a157-682f299c41c2","otuwacne103964.onmicrosoft.com","Microsoft Intune Suite","d2a5fec0-2add-4939-de0c-c981d0d8f342","Microsoft Intune Suite","Deleted","1","16-05-2026 09:12:25","16-05-2026 00:00:00","15-06-2026 00:00:00","True"
"OTU WA CNE - 103964","bc496fd4-cbca-43f9-a157-682f299c41c2","otuwacne103964.onmicrosoft.com","Microsoft Defender Vulnerability Management Add-on","1e8e31b4-2cde-49f4-c0df-91e3c0d1a51c","Microsoft Defender Vulnerability Management Add-on","Deleted","1","15-05-2026 20:34:16","15-05-2026 00:00:00","14-06-2026 00:00:00","True"
"OTU WA CNE - 103964","bc496fd4-cbca-43f9-a157-682f299c41c2","otuwacne103964.onmicrosoft.com","Microsoft 365 E5 (no Teams)","52e647cf-93c2-415a-d676-3e6d9de69e77","Microsoft 365 E5 (no Teams)","Deleted","1","15-05-2026 20:29:18","15-05-2026 00:00:00","14-06-2026 00:00:00","True"
"OTU WA CNE - 103964","bc496fd4-cbca-43f9-a157-682f299c41c2","otuwacne103964.onmicrosoft.com","Microsoft Entra ID P2","a43913a6-b1b2-4aa4-d35d-ee165b2d928c","Microsoft Entra ID P2","Deleted","3","15-05-2026 20:21:35","15-05-2026 00:00:00","14-06-2026 00:00:00","True"
"OTU WA CNE - 103964","bc496fd4-cbca-43f9-a157-682f299c41c2","otuwacne103964.onmicrosoft.com","Azure plan","41be0d3c-45a6-4480-d081-5dcd1de7d357","Azure plan","Active","1","09-05-2026 10:31:50","09-05-2026 00:00:00","31-12-9999 23:59:59","False"
"OTU WA CNE - 103963","0b23844d-215b-466f-8100-b03bbb5f3911","otuwacne103963.onmicrosoft.com","Microsoft 365 E5 (no Teams)","69ba4cca-95cc-4740-d776-ceaf30df1bda","Microsoft 365 E5 (no Teams)","Deleted","1","21-05-2026 20:44:20","21-05-2026 00:00:00","20-06-2026 00:00:00","True"
"OTU WA CNE - 103963","0b23844d-215b-466f-8100-b03bbb5f3911","otuwacne103963.onmicrosoft.com","Microsoft Intune Suite","5b14ca33-67b0-4542-c2b1-878a3592b0d6","Microsoft Intune Suite","Active","1","21-05-2026 20:13:55","21-05-2026 00:00:00","20-06-2026 00:00:00","True"
"OTU WA CNE - 103963","0b23844d-215b-466f-8100-b03bbb5f3911","otuwacne103963.onmicrosoft.com","Microsoft Defender Vulnerability Management Add-on","25196b7f-3b50-4f46-d5fa-e7a214ae0397","Microsoft Defender Vulnerability Management Add-on","Active","1","21-05-2026 19:53:16","21-05-2026 00:00:00","20-06-2026 00:00:00","True"
"OTU WA CNE - 103963","0b23844d-215b-466f-8100-b03bbb5f3911","otuwacne103963.onmicrosoft.com","Microsoft Intune Suite","35584267-b4b2-4150-d245-055e3f7317da","Microsoft Intune Suite","Deleted","1","16-05-2026 09:12:06","16-05-2026 00:00:00","15-06-2026 00:00:00","True"
"OTU WA CNE - 103963","0b23844d-215b-466f-8100-b03bbb5f3911","otuwacne103963.onmicrosoft.com","Microsoft Defender Vulnerability Management Add-on","34ce7ad6-86e9-47ac-cbd3-30a34f14233b","Microsoft Defender Vulnerability Management Add-on","Deleted","1","15-05-2026 20:34:00","15-05-2026 00:00:00","14-06-2026 00:00:00","True"
"OTU WA CNE - 103963","0b23844d-215b-466f-8100-b03bbb5f3911","otuwacne103963.onmicrosoft.com","Microsoft 365 E5 (no Teams)","a0cc7afa-36dd-4c50-da0e-cd79c3065d88","Microsoft 365 E5 (no Teams)","Deleted","1","15-05-2026 20:29:00","15-05-2026 00:00:00","14-06-2026 00:00:00","True"
"OTU WA CNE - 103963","0b23844d-215b-466f-8100-b03bbb5f3911","otuwacne103963.onmicrosoft.com","Microsoft Entra ID P2","edb3f9c8-01e9-41c6-d8c5-47f07b242464","Microsoft Entra ID P2","Deleted","3","15-05-2026 20:21:17","15-05-2026 00:00:00","14-06-2026 00:00:00","True"
"OTU WA CNE - 103963","0b23844d-215b-466f-8100-b03bbb5f3911","otuwacne103963.onmicrosoft.com","Azure plan","17057991-d51e-4001-c7ca-87b521b51106","Azure plan","Active","1","09-05-2026 10:27:52","09-05-2026 00:00:00","31-12-9999 23:59:59","False"
"OTU WA CNE - 103962","152c40d7-5a3a-4f32-af08-57fcc2287489","otuwacne103962.onmicrosoft.com","Microsoft 365 E5 (no Teams)","81d62743-b6f4-4b7e-c353-cbf4f5ef3add","Microsoft 365 E5 (no Teams)","Deleted","1","21-05-2026 20:43:55","21-05-2026 00:00:00","20-06-2026 00:00:00","True"
"OTU WA CNE - 103962","152c40d7-5a3a-4f32-af08-57fcc2287489","otuwacne103962.onmicrosoft.com","Microsoft Intune Suite","e3cb6ea6-bb2e-4785-df3a-61222f4dbeb3","Microsoft Intune Suite","Active","1","21-05-2026 20:13:28","21-05-2026 00:00:00","20-06-2026 00:00:00","True"
"OTU WA CNE - 103962","152c40d7-5a3a-4f32-af08-57fcc2287489","otuwacne103962.onmicrosoft.com","Microsoft Defender Vulnerability Management Add-on","65f0b578-f2db-4472-d689-f0878501001f","Microsoft Defender Vulnerability Management Add-on","Active","1","21-05-2026 19:52:54","21-05-2026 00:00:00","20-06-2026 00:00:00","True"
"OTU WA CNE - 103962","152c40d7-5a3a-4f32-af08-57fcc2287489","otuwacne103962.onmicrosoft.com","Microsoft Intune Suite","99c5bd3e-bc2b-4950-ccf0-65bf14adfe89","Microsoft Intune Suite","Deleted","1","16-05-2026 09:11:42","16-05-2026 00:00:00","15-06-2026 00:00:00","True"
"OTU WA CNE - 103962","152c40d7-5a3a-4f32-af08-57fcc2287489","otuwacne103962.onmicrosoft.com","Microsoft Defender Vulnerability Management Add-on","edfe9ec0-0a7f-41d7-c361-99190a3aa93b","Microsoft Defender Vulnerability Management Add-on","Deleted","1","15-05-2026 20:33:40","15-05-2026 00:00:00","14-06-2026 00:00:00","True"
"OTU WA CNE - 103962","152c40d7-5a3a-4f32-af08-57fcc2287489","otuwacne103962.onmicrosoft.com","Microsoft 365 E5 (no Teams)","2620e648-b751-4920-de47-c033d16eaaf9","Microsoft 365 E5 (no Teams)","Deleted","1","15-05-2026 20:28:35","15-05-2026 00:00:00","14-06-2026 00:00:00","True"
"OTU WA CNE - 103962","152c40d7-5a3a-4f32-af08-57fcc2287489","otuwacne103962.onmicrosoft.com","Microsoft Entra ID P2","c1b4d343-68d8-40c8-c07a-17cd312a40f9","Microsoft Entra ID P2","Deleted","3","15-05-2026 20:20:38","15-05-2026 00:00:00","14-06-2026 00:00:00","True"
"OTU WA CNE - 103962","152c40d7-5a3a-4f32-af08-57fcc2287489","otuwacne103962.onmicrosoft.com","Azure plan","1d3510c8-93a5-459f-dec4-a4cf96d946db","Azure plan","Active","1","09-05-2026 10:24:05","09-05-2026 00:00:00","31-12-9999 23:59:59","False"
"OTU WA CNE - 103961","c373a689-4210-43eb-8365-62ceacf3c2d7","otuwacne103961.onmicrosoft.com","Microsoft 365 E5 (no Teams)","6f79d2a1-c79f-458c-cb14-20177288fbe0","Microsoft 365 E5 (no Teams)","Deleted","1","21-05-2026 20:42:33","21-05-2026 00:00:00","20-06-2026 00:00:00","True"
"OTU WA CNE - 103961","c373a689-4210-43eb-8365-62ceacf3c2d7","otuwacne103961.onmicrosoft.com","Microsoft Intune Suite","2151876f-942c-4c2b-c30b-0efd924a3233","Microsoft Intune Suite","Active","1","21-05-2026 20:13:03","21-05-2026 00:00:00","20-06-2026 00:00:00","True"
"OTU WA CNE - 103961","c373a689-4210-43eb-8365-62ceacf3c2d7","otuwacne103961.onmicrosoft.com","Microsoft Defender Vulnerability Management Add-on","5532c654-623f-4b86-caad-35e82b5dac57","Microsoft Defender Vulnerability Management Add-on","Active","1","21-05-2026 19:52:37","21-05-2026 00:00:00","20-06-2026 00:00:00","True"
"OTU WA CNE - 103961","c373a689-4210-43eb-8365-62ceacf3c2d7","otuwacne103961.onmicrosoft.com","Microsoft 365 E5 (no Teams)","0e4277cd-cb2a-4c6e-cdc3-824997796a6a","Microsoft 365 E5 (no Teams)","Deleted","1","21-05-2026 19:36:45","21-05-2026 00:00:00","20-06-2026 00:00:00","True"
"OTU WA CNE - 103961","c373a689-4210-43eb-8365-62ceacf3c2d7","otuwacne103961.onmicrosoft.com","Microsoft Intune Suite","f4a7ed8f-90ad-4ca6-cba4-240338259db9","Microsoft Intune Suite","Deleted","1","16-05-2026 09:11:19","16-05-2026 00:00:00","15-06-2026 00:00:00","True"
"OTU WA CNE - 103961","c373a689-4210-43eb-8365-62ceacf3c2d7","otuwacne103961.onmicrosoft.com","Microsoft Defender Vulnerability Management Add-on","9d905b64-b8ae-444f-c0fb-ad8c7ea4136e","Microsoft Defender Vulnerability Management Add-on","Deleted","1","15-05-2026 20:33:22","15-05-2026 00:00:00","14-06-2026 00:00:00","True"
"OTU WA CNE - 103961","c373a689-4210-43eb-8365-62ceacf3c2d7","otuwacne103961.onmicrosoft.com","Microsoft 365 E5 (no Teams)","18944646-df4d-408c-cd35-0f325ed5f8e2","Microsoft 365 E5 (no Teams)","Deleted","1","15-05-2026 20:28:13","15-05-2026 00:00:00","14-06-2026 00:00:00","True"
"OTU WA CNE - 103961","c373a689-4210-43eb-8365-62ceacf3c2d7","otuwacne103961.onmicrosoft.com","Microsoft Entra ID P2","34e445df-df66-4051-c347-384bd9e915b5","Microsoft Entra ID P2","Deleted","3","15-05-2026 20:20:58","15-05-2026 00:00:00","14-06-2026 00:00:00","True"
"OTU WA CNE - 103961","c373a689-4210-43eb-8365-62ceacf3c2d7","otuwacne103961.onmicrosoft.com","Azure plan","c964f1a4-33f3-4697-d7ab-89ffae0be89e","Azure plan","Active","1","09-05-2026 10:20:10","09-05-2026 00:00:00","31-12-9999 23:59:59","False"
"OTU WA CNE - 103960","d3e105f7-469f-424d-8951-c83ac7cf597d","otuwacne103960.onmicrosoft.com","Microsoft Intune Suite","d3c88231-3578-40b3-cae0-d3251da187f4","Microsoft Intune Suite","Deleted","2","16-05-2026 09:10:58","16-05-2026 00:00:00","15-06-2026 00:00:00","True"
"OTU WA CNE - 103960","d3e105f7-469f-424d-8951-c83ac7cf597d","otuwacne103960.onmicrosoft.com","Microsoft Defender Vulnerability Management Add-on","f5a6c715-1851-4579-d512-0fcfe65c1e77","Microsoft Defender Vulnerability Management Add-on","Deleted","1","15-05-2026 22:32:07","15-05-2026 00:00:00","14-06-2026 00:00:00","True"
"OTU WA CNE - 103960","d3e105f7-469f-424d-8951-c83ac7cf597d","otuwacne103960.onmicrosoft.com","Microsoft 365 E5 (no Teams)","64767519-712a-49e1-d9da-bd74a3db5a47","Microsoft 365 E5 (no Teams)","Deleted","1","15-05-2026 21:53:53","15-05-2026 00:00:00","14-06-2026 00:00:00","True"
"OTU WA CNE - 103960","d3e105f7-469f-424d-8951-c83ac7cf597d","otuwacne103960.onmicrosoft.com","Microsoft Entra ID P2","dbbb295b-3962-43af-d3de-62be1714204c","Microsoft Entra ID P2","Deleted","5","15-05-2026 21:29:33","15-05-2026 00:00:00","14-06-2026 00:00:00","True"
"OTU WA CNE - 103960","d3e105f7-469f-424d-8951-c83ac7cf597d","otuwacne103960.onmicrosoft.com","Azure plan","3404aec8-925c-4d3c-d19b-5bb0adb92cc8","Azure plan","Active","1","09-05-2026 10:16:20","09-05-2026 00:00:00","31-12-9999 23:59:59","False"
"OTU WA CNE - 103959","360ebf92-46dc-4d94-9c5b-2716e53460fc","otuwacne103959.onmicrosoft.com","Microsoft Intune Suite","cda1c422-0d70-4cd9-c577-6f5f295372ea","Microsoft Intune Suite","Active","1","21-05-2026 20:12:41","21-05-2026 00:00:00","20-06-2026 00:00:00","True"
"OTU WA CNE - 103959","360ebf92-46dc-4d94-9c5b-2716e53460fc","otuwacne103959.onmicrosoft.com","Microsoft Defender Vulnerability Management Add-on","f8f6956e-8f1b-4cf1-ce2d-279bb0c83ab1","Microsoft Defender Vulnerability Management Add-on","Active","1","21-05-2026 19:52:21","21-05-2026 00:00:00","20-06-2026 00:00:00","True"
"OTU WA CNE - 103959","360ebf92-46dc-4d94-9c5b-2716e53460fc","otuwacne103959.onmicrosoft.com","Microsoft 365 E5 (no Teams)","bff651bf-2c8d-4721-c0c1-917077f510d3","Microsoft 365 E5 (no Teams)","Deleted","1","21-05-2026 19:36:20","21-05-2026 00:00:00","20-06-2026 00:00:00","True"
"OTU WA CNE - 103959","360ebf92-46dc-4d94-9c5b-2716e53460fc","otuwacne103959.onmicrosoft.com","Microsoft Intune Suite","ed3f57b0-589b-437a-c1e0-93794a1a614d","Microsoft Intune Suite","Deleted","1","16-05-2026 09:10:33","16-05-2026 00:00:00","15-06-2026 00:00:00","True"
"OTU WA CNE - 103959","360ebf92-46dc-4d94-9c5b-2716e53460fc","otuwacne103959.onmicrosoft.com","Microsoft Defender Vulnerability Management Add-on","cf56f496-3382-487f-c78f-a91efa21c60b","Microsoft Defender Vulnerability Management Add-on","Deleted","1","15-05-2026 20:33:06","15-05-2026 00:00:00","14-06-2026 00:00:00","True"
"OTU WA CNE - 103959","360ebf92-46dc-4d94-9c5b-2716e53460fc","otuwacne103959.onmicrosoft.com","Microsoft 365 E5 (no Teams)","c81dd668-2c4c-4f92-c19b-a3bce56bce30","Microsoft 365 E5 (no Teams)","Deleted","1","15-05-2026 20:27:32","15-05-2026 00:00:00","14-06-2026 00:00:00","True"
"OTU WA CNE - 103959","360ebf92-46dc-4d94-9c5b-2716e53460fc","otuwacne103959.onmicrosoft.com","Microsoft Entra ID P2","ce4a2fac-4e74-43b7-d7eb-5e72abc14e99","Microsoft Entra ID P2","Deleted","3","15-05-2026 20:19:35","15-05-2026 00:00:00","14-06-2026 00:00:00","True"
"OTU WA CNE - 103959","360ebf92-46dc-4d94-9c5b-2716e53460fc","otuwacne103959.onmicrosoft.com","Azure plan","bd001869-6ab0-42ca-c744-e2cb06fc0d67","Azure plan","Active","1","09-05-2026 10:12:21","09-05-2026 00:00:00","31-12-9999 23:59:59","False"
"OTU WA CNE - 103958","39cc44fb-7d6d-477a-9d3e-8d297b8b7b27","otuwacne103958.onmicrosoft.com","Microsoft Intune Suite","ae9f513a-5504-4ba2-deed-f88bd6fd0988","Microsoft Intune Suite","Deleted","2","16-05-2026 09:10:13","16-05-2026 00:00:00","15-06-2026 00:00:00","True"
"OTU WA CNE - 103958","39cc44fb-7d6d-477a-9d3e-8d297b8b7b27","otuwacne103958.onmicrosoft.com","Microsoft Defender Vulnerability Management Add-on","91e29f23-94b0-47bb-c819-0c637b1c57fd","Microsoft Defender Vulnerability Management Add-on","Deleted","1","15-05-2026 22:31:47","15-05-2026 00:00:00","14-06-2026 00:00:00","True"
"OTU WA CNE - 103958","39cc44fb-7d6d-477a-9d3e-8d297b8b7b27","otuwacne103958.onmicrosoft.com","Microsoft 365 E5 (no Teams)","b72a5849-91f7-450c-c807-30e40d3494c9","Microsoft 365 E5 (no Teams)","Deleted","1","15-05-2026 21:53:24","15-05-2026 00:00:00","14-06-2026 00:00:00","True"
"OTU WA CNE - 103958","39cc44fb-7d6d-477a-9d3e-8d297b8b7b27","otuwacne103958.onmicrosoft.com","Microsoft Entra ID P2","5e83ebc0-2e25-4ba2-d6e8-8d030b7dcf29","Microsoft Entra ID P2","Deleted","5","15-05-2026 21:29:15","15-05-2026 00:00:00","14-06-2026 00:00:00","True"
"OTU WA CNE - 103958","39cc44fb-7d6d-477a-9d3e-8d297b8b7b27","otuwacne103958.onmicrosoft.com","Azure plan","bd199a03-e39b-4cf1-dc28-e3d5a8063641","Azure plan","Active","1","09-05-2026 10:08:29","09-05-2026 00:00:00","31-12-9999 23:59:59","False"
"OTU WA CNE - 103957","a62bd3b3-81da-4d05-849f-7aa531392d00","otuwacne103957.onmicrosoft.com","Microsoft Intune Suite","8d0ac54b-1b7a-421a-d863-c2e692f85bb7","Microsoft Intune Suite","Deleted","2","16-05-2026 09:09:50","16-05-2026 00:00:00","15-06-2026 00:00:00","True"
"OTU WA CNE - 103957","a62bd3b3-81da-4d05-849f-7aa531392d00","otuwacne103957.onmicrosoft.com","Microsoft Defender Vulnerability Management Add-on","83f63db2-c49b-4165-d262-e41c210acd41","Microsoft Defender Vulnerability Management Add-on","Deleted","1","15-05-2026 22:31:32","15-05-2026 00:00:00","14-06-2026 00:00:00","True"
"OTU WA CNE - 103957","a62bd3b3-81da-4d05-849f-7aa531392d00","otuwacne103957.onmicrosoft.com","Microsoft 365 E5 (no Teams)","7f1e086f-da54-493e-c105-8c61be01a1c9","Microsoft 365 E5 (no Teams)","Deleted","1","15-05-2026 21:53:02","15-05-2026 00:00:00","14-06-2026 00:00:00","True"
"OTU WA CNE - 103957","a62bd3b3-81da-4d05-849f-7aa531392d00","otuwacne103957.onmicrosoft.com","Microsoft Entra ID P2","a042ad91-ba92-4ebd-df37-2cadc13f40f2","Microsoft Entra ID P2","Deleted","5","15-05-2026 21:28:59","15-05-2026 00:00:00","14-06-2026 00:00:00","True"
"OTU WA CNE - 103957","a62bd3b3-81da-4d05-849f-7aa531392d00","otuwacne103957.onmicrosoft.com","Azure plan","f4434ae7-3140-4d02-cbe0-a823d6b97afd","Azure plan","Active","1","09-05-2026 10:04:29","09-05-2026 00:00:00","31-12-9999 23:59:59","False"
"OTU WA CNE - 103956","265daf79-065a-4b05-8cff-f07a9c200303","otuwacne103956.onmicrosoft.com","Microsoft Intune Suite","c299830d-26ab-4796-c986-32affb13b1e7","Microsoft Intune Suite","Deleted","2","16-05-2026 09:09:22","16-05-2026 00:00:00","15-06-2026 00:00:00","True"
"OTU WA CNE - 103956","265daf79-065a-4b05-8cff-f07a9c200303","otuwacne103956.onmicrosoft.com","Microsoft Defender Vulnerability Management Add-on","7b932250-4b7d-41e4-d988-03fb5d57ecc9","Microsoft Defender Vulnerability Management Add-on","Deleted","1","15-05-2026 22:31:12","15-05-2026 00:00:00","14-06-2026 00:00:00","True"
"OTU WA CNE - 103956","265daf79-065a-4b05-8cff-f07a9c200303","otuwacne103956.onmicrosoft.com","Microsoft 365 E5 (no Teams)","d9226e3e-6d05-4ca2-dd73-483ec5ed1de1","Microsoft 365 E5 (no Teams)","Deleted","1","15-05-2026 21:52:41","15-05-2026 00:00:00","14-06-2026 00:00:00","True"
"OTU WA CNE - 103956","265daf79-065a-4b05-8cff-f07a9c200303","otuwacne103956.onmicrosoft.com","Microsoft Entra ID P2","a1766678-7081-4278-c4a1-5c35938428c7","Microsoft Entra ID P2","Deleted","5","15-05-2026 21:28:40","15-05-2026 00:00:00","14-06-2026 00:00:00","True"
"OTU WA CNE - 103956","265daf79-065a-4b05-8cff-f07a9c200303","otuwacne103956.onmicrosoft.com","Azure plan","428a9292-0ed1-4e40-df8d-1c8ee41e9cc7","Azure plan","Active","1","09-05-2026 10:00:37","09-05-2026 00:00:00","31-12-9999 23:59:59","False"
"OTU WA CNE - 103955","d9baa514-5975-4392-b08f-664d3c0fea6f","otuwacne103955.onmicrosoft.com","Microsoft 365 E5 (no Teams)","afde5942-80e8-4681-d734-c514f84b5b0a","Microsoft 365 E5 (no Teams)","Active","1","22-05-2026 18:38:55","22-05-2026 00:00:00","21-06-2026 00:00:00","True"
"OTU WA CNE - 103955","d9baa514-5975-4392-b08f-664d3c0fea6f","otuwacne103955.onmicrosoft.com","Microsoft Intune Suite","ccc431b7-23f3-4efc-cc53-caf9f80fb190","Microsoft Intune Suite","Active","1","21-05-2026 20:12:22","21-05-2026 00:00:00","20-06-2026 00:00:00","True"
"OTU WA CNE - 103955","d9baa514-5975-4392-b08f-664d3c0fea6f","otuwacne103955.onmicrosoft.com","Microsoft Defender Vulnerability Management Add-on","5a4f798c-89b1-462d-de91-db6e411a71a8","Microsoft Defender Vulnerability Management Add-on","Active","1","21-05-2026 19:52:03","21-05-2026 00:00:00","20-06-2026 00:00:00","True"
"OTU WA CNE - 103955","d9baa514-5975-4392-b08f-664d3c0fea6f","otuwacne103955.onmicrosoft.com","Microsoft 365 E5 (no Teams)","7b3ad797-d29c-4d80-d087-5322813c8218","Microsoft 365 E5 (no Teams)","Deleted","1","21-05-2026 19:35:33","21-05-2026 00:00:00","20-06-2026 00:00:00","True"
"OTU WA CNE - 103955","d9baa514-5975-4392-b08f-664d3c0fea6f","otuwacne103955.onmicrosoft.com","Microsoft Intune Suite","bd3cd978-f3c9-4118-cb5b-73afebc1c185","Microsoft Intune Suite","Deleted","1","16-05-2026 09:09:03","16-05-2026 00:00:00","15-06-2026 00:00:00","True"
"OTU WA CNE - 103955","d9baa514-5975-4392-b08f-664d3c0fea6f","otuwacne103955.onmicrosoft.com","Microsoft Defender Vulnerability Management Add-on","d00dfb1d-2798-466a-d92f-2404aa722791","Microsoft Defender Vulnerability Management Add-on","Deleted","1","15-05-2026 20:32:53","15-05-2026 00:00:00","14-06-2026 00:00:00","True"
"OTU WA CNE - 103955","d9baa514-5975-4392-b08f-664d3c0fea6f","otuwacne103955.onmicrosoft.com","Microsoft 365 E5 (no Teams)","ebaba55e-550d-437d-d8e8-530c95e9e99c","Microsoft 365 E5 (no Teams)","Deleted","1","15-05-2026 20:27:16","15-05-2026 00:00:00","14-06-2026 00:00:00","True"
"OTU WA CNE - 103955","d9baa514-5975-4392-b08f-664d3c0fea6f","otuwacne103955.onmicrosoft.com","Microsoft Entra ID P2","b78f2214-f7e8-4384-c9c6-50bed3f25304","Microsoft Entra ID P2","Deleted","3","15-05-2026 20:19:20","15-05-2026 00:00:00","14-06-2026 00:00:00","True"
"OTU WA CNE - 103955","d9baa514-5975-4392-b08f-664d3c0fea6f","otuwacne103955.onmicrosoft.com","Azure plan","143ef0d5-1242-49d1-c8ea-ac5a42959424","Azure plan","Active","1","09-05-2026 09:56:41","09-05-2026 00:00:00","31-12-9999 23:59:59","False"
"OTU WA CNE - 103954","7bfbd78a-45a0-4671-a309-c4fb32d5bc5a","otuwacne103954.onmicrosoft.com","Microsoft Intune Suite","d28f3b59-6fa4-488b-cc9e-b00b7f31a43c","Microsoft Intune Suite","Deleted","1","21-05-2026 20:12:04","21-05-2026 00:00:00","20-06-2026 00:00:00","True"
"OTU WA CNE - 103954","7bfbd78a-45a0-4671-a309-c4fb32d5bc5a","otuwacne103954.onmicrosoft.com","Microsoft Defender Vulnerability Management Add-on","11e3b034-2ad0-4f2a-c243-583d4b3e021b","Microsoft Defender Vulnerability Management Add-on","Deleted","1","21-05-2026 19:51:02","21-05-2026 00:00:00","20-06-2026 00:00:00","True"
"OTU WA CNE - 103954","7bfbd78a-45a0-4671-a309-c4fb32d5bc5a","otuwacne103954.onmicrosoft.com","Microsoft 365 E5 (no Teams)","28151160-1ed4-47dd-d63e-809656a3b6d4","Microsoft 365 E5 (no Teams)","Deleted","1","21-05-2026 19:35:03","21-05-2026 00:00:00","20-06-2026 00:00:00","True"
"OTU WA CNE - 103954","7bfbd78a-45a0-4671-a309-c4fb32d5bc5a","otuwacne103954.onmicrosoft.com","Microsoft Intune Suite","b26c822e-9e55-45a1-c9a4-55d101135a88","Microsoft Intune Suite","Deleted","1","16-05-2026 09:08:39","16-05-2026 00:00:00","15-06-2026 00:00:00","True"
"OTU WA CNE - 103954","7bfbd78a-45a0-4671-a309-c4fb32d5bc5a","otuwacne103954.onmicrosoft.com","Microsoft Defender Vulnerability Management Add-on","1c35b1c5-3eec-4609-c835-c0cefeedbe27","Microsoft Defender Vulnerability Management Add-on","Deleted","1","15-05-2026 20:32:37","15-05-2026 00:00:00","14-06-2026 00:00:00","True"
"OTU WA CNE - 103954","7bfbd78a-45a0-4671-a309-c4fb32d5bc5a","otuwacne103954.onmicrosoft.com","Microsoft 365 E5 (no Teams)","be08846d-2d2d-46e1-d966-828d4c04dbb5","Microsoft 365 E5 (no Teams)","Deleted","1","15-05-2026 20:26:58","15-05-2026 00:00:00","14-06-2026 00:00:00","True"
"OTU WA CNE - 103954","7bfbd78a-45a0-4671-a309-c4fb32d5bc5a","otuwacne103954.onmicrosoft.com","Microsoft Entra ID P2","7ad9e757-ef3a-48f9-cb74-011dc990d303","Microsoft Entra ID P2","Deleted","3","15-05-2026 20:18:59","15-05-2026 00:00:00","14-06-2026 00:00:00","True"
"OTU WA CNE - 103954","7bfbd78a-45a0-4671-a309-c4fb32d5bc5a","otuwacne103954.onmicrosoft.com","Azure plan","07475142-9a19-41f5-c60c-a9bc6d6a02ba","Azure plan","Active","1","09-05-2026 09:52:43","09-05-2026 00:00:00","31-12-9999 23:59:59","False"
"OTU WA CNE - 103953","cbbe8e31-df15-4f69-8758-49dd3fc41410","otuwacne103953.onmicrosoft.com","Microsoft Intune Suite","02ba23d5-0578-4d87-d6fc-23b05b5697f2","Microsoft Intune Suite","Deleted","1","16-05-2026 09:08:19","16-05-2026 00:00:00","15-06-2026 00:00:00","True"
"OTU WA CNE - 103953","cbbe8e31-df15-4f69-8758-49dd3fc41410","otuwacne103953.onmicrosoft.com","Microsoft Defender Vulnerability Management Add-on","56520c21-33fd-4a75-d0ea-773c253b57f5","Microsoft Defender Vulnerability Management Add-on","Deleted","1","15-05-2026 20:32:17","15-05-2026 00:00:00","14-06-2026 00:00:00","False"
"OTU WA CNE - 103953","cbbe8e31-df15-4f69-8758-49dd3fc41410","otuwacne103953.onmicrosoft.com","Microsoft 365 E5 (no Teams)","845b9f8a-f24f-45d2-dc15-b2bb6a9d3a38","Microsoft 365 E5 (no Teams)","Deleted","1","15-05-2026 20:26:38","15-05-2026 00:00:00","14-06-2026 00:00:00","False"
"OTU WA CNE - 103953","cbbe8e31-df15-4f69-8758-49dd3fc41410","otuwacne103953.onmicrosoft.com","Microsoft Entra ID P2","bd5918ba-8e4b-4227-c8a4-fd665cb7f7e7","Microsoft Entra ID P2","Deleted","5","15-05-2026 20:18:37","15-05-2026 00:00:00","14-06-2026 00:00:00","False"
"OTU WA CNE - 103953","cbbe8e31-df15-4f69-8758-49dd3fc41410","otuwacne103953.onmicrosoft.com","Azure plan","18700939-bdaf-4dae-c124-91c31970d5d6","Azure plan","Active","1","09-05-2026 09:48:51","09-05-2026 00:00:00","31-12-9999 23:59:59","False"
"OTU WA CNE - 103952","55fdf1aa-ad94-4198-ac1b-68717a4a8fc5","otuwacne103952.onmicrosoft.com","Microsoft Intune Suite","ee6754f0-0fb4-41c0-d8d9-33cd4fb81d12","Microsoft Intune Suite","Deleted","1","16-05-2026 09:07:55","16-05-2026 00:00:00","15-06-2026 00:00:00","True"
"OTU WA CNE - 103952","55fdf1aa-ad94-4198-ac1b-68717a4a8fc5","otuwacne103952.onmicrosoft.com","Microsoft Defender Vulnerability Management Add-on","11d5a8a8-97af-4731-ca79-587095f73e9b","Microsoft Defender Vulnerability Management Add-on","Deleted","1","15-05-2026 20:32:02","15-05-2026 00:00:00","14-06-2026 00:00:00","True"
"OTU WA CNE - 103952","55fdf1aa-ad94-4198-ac1b-68717a4a8fc5","otuwacne103952.onmicrosoft.com","Microsoft 365 E5 (no Teams)","32fefc5d-4a8e-4938-c451-94ba721247e6","Microsoft 365 E5 (no Teams)","Deleted","1","15-05-2026 20:26:17","15-05-2026 00:00:00","14-06-2026 00:00:00","True"
"OTU WA CNE - 103952","55fdf1aa-ad94-4198-ac1b-68717a4a8fc5","otuwacne103952.onmicrosoft.com","Microsoft Entra ID P2","9c79413d-6b96-4550-d9e0-2ab94394543d","Microsoft Entra ID P2","Deleted","3","15-05-2026 20:18:03","15-05-2026 00:00:00","14-06-2026 00:00:00","True"
"OTU WA CNE - 103952","55fdf1aa-ad94-4198-ac1b-68717a4a8fc5","otuwacne103952.onmicrosoft.com","Azure plan","64f3ef4c-7047-4dcc-c774-2005c9fc6c53","Azure plan","Active","1","09-05-2026 09:44:53","09-05-2026 00:00:00","31-12-9999 23:59:59","False"
"OTU WA CNE - 103951","b61fd3b5-554d-4e28-8601-ed0dac162077","otuwacne103951.onmicrosoft.com","Microsoft Intune Suite","028a6e5f-1a3c-4c20-c316-f8633b6860d0","Microsoft Intune Suite","Deleted","1","16-05-2026 09:07:38","16-05-2026 00:00:00","15-06-2026 00:00:00","True"
"OTU WA CNE - 103951","b61fd3b5-554d-4e28-8601-ed0dac162077","otuwacne103951.onmicrosoft.com","Microsoft Defender Vulnerability Management Add-on","577000e9-47c8-4e47-c9bd-f062216d51e6","Microsoft Defender Vulnerability Management Add-on","Deleted","1","15-05-2026 20:31:44","15-05-2026 00:00:00","14-06-2026 00:00:00","True"
"OTU WA CNE - 103951","b61fd3b5-554d-4e28-8601-ed0dac162077","otuwacne103951.onmicrosoft.com","Microsoft 365 E5 (no Teams)","8cad8504-8041-4bac-cbff-45e4905d1d53","Microsoft 365 E5 (no Teams)","Deleted","1","15-05-2026 20:25:58","15-05-2026 00:00:00","14-06-2026 00:00:00","True"
"OTU WA CNE - 103951","b61fd3b5-554d-4e28-8601-ed0dac162077","otuwacne103951.onmicrosoft.com","Microsoft Entra ID P2","2ffa60d0-93a4-47b7-cb22-ffc98d51527c","Microsoft Entra ID P2","Deleted","3","15-05-2026 20:17:46","15-05-2026 00:00:00","14-06-2026 00:00:00","True"
"OTU WA CNE - 103951","b61fd3b5-554d-4e28-8601-ed0dac162077","otuwacne103951.onmicrosoft.com","Azure plan","225fa761-298d-4214-ce68-a386eca6f762","Azure plan","Active","1","09-05-2026 09:41:07","09-05-2026 00:00:00","31-12-9999 23:59:59","False"
"OTU WA CNE - 103950","2c3790df-5ea3-4041-beae-f56d674c9dc6","otuwacne103950.onmicrosoft.com","Microsoft Intune Suite","b824fcea-676c-4e3b-d2ed-b195fa51ec2a","Microsoft Intune Suite","Deleted","2","16-05-2026 09:07:15","16-05-2026 00:00:00","15-06-2026 00:00:00","True"
"OTU WA CNE - 103950","2c3790df-5ea3-4041-beae-f56d674c9dc6","otuwacne103950.onmicrosoft.com","Microsoft Defender Vulnerability Management Add-on","6416819d-69e4-487f-d180-0e9ed72dcde3","Microsoft Defender Vulnerability Management Add-on","Deleted","1","15-05-2026 22:30:30","15-05-2026 00:00:00","14-06-2026 00:00:00","True"
"OTU WA CNE - 103950","2c3790df-5ea3-4041-beae-f56d674c9dc6","otuwacne103950.onmicrosoft.com","Microsoft 365 E5 (no Teams)","c27b46df-73ed-4272-dce5-c122064dea47","Microsoft 365 E5 (no Teams)","Deleted","1","15-05-2026 21:51:58","15-05-2026 00:00:00","14-06-2026 00:00:00","True"
"OTU WA CNE - 103950","2c3790df-5ea3-4041-beae-f56d674c9dc6","otuwacne103950.onmicrosoft.com","Microsoft Entra ID P2","93fceb4e-01e1-4fdf-da4a-4c605f165a2e","Microsoft Entra ID P2","Deleted","5","15-05-2026 21:28:22","15-05-2026 00:00:00","14-06-2026 00:00:00","True"
"OTU WA CNE - 103950","2c3790df-5ea3-4041-beae-f56d674c9dc6","otuwacne103950.onmicrosoft.com","Azure plan","fcc47b18-250d-4e3a-cfe9-99a4febae5e0","Azure plan","Active","1","09-05-2026 09:37:08","09-05-2026 00:00:00","31-12-9999 23:59:59","False"
"OTU WA CNE - 103949","b1ed5703-8bd0-4f81-ae98-ec3ef7c10c27","otuwacne103949.onmicrosoft.com","Microsoft Intune Suite","3e11eaff-ba54-4c99-dc9b-79d144f0dd24","Microsoft Intune Suite","Deleted","1","16-05-2026 09:06:53","16-05-2026 00:00:00","15-06-2026 00:00:00","True"
"OTU WA CNE - 103949","b1ed5703-8bd0-4f81-ae98-ec3ef7c10c27","otuwacne103949.onmicrosoft.com","Microsoft Defender Vulnerability Management Add-on","cf255d00-6e34-4008-c573-137d509f989e","Microsoft Defender Vulnerability Management Add-on","Deleted","1","15-05-2026 20:31:28","15-05-2026 00:00:00","14-06-2026 00:00:00","True"
"OTU WA CNE - 103949","b1ed5703-8bd0-4f81-ae98-ec3ef7c10c27","otuwacne103949.onmicrosoft.com","Microsoft 365 E5 (no Teams)","75fadc1d-7b35-4d96-d7b6-1c710110fae4","Microsoft 365 E5 (no Teams)","Deleted","1","15-05-2026 20:25:36","15-05-2026 00:00:00","14-06-2026 00:00:00","True"
"OTU WA CNE - 103949","b1ed5703-8bd0-4f81-ae98-ec3ef7c10c27","otuwacne103949.onmicrosoft.com","Microsoft Entra ID P2","aed17452-7282-470a-c217-5ad1c3138f03","Microsoft Entra ID P2","Deleted","3","15-05-2026 20:14:49","15-05-2026 00:00:00","14-06-2026 00:00:00","True"
"OTU WA CNE - 103949","b1ed5703-8bd0-4f81-ae98-ec3ef7c10c27","otuwacne103949.onmicrosoft.com","Azure plan","56de2357-fb22-4616-d4cd-88abe6242ca5","Azure plan","Active","1","09-05-2026 09:33:11","09-05-2026 00:00:00","31-12-9999 23:59:59","False"
"OTU WA CNE - 103948","df7d81ec-95e7-47d4-9ed0-0d73ab04e3d0","otuwacne103948.onmicrosoft.com","Microsoft Intune Suite","6c426314-9ef4-4b97-dbae-3291ad504812","Microsoft Intune Suite","Deleted","1","16-05-2026 09:06:31","16-05-2026 00:00:00","15-06-2026 00:00:00","True"
"OTU WA CNE - 103948","df7d81ec-95e7-47d4-9ed0-0d73ab04e3d0","otuwacne103948.onmicrosoft.com","Microsoft Defender Vulnerability Management Add-on","2cc39efe-663b-40ff-d414-2d91400387ed","Microsoft Defender Vulnerability Management Add-on","Deleted","1","15-05-2026 20:22:47","15-05-2026 00:00:00","14-06-2026 00:00:00","True"
"OTU WA CNE - 103948","df7d81ec-95e7-47d4-9ed0-0d73ab04e3d0","otuwacne103948.onmicrosoft.com","Microsoft 365 E5 (no Teams)","ce06f706-432c-44c0-cd6a-e406287037ce","Microsoft 365 E5 (no Teams)","Deleted","1","15-05-2026 20:18:41","15-05-2026 00:00:00","14-06-2026 00:00:00","True"
"OTU WA CNE - 103948","df7d81ec-95e7-47d4-9ed0-0d73ab04e3d0","otuwacne103948.onmicrosoft.com","Microsoft Entra ID P2","31b8e8e8-53ee-49b1-cb56-276c62585783","Microsoft Entra ID P2","Deleted","3","15-05-2026 20:14:33","15-05-2026 00:00:00","14-06-2026 00:00:00","True"
"OTU WA CNE - 103948","df7d81ec-95e7-47d4-9ed0-0d73ab04e3d0","otuwacne103948.onmicrosoft.com","Azure plan","024be6f1-0ac9-47d2-d9f5-8ed5654b9904","Azure plan","Active","1","09-05-2026 09:29:12","09-05-2026 00:00:00","31-12-9999 23:59:59","False"
"OTU WA CNE - 103947","76b4a96c-05d0-488d-9d65-d2f2c903dff6","otuwacne103947.onmicrosoft.com","Microsoft Intune Suite","1561597f-b08e-4697-cd98-f4a0cdc0b534","Microsoft Intune Suite","Deleted","2","16-05-2026 09:06:08","16-05-2026 00:00:00","15-06-2026 00:00:00","True"
"OTU WA CNE - 103947","76b4a96c-05d0-488d-9d65-d2f2c903dff6","otuwacne103947.onmicrosoft.com","Microsoft Defender Vulnerability Management Add-on","cfd87b44-4829-4e7c-d3b9-95897e28c83a","Microsoft Defender Vulnerability Management Add-on","Deleted","1","15-05-2026 22:30:01","15-05-2026 00:00:00","14-06-2026 00:00:00","True"
"OTU WA CNE - 103947","76b4a96c-05d0-488d-9d65-d2f2c903dff6","otuwacne103947.onmicrosoft.com","Microsoft 365 E5 (no Teams)","b8411708-45b7-485b-d6a9-999315c1f1b0","Microsoft 365 E5 (no Teams)","Deleted","1","15-05-2026 21:51:35","15-05-2026 00:00:00","14-06-2026 00:00:00","True"
"OTU WA CNE - 103947","76b4a96c-05d0-488d-9d65-d2f2c903dff6","otuwacne103947.onmicrosoft.com","Microsoft Entra ID P2","9c820ee1-6582-4a6e-dc85-c516cf16e40e","Microsoft Entra ID P2","Deleted","5","15-05-2026 21:28:02","15-05-2026 00:00:00","14-06-2026 00:00:00","True"
"OTU WA CNE - 103947","76b4a96c-05d0-488d-9d65-d2f2c903dff6","otuwacne103947.onmicrosoft.com","Azure plan","cfca99e6-8e31-4ace-d988-3c4eccc7fc99","Azure plan","Active","1","09-05-2026 09:25:23","09-05-2026 00:00:00","31-12-9999 23:59:59","False"
"OTU WA CNE - 103946","ce2d853e-7aa7-4c09-9d3c-3ba7db826653","otuwacne103946.onmicrosoft.com","Microsoft Intune Suite","f373845c-fc91-4fb7-d949-5d5aeba00937","Microsoft Intune Suite","Deleted","2","16-05-2026 09:05:48","16-05-2026 00:00:00","15-06-2026 00:00:00","True"
"OTU WA CNE - 103946","ce2d853e-7aa7-4c09-9d3c-3ba7db826653","otuwacne103946.onmicrosoft.com","Microsoft Defender Vulnerability Management Add-on","ba3dff6e-b5ee-49d9-c5c2-a12b3b69eada","Microsoft Defender Vulnerability Management Add-on","Deleted","1","15-05-2026 22:29:41","15-05-2026 00:00:00","14-06-2026 00:00:00","True"
"OTU WA CNE - 103946","ce2d853e-7aa7-4c09-9d3c-3ba7db826653","otuwacne103946.onmicrosoft.com","Microsoft 365 E5 (no Teams)","6705bd09-f4f8-4528-c59a-f28501e70baa","Microsoft 365 E5 (no Teams)","Deleted","1","15-05-2026 21:51:15","15-05-2026 00:00:00","14-06-2026 00:00:00","True"
"OTU WA CNE - 103946","ce2d853e-7aa7-4c09-9d3c-3ba7db826653","otuwacne103946.onmicrosoft.com","Microsoft Entra ID P2","9b96f0ab-6d15-47c1-d69c-d46e0c1692ba","Microsoft Entra ID P2","Deleted","5","15-05-2026 21:27:40","15-05-2026 00:00:00","14-06-2026 00:00:00","True"
"OTU WA CNE - 103946","ce2d853e-7aa7-4c09-9d3c-3ba7db826653","otuwacne103946.onmicrosoft.com","Azure plan","90693d97-ae5b-456a-c2ae-27734a09a1bc","Azure plan","Active","1","09-05-2026 09:21:29","09-05-2026 00:00:00","31-12-9999 23:59:59","False"
"OTU WA CNE - 103945","65b6c862-abe8-4775-bf1b-f04512114af1","otuwacne103945.onmicrosoft.com","Microsoft Intune Suite","923d4f23-3b98-4355-d20e-b5d3529958a6","Microsoft Intune Suite","Deleted","1","16-05-2026 09:05:29","16-05-2026 00:00:00","15-06-2026 00:00:00","True"
"OTU WA CNE - 103945","65b6c862-abe8-4775-bf1b-f04512114af1","otuwacne103945.onmicrosoft.com","Microsoft Defender Vulnerability Management Add-on","47258d04-d16c-474e-c13f-7d2f0b5744fb","Microsoft Defender Vulnerability Management Add-on","Deleted","1","15-05-2026 20:22:32","15-05-2026 00:00:00","14-06-2026 00:00:00","True"
"OTU WA CNE - 103945","65b6c862-abe8-4775-bf1b-f04512114af1","otuwacne103945.onmicrosoft.com","Microsoft 365 E5 (no Teams)","936f601a-3436-4540-c107-dab612e80489","Microsoft 365 E5 (no Teams)","Deleted","1","15-05-2026 20:18:23","15-05-2026 00:00:00","14-06-2026 00:00:00","True"
"OTU WA CNE - 103945","65b6c862-abe8-4775-bf1b-f04512114af1","otuwacne103945.onmicrosoft.com","Microsoft Entra ID P2","c3e34edb-5057-4550-df74-24a58a99abb0","Microsoft Entra ID P2","Deleted","5","15-05-2026 20:14:11","15-05-2026 00:00:00","14-06-2026 00:00:00","True"
"OTU WA CNE - 103945","65b6c862-abe8-4775-bf1b-f04512114af1","otuwacne103945.onmicrosoft.com","Azure plan","99d0b790-042f-44ac-d812-77956b756757","Azure plan","Active","1","09-05-2026 09:17:36","09-05-2026 00:00:00","31-12-9999 23:59:59","False"
"OTU WA CNE - 103944","d5a924ac-62cb-4f91-9584-8ad2ab51ee51","otuwacne103944.onmicrosoft.com","Microsoft Intune Suite","5d359873-d580-4b80-dfa6-c1309e660071","Microsoft Intune Suite","Deleted","1","16-05-2026 09:05:12","16-05-2026 00:00:00","15-06-2026 00:00:00","True"
"OTU WA CNE - 103944","d5a924ac-62cb-4f91-9584-8ad2ab51ee51","otuwacne103944.onmicrosoft.com","Microsoft Defender Vulnerability Management Add-on","61da1a13-34cb-4799-deae-c43591c1e445","Microsoft Defender Vulnerability Management Add-on","Deleted","1","15-05-2026 20:22:15","15-05-2026 00:00:00","14-06-2026 00:00:00","True"
"OTU WA CNE - 103944","d5a924ac-62cb-4f91-9584-8ad2ab51ee51","otuwacne103944.onmicrosoft.com","Microsoft 365 E5 (no Teams)","1cedd5d9-db34-4ba2-c1cd-19ac4bf8d2c0","Microsoft 365 E5 (no Teams)","Deleted","1","15-05-2026 20:18:03","15-05-2026 00:00:00","14-06-2026 00:00:00","True"
"OTU WA CNE - 103944","d5a924ac-62cb-4f91-9584-8ad2ab51ee51","otuwacne103944.onmicrosoft.com","Microsoft Entra ID P2","338115a6-d9b2-49e6-da4d-2fc79db37165","Microsoft Entra ID P2","Deleted","3","15-05-2026 20:13:26","15-05-2026 00:00:00","14-06-2026 00:00:00","True"
"OTU WA CNE - 103944","d5a924ac-62cb-4f91-9584-8ad2ab51ee51","otuwacne103944.onmicrosoft.com","Azure plan","bd8c9738-8c61-47b1-d8c9-ee69bae1028c","Azure plan","Active","1","09-05-2026 09:13:39","09-05-2026 00:00:00","31-12-9999 23:59:59","False"
"OTU WA CNE - 103943","d3a9e600-4ed8-451a-80b3-31db1ea4eaa1","otuwacne103943.onmicrosoft.com","Microsoft Intune Suite","1906936c-b379-4479-cd7d-dd0bbf8c9ed9","Microsoft Intune Suite","Deleted","1","16-05-2026 09:04:54","16-05-2026 00:00:00","15-06-2026 00:00:00","True"
"OTU WA CNE - 103943","d3a9e600-4ed8-451a-80b3-31db1ea4eaa1","otuwacne103943.onmicrosoft.com","Microsoft Defender Vulnerability Management Add-on","0a34abdb-5054-41e6-d0bc-9f35e1454704","Microsoft Defender Vulnerability Management Add-on","Deleted","1","15-05-2026 20:21:56","15-05-2026 00:00:00","14-06-2026 00:00:00","True"
"OTU WA CNE - 103943","d3a9e600-4ed8-451a-80b3-31db1ea4eaa1","otuwacne103943.onmicrosoft.com","Microsoft 365 E5 (no Teams)","a1c34f12-b54b-46cb-cdde-d7a5d09b4c36","Microsoft 365 E5 (no Teams)","Deleted","1","15-05-2026 20:17:42","15-05-2026 00:00:00","14-06-2026 00:00:00","True"
"OTU WA CNE - 103943","d3a9e600-4ed8-451a-80b3-31db1ea4eaa1","otuwacne103943.onmicrosoft.com","Microsoft Entra ID P2","cce7187a-c628-4b0d-c6d4-2e62e943b1d4","Microsoft Entra ID P2","Deleted","3","15-05-2026 20:12:54","15-05-2026 00:00:00","14-06-2026 00:00:00","True"
"OTU WA CNE - 103943","d3a9e600-4ed8-451a-80b3-31db1ea4eaa1","otuwacne103943.onmicrosoft.com","Azure plan","95560f2a-edc5-4e59-c5a1-ba0156930e04","Azure plan","Active","1","09-05-2026 09:09:43","09-05-2026 00:00:00","31-12-9999 23:59:59","False"
"OTU WA CNE - 103942","94906fc2-483b-4986-b9d9-60ba8aa3ad65","otuwacne103942.onmicrosoft.com","Microsoft Intune Suite","946bcc3c-edcb-4a87-d65f-160f72368954","Microsoft Intune Suite","Deleted","1","16-05-2026 09:04:35","16-05-2026 00:00:00","15-06-2026 00:00:00","True"
"OTU WA CNE - 103942","94906fc2-483b-4986-b9d9-60ba8aa3ad65","otuwacne103942.onmicrosoft.com","Microsoft Defender Vulnerability Management Add-on","a1b8bff9-1749-4ae4-c55a-8d025cc88869","Microsoft Defender Vulnerability Management Add-on","Deleted","1","15-05-2026 20:21:38","15-05-2026 00:00:00","14-06-2026 00:00:00","True"
"OTU WA CNE - 103942","94906fc2-483b-4986-b9d9-60ba8aa3ad65","otuwacne103942.onmicrosoft.com","Microsoft 365 E5 (no Teams)","130eff20-0b90-4e9b-c746-bc1b60455af2","Microsoft 365 E5 (no Teams)","Deleted","1","15-05-2026 20:17:26","15-05-2026 00:00:00","14-06-2026 00:00:00","True"
"OTU WA CNE - 103942","94906fc2-483b-4986-b9d9-60ba8aa3ad65","otuwacne103942.onmicrosoft.com","Microsoft Entra ID P2","a8ee43be-0e64-4786-cdb8-39f6f5fa39fe","Microsoft Entra ID P2","Deleted","3","15-05-2026 20:13:44","15-05-2026 00:00:00","14-06-2026 00:00:00","True"
"OTU WA CNE - 103942","94906fc2-483b-4986-b9d9-60ba8aa3ad65","otuwacne103942.onmicrosoft.com","Azure plan","709b079c-edd5-42bd-d132-28946837ff1d","Azure plan","Active","1","09-05-2026 09:05:50","09-05-2026 00:00:00","31-12-9999 23:59:59","False"
"OTU WA CNE - 103941","f4527b2e-cdb1-4957-86b4-1f50ac972841","otuwacne103941.onmicrosoft.com","Microsoft Intune Suite","681825a9-ef8c-443e-ddba-33fb55d58972","Microsoft Intune Suite","Deleted","1","16-05-2026 08:25:29","16-05-2026 00:00:00","15-06-2026 00:00:00","True"
"OTU WA CNE - 103941","f4527b2e-cdb1-4957-86b4-1f50ac972841","otuwacne103941.onmicrosoft.com","Microsoft Defender Vulnerability Management Add-on","f471c742-dea6-484b-c08d-d43d2fe5ce09","Microsoft Defender Vulnerability Management Add-on","Deleted","1","15-05-2026 20:21:19","15-05-2026 00:00:00","14-06-2026 00:00:00","True"
"OTU WA CNE - 103941","f4527b2e-cdb1-4957-86b4-1f50ac972841","otuwacne103941.onmicrosoft.com","Microsoft 365 E5 (no Teams)","b191a668-5239-4084-d299-50095f0c07f3","Microsoft 365 E5 (no Teams)","Deleted","1","15-05-2026 20:17:07","15-05-2026 00:00:00","14-06-2026 00:00:00","True"
"OTU WA CNE - 103941","f4527b2e-cdb1-4957-86b4-1f50ac972841","otuwacne103941.onmicrosoft.com","Microsoft Entra ID P2","accf7b6f-6579-463b-d3b3-e6c3cc2e8c99","Microsoft Entra ID P2","Deleted","3","15-05-2026 20:12:04","15-05-2026 00:00:00","14-06-2026 00:00:00","True"
"OTU WA CNE - 103941","f4527b2e-cdb1-4957-86b4-1f50ac972841","otuwacne103941.onmicrosoft.com","Azure plan","fbb45df8-ad07-4556-cfc9-9a31706602db","Azure plan","Active","1","09-05-2026 09:01:48","09-05-2026 00:00:00","31-12-9999 23:59:59","False"
"OTU WA CNE - 103940","2b455926-da39-4cae-b189-fac4ed293f80","otuwacne103940.onmicrosoft.com","Microsoft Intune Suite","99d41d29-a512-46d2-c40b-7158aa9e84d5","Microsoft Intune Suite","Deleted","1","16-05-2026 08:25:02","16-05-2026 00:00:00","15-06-2026 00:00:00","True"
"OTU WA CNE - 103940","2b455926-da39-4cae-b189-fac4ed293f80","otuwacne103940.onmicrosoft.com","Microsoft Defender Vulnerability Management Add-on","fd72c24f-f885-4e83-dfb7-9209be0223e1","Microsoft Defender Vulnerability Management Add-on","Deleted","1","15-05-2026 20:20:58","15-05-2026 00:00:00","14-06-2026 00:00:00","True"
"OTU WA CNE - 103940","2b455926-da39-4cae-b189-fac4ed293f80","otuwacne103940.onmicrosoft.com","Microsoft 365 E5 (no Teams)","7a5b132f-3c11-492c-cdf1-8d8810be381c","Microsoft 365 E5 (no Teams)","Deleted","1","15-05-2026 20:16:45","15-05-2026 00:00:00","14-06-2026 00:00:00","True"
"OTU WA CNE - 103940","2b455926-da39-4cae-b189-fac4ed293f80","otuwacne103940.onmicrosoft.com","Microsoft Entra ID P2","74768bd4-d585-4c0e-cc06-730794aaf9c9","Microsoft Entra ID P2","Deleted","3","15-05-2026 20:11:46","15-05-2026 00:00:00","14-06-2026 00:00:00","True"
"OTU WA CNE - 103940","2b455926-da39-4cae-b189-fac4ed293f80","otuwacne103940.onmicrosoft.com","Azure plan","decfbd8f-bea8-4a4b-ccf2-8db511140ac2","Azure plan","Active","1","08-05-2026 19:09:28","08-05-2026 00:00:00","31-12-9999 23:59:59","False"
"OTU WA CNE - 103939","0ad6b347-2740-4979-af96-63127115f165","otuwacne103939.onmicrosoft.com","Microsoft Intune Suite","40c21b59-536b-43ab-cfb1-0274222601f0","Microsoft Intune Suite","Deleted","1","16-05-2026 09:04:03","16-05-2026 00:00:00","15-06-2026 00:00:00","True"
"OTU WA CNE - 103939","0ad6b347-2740-4979-af96-63127115f165","otuwacne103939.onmicrosoft.com","Microsoft Defender Vulnerability Management Add-on","527c2ef1-ce70-4dad-c3bc-ba3007c555d1","Microsoft Defender Vulnerability Management Add-on","Deleted","1","15-05-2026 20:20:33","15-05-2026 00:00:00","14-06-2026 00:00:00","True"
"OTU WA CNE - 103939","0ad6b347-2740-4979-af96-63127115f165","otuwacne103939.onmicrosoft.com","Microsoft 365 E5 (no Teams)","69ee9d37-5a5c-4e3f-de3a-36054bcba9a5","Microsoft 365 E5 (no Teams)","Deleted","1","15-05-2026 20:16:25","15-05-2026 00:00:00","14-06-2026 00:00:00","True"
"OTU WA CNE - 103939","0ad6b347-2740-4979-af96-63127115f165","otuwacne103939.onmicrosoft.com","Microsoft Entra ID P2","8c5cb4bf-d7bc-48bc-c3d7-77ec065182e7","Microsoft Entra ID P2","Deleted","3","15-05-2026 20:07:11","15-05-2026 00:00:00","14-06-2026 00:00:00","True"
"OTU WA CNE - 103939","0ad6b347-2740-4979-af96-63127115f165","otuwacne103939.onmicrosoft.com","Azure plan","37a0c40a-ecb1-4881-d4be-4ccc82c520dd","Azure plan","Active","1","08-05-2026 19:05:24","08-05-2026 00:00:00","31-12-9999 23:59:59","False"
"OTU WA CNE - 103938","6a55c4e8-7a10-4373-bec5-e132a847a54b","otuwacne103938.onmicrosoft.com","Microsoft Intune Suite","f5fb5dd9-a79f-4210-c346-45f51a61195e","Microsoft Intune Suite","Deleted","1","16-05-2026 09:03:38","16-05-2026 00:00:00","15-06-2026 00:00:00","True"
"OTU WA CNE - 103938","6a55c4e8-7a10-4373-bec5-e132a847a54b","otuwacne103938.onmicrosoft.com","Microsoft Defender Vulnerability Management Add-on","53cac899-5716-458d-cef3-8a80896ed9d2","Microsoft Defender Vulnerability Management Add-on","Deleted","1","15-05-2026 20:14:05","15-05-2026 00:00:00","14-06-2026 00:00:00","True"
"OTU WA CNE - 103938","6a55c4e8-7a10-4373-bec5-e132a847a54b","otuwacne103938.onmicrosoft.com","Microsoft 365 E5 (no Teams)","60387936-e0ca-4abe-d6bc-fb569b8a9dc5","Microsoft 365 E5 (no Teams)","Deleted","1","15-05-2026 20:10:45","15-05-2026 00:00:00","14-06-2026 00:00:00","True"
"OTU WA CNE - 103938","6a55c4e8-7a10-4373-bec5-e132a847a54b","otuwacne103938.onmicrosoft.com","Microsoft Entra ID P2","222d7b49-1333-420e-c0cd-9d8fe1bdfa5b","Microsoft Entra ID P2","Deleted","3","15-05-2026 20:06:27","15-05-2026 00:00:00","14-06-2026 00:00:00","True"
"OTU WA CNE - 103938","6a55c4e8-7a10-4373-bec5-e132a847a54b","otuwacne103938.onmicrosoft.com","Azure plan","d3cb2ddf-c95f-4aac-d82a-98181ce4f16b","Azure plan","Active","1","08-05-2026 19:01:28","08-05-2026 00:00:00","31-12-9999 23:59:59","False"
"OTU WA CNE - 103937","91be7a1f-489d-411b-b325-6057a9c36c70","otuwacne103937.onmicrosoft.com","Microsoft Intune Suite","91f1eaab-e569-47df-d7a6-85c5ec45b8ec","Microsoft Intune Suite","Deleted","1","16-05-2026 09:03:15","16-05-2026 00:00:00","15-06-2026 00:00:00","True"
"OTU WA CNE - 103937","91be7a1f-489d-411b-b325-6057a9c36c70","otuwacne103937.onmicrosoft.com","Microsoft Defender Vulnerability Management Add-on","c8f0bf35-2a60-46a4-d86e-e710dfd98c7b","Microsoft Defender Vulnerability Management Add-on","Deleted","1","15-05-2026 22:29:01","15-05-2026 00:00:00","14-06-2026 00:00:00","True"
"OTU WA CNE - 103937","91be7a1f-489d-411b-b325-6057a9c36c70","otuwacne103937.onmicrosoft.com","Microsoft 365 E5 (no Teams)","b58c9f26-04d5-434f-ce3d-dbad0ebd6b75","Microsoft 365 E5 (no Teams)","Deleted","1","15-05-2026 21:50:21","15-05-2026 00:00:00","14-06-2026 00:00:00","True"
"OTU WA CNE - 103937","91be7a1f-489d-411b-b325-6057a9c36c70","otuwacne103937.onmicrosoft.com","Microsoft Entra ID P2","8fc0f0f6-522d-4bf3-c9e4-2d14a2ce089e","Microsoft Entra ID P2","Deleted","5","15-05-2026 21:27:20","15-05-2026 00:00:00","14-06-2026 00:00:00","True"
"OTU WA CNE - 103937","91be7a1f-489d-411b-b325-6057a9c36c70","otuwacne103937.onmicrosoft.com","Azure plan","a3e450a5-c2e2-4768-cc7d-8c67a5ad9832","Azure plan","Active","1","08-05-2026 18:57:07","08-05-2026 00:00:00","31-12-9999 23:59:59","False"
"OTU WA CNE - 103936","76dba37f-9699-4885-b9d9-ed852ae5f835","otuwacne103936.onmicrosoft.com","Microsoft Intune Suite","faa31cd5-4d00-46a3-c7af-50d4c22bb564","Microsoft Intune Suite","Deleted","1","16-05-2026 08:26:20","16-05-2026 00:00:00","15-06-2026 00:00:00","True"
"OTU WA CNE - 103936","76dba37f-9699-4885-b9d9-ed852ae5f835","otuwacne103936.onmicrosoft.com","Microsoft Defender Vulnerability Management Add-on","33149e4d-ab35-44fb-c1b6-d702393a8b2d","Microsoft Defender Vulnerability Management Add-on","Deleted","1","15-05-2026 20:13:44","15-05-2026 00:00:00","14-06-2026 00:00:00","True"
"OTU WA CNE - 103936","76dba37f-9699-4885-b9d9-ed852ae5f835","otuwacne103936.onmicrosoft.com","Microsoft 365 E5 (no Teams)","c025a60e-d008-4fbc-d686-e3a8742e5c88","Microsoft 365 E5 (no Teams)","Deleted","1","15-05-2026 20:10:28","15-05-2026 00:00:00","14-06-2026 00:00:00","True"
"OTU WA CNE - 103936","76dba37f-9699-4885-b9d9-ed852ae5f835","otuwacne103936.onmicrosoft.com","Microsoft Entra ID P2","930faba7-49ad-4b72-dd6d-0cd138e5cad8","Microsoft Entra ID P2","Deleted","3","15-05-2026 20:06:05","15-05-2026 00:00:00","14-06-2026 00:00:00","True"
"OTU WA CNE - 103936","76dba37f-9699-4885-b9d9-ed852ae5f835","otuwacne103936.onmicrosoft.com","Azure plan","8146bdff-6cd7-49c9-d47b-a33812dfaedf","Azure plan","Active","1","08-05-2026 18:53:10","08-05-2026 00:00:00","31-12-9999 23:59:59","False"
"OTU WA CNE - 103935","d4832ddc-1212-49ce-bee5-a93fca8040c5","otuwacne103935.onmicrosoft.com","Microsoft Intune Suite","e8511a9e-6813-4bce-c78c-832add3c950d","Microsoft Intune Suite","Deleted","1","16-05-2026 09:02:47","16-05-2026 00:00:00","15-06-2026 00:00:00","True"
"OTU WA CNE - 103935","d4832ddc-1212-49ce-bee5-a93fca8040c5","otuwacne103935.onmicrosoft.com","Microsoft Defender Vulnerability Management Add-on","79b2afd2-adfc-4951-ddff-474ac78a8ac3","Microsoft Defender Vulnerability Management Add-on","Deleted","1","15-05-2026 20:13:26","15-05-2026 00:00:00","14-06-2026 00:00:00","True"
"OTU WA CNE - 103935","d4832ddc-1212-49ce-bee5-a93fca8040c5","otuwacne103935.onmicrosoft.com","Microsoft 365 E5 (no Teams)","af618bb2-d531-4efd-cdfd-cc2382946b6d","Microsoft 365 E5 (no Teams)","Deleted","1","15-05-2026 20:10:09","15-05-2026 00:00:00","14-06-2026 00:00:00","True"
"OTU WA CNE - 103935","d4832ddc-1212-49ce-bee5-a93fca8040c5","otuwacne103935.onmicrosoft.com","Microsoft Entra ID P2","d6cd731d-2cfb-43c9-cf00-89927f467e49","Microsoft Entra ID P2","Deleted","3","15-05-2026 20:05:45","15-05-2026 00:00:00","14-06-2026 00:00:00","True"
"OTU WA CNE - 103935","d4832ddc-1212-49ce-bee5-a93fca8040c5","otuwacne103935.onmicrosoft.com","Azure plan","81dac2a7-527e-43e8-c908-d70adce81e82","Azure plan","Active","1","08-05-2026 18:48:49","08-05-2026 00:00:00","31-12-9999 23:59:59","False"
"OTU WA CNE - 103934","c082ef81-04c3-40da-acb3-acc206ff1210","otuwacne103934.onmicrosoft.com","Microsoft Intune Suite","5d323273-072a-4a62-cf41-b85527f4889c","Microsoft Intune Suite","Active","1","22-05-2026 02:37:07","22-05-2026 00:00:00","21-06-2026 00:00:00","True"
"OTU WA CNE - 103934","c082ef81-04c3-40da-acb3-acc206ff1210","otuwacne103934.onmicrosoft.com","Microsoft Intune Suite","cff0a636-ddfc-472c-caf5-e57bd90ef81b","Microsoft Intune Suite","Deleted","1","16-05-2026 09:02:25","16-05-2026 00:00:00","15-06-2026 00:00:00","True"
"OTU WA CNE - 103934","c082ef81-04c3-40da-acb3-acc206ff1210","otuwacne103934.onmicrosoft.com","Microsoft Defender Vulnerability Management Add-on","1b44cc85-3823-4b49-c0af-ed2ce91b96d1","Microsoft Defender Vulnerability Management Add-on","Deleted","1","15-05-2026 20:13:10","15-05-2026 00:00:00","14-06-2026 00:00:00","True"
"OTU WA CNE - 103934","c082ef81-04c3-40da-acb3-acc206ff1210","otuwacne103934.onmicrosoft.com","Microsoft 365 E5 (no Teams)","c4f11f7b-dc25-45b0-dc35-3af635022aad","Microsoft 365 E5 (no Teams)","Deleted","1","15-05-2026 20:09:53","15-05-2026 00:00:00","14-06-2026 00:00:00","True"
"OTU WA CNE - 103934","c082ef81-04c3-40da-acb3-acc206ff1210","otuwacne103934.onmicrosoft.com","Microsoft Entra ID P2","9430ea14-faff-42f4-d38a-0274e00b3795","Microsoft Entra ID P2","Deleted","3","15-05-2026 20:05:25","15-05-2026 00:00:00","14-06-2026 00:00:00","True"
"OTU WA CNE - 103934","c082ef81-04c3-40da-acb3-acc206ff1210","otuwacne103934.onmicrosoft.com","Azure plan","353b5770-e5e2-4fd6-d5d3-335c8ce6fe8d","Azure plan","Active","1","08-05-2026 18:44:52","08-05-2026 00:00:00","31-12-9999 23:59:59","False"
"OTU WA CNE - 103933","cdb32e64-7227-4c22-8533-93ab591d62e0","otuwacne103933.onmicrosoft.com","Microsoft Intune Suite","701ac218-0e7c-4c97-c2b5-10cad4930483","Microsoft Intune Suite","Active","1","22-05-2026 02:36:40","22-05-2026 00:00:00","21-06-2026 00:00:00","True"
"OTU WA CNE - 103933","cdb32e64-7227-4c22-8533-93ab591d62e0","otuwacne103933.onmicrosoft.com","Microsoft Intune Suite","6d44569c-0c21-4562-cfbb-86d09a7173b1","Microsoft Intune Suite","Deleted","1","16-05-2026 08:25:55","16-05-2026 00:00:00","15-06-2026 00:00:00","True"
"OTU WA CNE - 103933","cdb32e64-7227-4c22-8533-93ab591d62e0","otuwacne103933.onmicrosoft.com","Microsoft Defender Vulnerability Management Add-on","ca3d278f-0de3-4395-c670-68f1c377064c","Microsoft Defender Vulnerability Management Add-on","Deleted","1","15-05-2026 20:12:54","15-05-2026 00:00:00","14-06-2026 00:00:00","True"
"OTU WA CNE - 103933","cdb32e64-7227-4c22-8533-93ab591d62e0","otuwacne103933.onmicrosoft.com","Microsoft 365 E5 (no Teams)","ea062999-b6be-4604-d660-b9279d819c96","Microsoft 365 E5 (no Teams)","Deleted","1","15-05-2026 20:09:33","15-05-2026 00:00:00","14-06-2026 00:00:00","True"
"OTU WA CNE - 103933","cdb32e64-7227-4c22-8533-93ab591d62e0","otuwacne103933.onmicrosoft.com","Microsoft Entra ID P2","80f02e51-24e9-4c7e-c684-d8656ee77e06","Microsoft Entra ID P2","Deleted","3","15-05-2026 20:03:04","15-05-2026 00:00:00","14-06-2026 00:00:00","True"
"OTU WA CNE - 103933","cdb32e64-7227-4c22-8533-93ab591d62e0","otuwacne103933.onmicrosoft.com","Azure plan","99d437c8-a397-4e53-d716-23ceed685ed4","Azure plan","Active","1","08-05-2026 18:40:49","08-05-2026 00:00:00","31-12-9999 23:59:59","False"
"OTU WA CNE - 103932","508cf1ab-b621-4af2-83a9-c7b3905126a3","otuwacne103932.onmicrosoft.com","Microsoft Intune Suite","7efb9437-836c-422c-d3e1-0e0f7981ffa0","Microsoft Intune Suite","Active","1","22-05-2026 02:36:21","22-05-2026 00:00:00","21-06-2026 00:00:00","True"
"OTU WA CNE - 103932","508cf1ab-b621-4af2-83a9-c7b3905126a3","otuwacne103932.onmicrosoft.com","Microsoft Defender Vulnerability Management Add-on","538714f1-179d-4c11-c268-e9cdf77c41bd","Microsoft Defender Vulnerability Management Add-on","Active","1","22-05-2026 02:24:40","22-05-2026 00:00:00","21-06-2026 00:00:00","True"
"OTU WA CNE - 103932","508cf1ab-b621-4af2-83a9-c7b3905126a3","otuwacne103932.onmicrosoft.com","Microsoft Intune Suite","8ce6aedc-e5d1-4278-c4f2-e817357fb48c","Microsoft Intune Suite","Deleted","1","16-05-2026 09:02:02","16-05-2026 00:00:00","15-06-2026 00:00:00","True"
"OTU WA CNE - 103932","508cf1ab-b621-4af2-83a9-c7b3905126a3","otuwacne103932.onmicrosoft.com","Microsoft Defender Vulnerability Management Add-on","ee421b55-f31d-4f0a-dc72-f5d3c8c5ad76","Microsoft Defender Vulnerability Management Add-on","Deleted","1","15-05-2026 20:12:40","15-05-2026 00:00:00","14-06-2026 00:00:00","True"
"OTU WA CNE - 103932","508cf1ab-b621-4af2-83a9-c7b3905126a3","otuwacne103932.onmicrosoft.com","Microsoft 365 E5 (no Teams)","3e6c0878-432b-4647-c10d-1d3cdbfb8c2c","Microsoft 365 E5 (no Teams)","Deleted","1","15-05-2026 20:09:14","15-05-2026 00:00:00","14-06-2026 00:00:00","True"
"OTU WA CNE - 103932","508cf1ab-b621-4af2-83a9-c7b3905126a3","otuwacne103932.onmicrosoft.com","Microsoft Entra ID P2","25d37ca8-d39b-4fb9-d5f4-7af9eadbaf33","Microsoft Entra ID P2","Deleted","3","15-05-2026 20:02:41","15-05-2026 00:00:00","14-06-2026 00:00:00","True"
"OTU WA CNE - 103932","508cf1ab-b621-4af2-83a9-c7b3905126a3","otuwacne103932.onmicrosoft.com","Azure plan","b379170a-cb99-42eb-c4da-b05adc650f62","Azure plan","Active","1","08-05-2026 18:36:53","08-05-2026 00:00:00","31-12-9999 23:59:59","False"
"OTU WA CNE - 103931","7fe98fbc-d0f4-4922-b365-4834e69463a9","otuwacne103931.onmicrosoft.com","Microsoft Intune Suite","6564b9ca-db02-4a96-dd19-d67164b4bc8e","Microsoft Intune Suite","Active","1","22-05-2026 02:36:02","22-05-2026 00:00:00","21-06-2026 00:00:00","True"
"OTU WA CNE - 103931","7fe98fbc-d0f4-4922-b365-4834e69463a9","otuwacne103931.onmicrosoft.com","Microsoft Defender Vulnerability Management Add-on","91460bb4-b917-4657-c0e9-1b5775ad2795","Microsoft Defender Vulnerability Management Add-on","Active","1","22-05-2026 02:24:22","22-05-2026 00:00:00","21-06-2026 00:00:00","True"
"OTU WA CNE - 103931","7fe98fbc-d0f4-4922-b365-4834e69463a9","otuwacne103931.onmicrosoft.com","Microsoft Intune Suite","6dfabf1a-49fc-4356-dcb5-5aa2bac8a4d5","Microsoft Intune Suite","Deleted","1","16-05-2026 09:01:42","16-05-2026 00:00:00","15-06-2026 00:00:00","True"
"OTU WA CNE - 103931","7fe98fbc-d0f4-4922-b365-4834e69463a9","otuwacne103931.onmicrosoft.com","Microsoft Defender Vulnerability Management Add-on","a73d6e14-be40-499a-cff5-7f950969f3b0","Microsoft Defender Vulnerability Management Add-on","Deleted","1","15-05-2026 20:12:24","15-05-2026 00:00:00","14-06-2026 00:00:00","True"
"OTU WA CNE - 103931","7fe98fbc-d0f4-4922-b365-4834e69463a9","otuwacne103931.onmicrosoft.com","Microsoft 365 E5 (no Teams)","b483b2d6-8803-43a3-d8a7-0d2ee3814a0b","Microsoft 365 E5 (no Teams)","Deleted","1","15-05-2026 20:08:50","15-05-2026 00:00:00","14-06-2026 00:00:00","True"
"OTU WA CNE - 103931","7fe98fbc-d0f4-4922-b365-4834e69463a9","otuwacne103931.onmicrosoft.com","Microsoft Entra ID P2","aeb56fec-61da-4c7d-d178-965d89edf517","Microsoft Entra ID P2","Deleted","3","15-05-2026 20:02:22","15-05-2026 00:00:00","14-06-2026 00:00:00","True"
"OTU WA CNE - 103931","7fe98fbc-d0f4-4922-b365-4834e69463a9","otuwacne103931.onmicrosoft.com","Azure plan","26c1d875-c648-43b9-d672-43fc47c7e5da","Azure plan","Active","1","08-05-2026 21:09:24","08-05-2026 00:00:00","31-12-9999 23:59:59","False"
"OTU WA CNE - 103930","9539a55d-3f7e-497f-812c-549f0b02a0a9","otuwacne103930.onmicrosoft.com","Microsoft Intune Suite","60d6fa6d-16e0-4d25-c219-209fdc31d06e","Microsoft Intune Suite","Deleted","1","16-05-2026 09:01:17","16-05-2026 00:00:00","15-06-2026 00:00:00","True"
"OTU WA CNE - 103930","9539a55d-3f7e-497f-812c-549f0b02a0a9","otuwacne103930.onmicrosoft.com","Microsoft Defender Vulnerability Management Add-on","3d852632-4529-47dc-db0c-d036f2bd1d38","Microsoft Defender Vulnerability Management Add-on","Deleted","1","15-05-2026 22:28:26","15-05-2026 00:00:00","14-06-2026 00:00:00","True"
"OTU WA CNE - 103930","9539a55d-3f7e-497f-812c-549f0b02a0a9","otuwacne103930.onmicrosoft.com","Microsoft 365 E5 (no Teams)","ac8edc52-d4e3-43a9-c767-287400436a50","Microsoft 365 E5 (no Teams)","Deleted","1","15-05-2026 21:49:38","15-05-2026 00:00:00","14-06-2026 00:00:00","True"
"OTU WA CNE - 103930","9539a55d-3f7e-497f-812c-549f0b02a0a9","otuwacne103930.onmicrosoft.com","Microsoft Entra ID P2","880bb185-39b8-4e9a-ca58-6b0634576009","Microsoft Entra ID P2","Deleted","5","15-05-2026 21:27:00","15-05-2026 00:00:00","14-06-2026 00:00:00","True"
"OTU WA CNE - 103930","9539a55d-3f7e-497f-812c-549f0b02a0a9","otuwacne103930.onmicrosoft.com","Azure plan","b3d0a556-a508-480f-cb09-b6c52dfd2dfe","Azure plan","Active","1","08-05-2026 21:05:28","08-05-2026 00:00:00","31-12-9999 23:59:59","False"
"OTU WA CNE - 103929","2d32005e-debb-4307-9225-22c44c80b196","otuwacne103929.onmicrosoft.com","Microsoft Intune Suite","c4691f53-3109-44ef-c3cf-e0618baf682a","Microsoft Intune Suite","Active","1","22-05-2026 02:35:41","22-05-2026 00:00:00","21-06-2026 00:00:00","True"
"OTU WA CNE - 103929","2d32005e-debb-4307-9225-22c44c80b196","otuwacne103929.onmicrosoft.com","Microsoft Defender Vulnerability Management Add-on","258d58c7-9f26-404c-c687-87d6e5641658","Microsoft Defender Vulnerability Management Add-on","Active","1","22-05-2026 02:23:59","22-05-2026 00:00:00","21-06-2026 00:00:00","True"
"OTU WA CNE - 103929","2d32005e-debb-4307-9225-22c44c80b196","otuwacne103929.onmicrosoft.com","Microsoft Intune Suite","68ee571e-381a-4246-c2f3-679a3323fd8b","Microsoft Intune Suite","Deleted","1","16-05-2026 09:00:54","16-05-2026 00:00:00","15-06-2026 00:00:00","True"
"OTU WA CNE - 103929","2d32005e-debb-4307-9225-22c44c80b196","otuwacne103929.onmicrosoft.com","Microsoft Defender Vulnerability Management Add-on","eaf1c64b-d6c1-49a4-c146-9882f48e57e7","Microsoft Defender Vulnerability Management Add-on","Deleted","1","15-05-2026 20:12:08","15-05-2026 00:00:00","14-06-2026 00:00:00","True"
"OTU WA CNE - 103929","2d32005e-debb-4307-9225-22c44c80b196","otuwacne103929.onmicrosoft.com","Microsoft 365 E5 (no Teams)","23b81c94-ed33-4b7e-c2fa-4b9d6ef9d0af","Microsoft 365 E5 (no Teams)","Deleted","1","15-05-2026 20:08:12","15-05-2026 00:00:00","14-06-2026 00:00:00","True"
"OTU WA CNE - 103929","2d32005e-debb-4307-9225-22c44c80b196","otuwacne103929.onmicrosoft.com","Microsoft Entra ID P2","640f09af-0c16-40e4-c5c5-d9b4f3ed1a83","Microsoft Entra ID P2","Deleted","3","15-05-2026 20:02:01","15-05-2026 00:00:00","14-06-2026 00:00:00","True"
"OTU WA CNE - 103929","2d32005e-debb-4307-9225-22c44c80b196","otuwacne103929.onmicrosoft.com","Azure plan","af56a7db-b395-44fa-d25b-e7ca03a35b51","Azure plan","Active","1","08-05-2026 18:32:44","08-05-2026 00:00:00","31-12-9999 23:59:59","False"
"OTU WA CNE - 103928","0609e4d7-751c-4907-a300-be64411d9436","otuwacne103928.onmicrosoft.com","Microsoft Intune Suite","17010280-1aa8-4b03-d260-be0095527a56","Microsoft Intune Suite","Active","1","22-05-2026 02:35:17","22-05-2026 00:00:00","21-06-2026 00:00:00","True"
"OTU WA CNE - 103928","0609e4d7-751c-4907-a300-be64411d9436","otuwacne103928.onmicrosoft.com","Microsoft Defender Vulnerability Management Add-on","bfe54745-8bed-40e0-ccfa-8abb066eaa1c","Microsoft Defender Vulnerability Management Add-on","Active","1","22-05-2026 02:23:36","22-05-2026 00:00:00","21-06-2026 00:00:00","True"
"OTU WA CNE - 103928","0609e4d7-751c-4907-a300-be64411d9436","otuwacne103928.onmicrosoft.com","Microsoft 365 E5 (no Teams)","16f7822a-3178-4233-d3e6-f9b0b2ce9288","Microsoft 365 E5 (no Teams)","Active","1","22-05-2026 02:11:35","22-05-2026 00:00:00","21-06-2026 00:00:00","True"
"OTU WA CNE - 103928","0609e4d7-751c-4907-a300-be64411d9436","otuwacne103928.onmicrosoft.com","Microsoft Intune Suite","8353e740-87b9-4a3e-d8da-c86cc754a947","Microsoft Intune Suite","Deleted","1","16-05-2026 09:00:31","16-05-2026 00:00:00","15-06-2026 00:00:00","True"
"OTU WA CNE - 103928","0609e4d7-751c-4907-a300-be64411d9436","otuwacne103928.onmicrosoft.com","Microsoft Defender Vulnerability Management Add-on","1b2cd42d-f70f-4a8f-c11c-9c944fe9941c","Microsoft Defender Vulnerability Management Add-on","Deleted","1","15-05-2026 20:06:04","15-05-2026 00:00:00","14-06-2026 00:00:00","True"
"OTU WA CNE - 103928","0609e4d7-751c-4907-a300-be64411d9436","otuwacne103928.onmicrosoft.com","Microsoft 365 E5 (no Teams)","8ab9ac21-b05b-4942-c1c1-f1c8a5f6c7c8","Microsoft 365 E5 (no Teams)","Deleted","1","15-05-2026 20:03:49","15-05-2026 00:00:00","14-06-2026 00:00:00","True"
"OTU WA CNE - 103928","0609e4d7-751c-4907-a300-be64411d9436","otuwacne103928.onmicrosoft.com","Microsoft Entra ID P2","78dac71b-22ad-4f26-dcff-83407a2b09ca","Microsoft Entra ID P2","Deleted","3","15-05-2026 20:01:39","15-05-2026 00:00:00","14-06-2026 00:00:00","True"
"OTU WA CNE - 103928","0609e4d7-751c-4907-a300-be64411d9436","otuwacne103928.onmicrosoft.com","Azure plan","5f89ee11-a133-4238-de44-b287ce741286","Azure plan","Active","1","08-05-2026 18:28:30","08-05-2026 00:00:00","31-12-9999 23:59:59","False"
"OTU WA CNE - 103927","1778b86d-7055-4ecb-9139-598f675ca101","otuwacne103927.onmicrosoft.com","Microsoft Intune Suite","01c1dca3-afc6-4bfa-d8da-5c706acc9f27","Microsoft Intune Suite","Active","1","22-05-2026 02:34:54","22-05-2026 00:00:00","21-06-2026 00:00:00","True"
"OTU WA CNE - 103927","1778b86d-7055-4ecb-9139-598f675ca101","otuwacne103927.onmicrosoft.com","Microsoft Defender Vulnerability Management Add-on","6c4fa37b-a891-4701-db46-76ef446c614d","Microsoft Defender Vulnerability Management Add-on","Active","1","22-05-2026 02:23:13","22-05-2026 00:00:00","21-06-2026 00:00:00","True"
"OTU WA CNE - 103927","1778b86d-7055-4ecb-9139-598f675ca101","otuwacne103927.onmicrosoft.com","Microsoft 365 E5 (no Teams)","81d832c8-8b6f-445d-c439-cbaae1004c56","Microsoft 365 E5 (no Teams)","Active","1","22-05-2026 02:11:08","22-05-2026 00:00:00","21-06-2026 00:00:00","True"
"OTU WA CNE - 103927","1778b86d-7055-4ecb-9139-598f675ca101","otuwacne103927.onmicrosoft.com","Microsoft Intune Suite","5c19c3cd-8a4c-4767-d1ff-fea3dd74010a","Microsoft Intune Suite","Deleted","1","16-05-2026 09:00:13","16-05-2026 00:00:00","15-06-2026 00:00:00","True"
"OTU WA CNE - 103927","1778b86d-7055-4ecb-9139-598f675ca101","otuwacne103927.onmicrosoft.com","Microsoft Defender Vulnerability Management Add-on","286cc6c6-0444-4fa9-d328-798f5773da1a","Microsoft Defender Vulnerability Management Add-on","Deleted","1","15-05-2026 20:05:47","15-05-2026 00:00:00","14-06-2026 00:00:00","True"
"OTU WA CNE - 103927","1778b86d-7055-4ecb-9139-598f675ca101","otuwacne103927.onmicrosoft.com","Microsoft 365 E5 (no Teams)","77b79e5a-d768-4777-c048-ede655e99db4","Microsoft 365 E5 (no Teams)","Deleted","1","15-05-2026 20:03:34","15-05-2026 00:00:00","14-06-2026 00:00:00","True"
"OTU WA CNE - 103927","1778b86d-7055-4ecb-9139-598f675ca101","otuwacne103927.onmicrosoft.com","Microsoft Entra ID P2","d5241b4d-b025-4577-ca97-ce0646167d71","Microsoft Entra ID P2","Deleted","3","15-05-2026 19:58:04","15-05-2026 00:00:00","14-06-2026 00:00:00","True"
"OTU WA CNE - 103927","1778b86d-7055-4ecb-9139-598f675ca101","otuwacne103927.onmicrosoft.com","Azure plan","ad9d2f99-8bd8-4df5-d225-6ef5f87cb644","Azure plan","Active","1","08-05-2026 18:24:29","08-05-2026 00:00:00","31-12-9999 23:59:59","False"
"OTU WA CNE - 103925","3ff9236f-a25e-4843-b191-898764f35a70","otuwacne103925.onmicrosoft.com","Microsoft Intune Suite","db1aa3d5-922a-44b9-c0f2-091f4043caad","Microsoft Intune Suite","Active","1","22-05-2026 02:34:30","22-05-2026 00:00:00","21-06-2026 00:00:00","True"
"OTU WA CNE - 103925","3ff9236f-a25e-4843-b191-898764f35a70","otuwacne103925.onmicrosoft.com","Microsoft Defender Vulnerability Management Add-on","66e021e3-34b9-4898-d8ee-f6ce4bcda147","Microsoft Defender Vulnerability Management Add-on","Active","1","22-05-2026 02:22:48","22-05-2026 00:00:00","21-06-2026 00:00:00","True"
"OTU WA CNE - 103925","3ff9236f-a25e-4843-b191-898764f35a70","otuwacne103925.onmicrosoft.com","Microsoft 365 E5 (no Teams)","92972348-a522-45ba-dc27-183f0c304cbd","Microsoft 365 E5 (no Teams)","Active","1","22-05-2026 02:10:38","22-05-2026 00:00:00","21-06-2026 00:00:00","True"
"OTU WA CNE - 103925","3ff9236f-a25e-4843-b191-898764f35a70","otuwacne103925.onmicrosoft.com","Microsoft Intune Suite","ff3e5a32-d045-4b44-c566-e974c39850f9","Microsoft Intune Suite","Deleted","1","16-05-2026 08:59:29","16-05-2026 00:00:00","15-06-2026 00:00:00","True"
"OTU WA CNE - 103925","3ff9236f-a25e-4843-b191-898764f35a70","otuwacne103925.onmicrosoft.com","Microsoft Defender Vulnerability Management Add-on","10ce22fc-e09c-4bd0-c500-6f9a545a1639","Microsoft Defender Vulnerability Management Add-on","Deleted","1","15-05-2026 20:05:04","15-05-2026 00:00:00","14-06-2026 00:00:00","True"
"OTU WA CNE - 103925","3ff9236f-a25e-4843-b191-898764f35a70","otuwacne103925.onmicrosoft.com","Microsoft 365 E5 (no Teams)","be4e8060-54e8-48b8-d12f-c80efd827977","Microsoft 365 E5 (no Teams)","Deleted","1","15-05-2026 20:02:59","15-05-2026 00:00:00","14-06-2026 00:00:00","True"
"OTU WA CNE - 103925","3ff9236f-a25e-4843-b191-898764f35a70","otuwacne103925.onmicrosoft.com","Microsoft Entra ID P2","09d9e417-f050-4e72-d7c0-6c7651c3800f","Microsoft Entra ID P2","Deleted","3","15-05-2026 19:57:31","15-05-2026 00:00:00","14-06-2026 00:00:00","True"
"OTU WA CNE - 103925","3ff9236f-a25e-4843-b191-898764f35a70","otuwacne103925.onmicrosoft.com","Azure plan","ca3fa6e6-55bf-47be-da99-898361882734","Azure plan","Active","1","08-05-2026 18:20:30","08-05-2026 00:00:00","31-12-9999 23:59:59","False"
"OTU WA CNE - 103924","ce9e87cb-eaae-4a44-8bef-df96334ed4f0","otuwacne103924.onmicrosoft.com","Microsoft Intune Suite","fd9b89de-581c-494e-def5-ec4eaf84716e","Microsoft Intune Suite","Active","1","22-05-2026 02:34:11","22-05-2026 00:00:00","21-06-2026 00:00:00","True"
"OTU WA CNE - 103924","ce9e87cb-eaae-4a44-8bef-df96334ed4f0","otuwacne103924.onmicrosoft.com","Microsoft Defender Vulnerability Management Add-on","6ccdb411-37b5-4445-c759-fbd936e6da98","Microsoft Defender Vulnerability Management Add-on","Active","1","22-05-2026 02:22:30","22-05-2026 00:00:00","21-06-2026 00:00:00","True"
"OTU WA CNE - 103924","ce9e87cb-eaae-4a44-8bef-df96334ed4f0","otuwacne103924.onmicrosoft.com","Microsoft 365 E5 (no Teams)","c3e7df65-2b12-4ec6-ce8e-aa26d8d59dcd","Microsoft 365 E5 (no Teams)","Active","1","22-05-2026 02:10:12","22-05-2026 00:00:00","21-06-2026 00:00:00","True"
"OTU WA CNE - 103924","ce9e87cb-eaae-4a44-8bef-df96334ed4f0","otuwacne103924.onmicrosoft.com","Microsoft Intune Suite","bfca62c5-4f9d-468c-cb33-8fa9e8f79e12","Microsoft Intune Suite","Deleted","1","16-05-2026 08:59:07","16-05-2026 00:00:00","15-06-2026 00:00:00","True"
"OTU WA CNE - 103924","ce9e87cb-eaae-4a44-8bef-df96334ed4f0","otuwacne103924.onmicrosoft.com","Microsoft Defender Vulnerability Management Add-on","ff156d35-85e4-43f8-cc37-118b1506e0a3","Microsoft Defender Vulnerability Management Add-on","Deleted","1","15-05-2026 20:01:10","15-05-2026 00:00:00","14-06-2026 00:00:00","True"
"OTU WA CNE - 103924","ce9e87cb-eaae-4a44-8bef-df96334ed4f0","otuwacne103924.onmicrosoft.com","Microsoft 365 E5 (no Teams)","17f37c3b-61e7-4ed7-c7c5-4fa7dcf4c557","Microsoft 365 E5 (no Teams)","Deleted","1","15-05-2026 19:58:55","15-05-2026 00:00:00","14-06-2026 00:00:00","True"
"OTU WA CNE - 103924","ce9e87cb-eaae-4a44-8bef-df96334ed4f0","otuwacne103924.onmicrosoft.com","Microsoft Entra ID P2","362f7b2a-3ba5-4bfc-d592-746d46e3a6ad","Microsoft Entra ID P2","Deleted","3","15-05-2026 19:57:13","15-05-2026 00:00:00","14-06-2026 00:00:00","True"
"OTU WA CNE - 103924","ce9e87cb-eaae-4a44-8bef-df96334ed4f0","otuwacne103924.onmicrosoft.com","Azure plan","8d72dfc6-56ae-4b8d-d339-52eabf9006b7","Azure plan","Active","1","08-05-2026 18:16:35","08-05-2026 00:00:00","31-12-9999 23:59:59","False"
"OTU WA CNE - 103922","d727d293-c771-4a04-b151-0d2a585cb2a8","otuwacne103922.onmicrosoft.com","Microsoft Intune Suite","7afde39f-0ce8-4e33-db96-c024e4fce23f","Microsoft Intune Suite","Deleted","1","22-05-2026 02:33:49","22-05-2026 00:00:00","21-06-2026 00:00:00","True"
"OTU WA CNE - 103922","d727d293-c771-4a04-b151-0d2a585cb2a8","otuwacne103922.onmicrosoft.com","Microsoft Defender Vulnerability Management Add-on","dd37ae08-a9d8-4109-ca37-539254ec3f35","Microsoft Defender Vulnerability Management Add-on","Active","1","22-05-2026 02:22:04","22-05-2026 00:00:00","21-06-2026 00:00:00","True"
"OTU WA CNE - 103922","d727d293-c771-4a04-b151-0d2a585cb2a8","otuwacne103922.onmicrosoft.com","Microsoft 365 E5 (no Teams)","999d42a9-bf04-4760-d01e-59f465657d27","Microsoft 365 E5 (no Teams)","Active","1","22-05-2026 02:09:45","22-05-2026 00:00:00","21-06-2026 00:00:00","True"
"OTU WA CNE - 103922","d727d293-c771-4a04-b151-0d2a585cb2a8","otuwacne103922.onmicrosoft.com","Microsoft Intune Suite","fb16d05e-1149-4fff-d306-a99ca885b093","Microsoft Intune Suite","Deleted","1","22-05-2026 01:27:33","22-05-2026 00:00:00","21-06-2026 00:00:00","True"
"OTU WA CNE - 103922","d727d293-c771-4a04-b151-0d2a585cb2a8","otuwacne103922.onmicrosoft.com","Microsoft Intune Suite","8721a772-ded6-4a37-c243-176c187e0dc3","Microsoft Intune Suite","Deleted","1","16-05-2026 08:58:25","16-05-2026 00:00:00","15-06-2026 00:00:00","True"
"OTU WA CNE - 103922","d727d293-c771-4a04-b151-0d2a585cb2a8","otuwacne103922.onmicrosoft.com","Microsoft Defender Vulnerability Management Add-on","cc7863d5-f84a-4e0f-c0c8-90cc6d3a91f7","Microsoft Defender Vulnerability Management Add-on","Deleted","1","15-05-2026 20:00:32","15-05-2026 00:00:00","14-06-2026 00:00:00","True"
"OTU WA CNE - 103922","d727d293-c771-4a04-b151-0d2a585cb2a8","otuwacne103922.onmicrosoft.com","Microsoft 365 E5 (no Teams)","e104e19d-2a19-480e-d7dd-45d22000d14e","Microsoft 365 E5 (no Teams)","Deleted","1","15-05-2026 19:58:14","15-05-2026 00:00:00","14-06-2026 00:00:00","True"
"OTU WA CNE - 103922","d727d293-c771-4a04-b151-0d2a585cb2a8","otuwacne103922.onmicrosoft.com","Microsoft Entra ID P2","2a8e80b9-968a-4dba-c456-b3858e142687","Microsoft Entra ID P2","Deleted","3","15-05-2026 19:56:41","15-05-2026 00:00:00","14-06-2026 00:00:00","True"
"OTU WA CNE - 103922","d727d293-c771-4a04-b151-0d2a585cb2a8","otuwacne103922.onmicrosoft.com","Azure plan","12f1bed2-0d3a-474f-c614-bb60f210430a","Azure plan","Active","1","08-05-2026 18:08:35","08-05-2026 00:00:00","31-12-9999 23:59:59","False"
"OTU WA CNE - 103921","68eb9f36-7912-437e-9e62-08e46b15b0ac","otuwacne103921.onmicrosoft.com","Microsoft 365 E5 (no Teams)","aee5fc16-9a2b-434d-c8ca-137b4af62247","Microsoft 365 E5 (no Teams)","Active","1","22-05-2026 02:09:16","22-05-2026 00:00:00","21-06-2026 00:00:00","True"
"OTU WA CNE - 103921","68eb9f36-7912-437e-9e62-08e46b15b0ac","otuwacne103921.onmicrosoft.com","Microsoft Intune Suite","0d27b211-ef4f-406d-ddfc-6315ab2483b7","Microsoft Intune Suite","Deleted","1","22-05-2026 01:27:15","22-05-2026 00:00:00","21-06-2026 00:00:00","True"
"OTU WA CNE - 103921","68eb9f36-7912-437e-9e62-08e46b15b0ac","otuwacne103921.onmicrosoft.com","Microsoft Defender Vulnerability Management Add-on","fc1392fe-6b07-454a-d3d3-29a128c80e2f","Microsoft Defender Vulnerability Management Add-on","Active","1","22-05-2026 01:17:56","22-05-2026 00:00:00","21-06-2026 00:00:00","True"
"OTU WA CNE - 103921","68eb9f36-7912-437e-9e62-08e46b15b0ac","otuwacne103921.onmicrosoft.com","Microsoft Intune Suite","8d47c50e-6c1f-43e4-c643-834dfb6fc6a9","Microsoft Intune Suite","Deleted","1","16-05-2026 08:57:59","16-05-2026 00:00:00","15-06-2026 00:00:00","True"
"OTU WA CNE - 103921","68eb9f36-7912-437e-9e62-08e46b15b0ac","otuwacne103921.onmicrosoft.com","Microsoft Defender Vulnerability Management Add-on","96df6019-0ab1-472e-cd6a-4748f9edd602","Microsoft Defender Vulnerability Management Add-on","Deleted","1","15-05-2026 20:00:14","15-05-2026 00:00:00","14-06-2026 00:00:00","True"
"OTU WA CNE - 103921","68eb9f36-7912-437e-9e62-08e46b15b0ac","otuwacne103921.onmicrosoft.com","Microsoft 365 E5 (no Teams)","ce0ecdc6-1862-4c1a-d657-0c82da3abf65","Microsoft 365 E5 (no Teams)","Deleted","1","15-05-2026 19:57:57","15-05-2026 00:00:00","14-06-2026 00:00:00","True"
"OTU WA CNE - 103921","68eb9f36-7912-437e-9e62-08e46b15b0ac","otuwacne103921.onmicrosoft.com","Microsoft Entra ID P2","6b31f698-e654-4b49-c450-51cdadbdc06b","Microsoft Entra ID P2","Deleted","3","15-05-2026 19:56:14","15-05-2026 00:00:00","14-06-2026 00:00:00","True"
"OTU WA CNE - 103921","68eb9f36-7912-437e-9e62-08e46b15b0ac","otuwacne103921.onmicrosoft.com","Azure plan","b984d35d-7b58-4695-d0da-6322a3bf77d7","Azure plan","Active","1","08-05-2026 18:04:39","08-05-2026 00:00:00","31-12-9999 23:59:59","False"
"OTU WA CNE - 103920","da9254b8-a2b9-4a50-991c-7888b6aaad09","otuwacne103920.onmicrosoft.com","Microsoft 365 E5 (no Teams)","42893581-bee4-4af2-ce0d-625796ceeb7c","Microsoft 365 E5 (no Teams)","Active","1","22-05-2026 02:08:46","22-05-2026 00:00:00","21-06-2026 00:00:00","True"
"OTU WA CNE - 103920","da9254b8-a2b9-4a50-991c-7888b6aaad09","otuwacne103920.onmicrosoft.com","Microsoft Intune Suite","21869bb6-16b8-40e1-cf7b-26e4e0ac82e2","Microsoft Intune Suite","Deleted","1","22-05-2026 01:26:53","22-05-2026 00:00:00","21-06-2026 00:00:00","True"
"OTU WA CNE - 103920","da9254b8-a2b9-4a50-991c-7888b6aaad09","otuwacne103920.onmicrosoft.com","Microsoft Defender Vulnerability Management Add-on","ca52622b-3ed2-43dc-df64-126ffc2a5472","Microsoft Defender Vulnerability Management Add-on","Active","1","22-05-2026 01:17:37","22-05-2026 00:00:00","21-06-2026 00:00:00","True"
"OTU WA CNE - 103920","da9254b8-a2b9-4a50-991c-7888b6aaad09","otuwacne103920.onmicrosoft.com","Microsoft Intune Suite","d05cc149-f5a8-4712-da35-9d61d4a05203","Microsoft Intune Suite","Deleted","1","16-05-2026 08:57:39","16-05-2026 00:00:00","15-06-2026 00:00:00","True"
"OTU WA CNE - 103920","da9254b8-a2b9-4a50-991c-7888b6aaad09","otuwacne103920.onmicrosoft.com","Microsoft Defender Vulnerability Management Add-on","c8361ac6-62f2-49de-d503-6177ef4ef2d3","Microsoft Defender Vulnerability Management Add-on","Deleted","1","15-05-2026 19:44:17","15-05-2026 00:00:00","14-06-2026 00:00:00","True"
"OTU WA CNE - 103920","da9254b8-a2b9-4a50-991c-7888b6aaad09","otuwacne103920.onmicrosoft.com","Microsoft 365 E5 (no Teams)","81d21b06-72a1-4f8a-db97-eec255c818c3","Microsoft 365 E5 (no Teams)","Deleted","1","15-05-2026 19:42:58","15-05-2026 00:00:00","14-06-2026 00:00:00","True"
"OTU WA CNE - 103920","da9254b8-a2b9-4a50-991c-7888b6aaad09","otuwacne103920.onmicrosoft.com","Microsoft Entra ID P2","aa718fa0-b20d-4572-ca62-3f1480785957","Microsoft Entra ID P2","Deleted","3","15-05-2026 19:37:58","15-05-2026 00:00:00","14-06-2026 00:00:00","True"
"OTU WA CNE - 103920","da9254b8-a2b9-4a50-991c-7888b6aaad09","otuwacne103920.onmicrosoft.com","Azure plan","84aef3d8-c749-4a35-d90d-e1b7d03cc432","Azure plan","Active","1","08-05-2026 18:00:43","08-05-2026 00:00:00","31-12-9999 23:59:59","False"
"OTU WA CNE - 103919","14082785-18ab-4187-b20b-298c462d8727","otuwacne103919.onmicrosoft.com","Microsoft Intune Suite","93aaeccf-783e-44cf-cf0e-46e25ba59640","Microsoft Intune Suite","Deleted","1","22-05-2026 01:26:29","22-05-2026 00:00:00","21-06-2026 00:00:00","True"
"OTU WA CNE - 103919","14082785-18ab-4187-b20b-298c462d8727","otuwacne103919.onmicrosoft.com","Microsoft Defender Vulnerability Management Add-on","2503c581-86ef-47d6-ca95-a48c867deb17","Microsoft Defender Vulnerability Management Add-on","Active","1","22-05-2026 01:17:19","22-05-2026 00:00:00","21-06-2026 00:00:00","True"
"OTU WA CNE - 103919","14082785-18ab-4187-b20b-298c462d8727","otuwacne103919.onmicrosoft.com","Microsoft 365 E5 (no Teams)","f88d2f87-7c1a-4ff5-ccac-7ca9eb47410d","Microsoft 365 E5 (no Teams)","Active","1","22-05-2026 01:06:25","22-05-2026 00:00:00","21-06-2026 00:00:00","True"
"OTU WA CNE - 103919","14082785-18ab-4187-b20b-298c462d8727","otuwacne103919.onmicrosoft.com","Microsoft Intune Suite","71c9a373-e1ed-431f-cc7e-f0113980b7dc","Microsoft Intune Suite","Deleted","1","16-05-2026 08:57:19","16-05-2026 00:00:00","15-06-2026 00:00:00","True"
"OTU WA CNE - 103919","14082785-18ab-4187-b20b-298c462d8727","otuwacne103919.onmicrosoft.com","Microsoft Defender Vulnerability Management Add-on","74053f59-ccaa-41c4-dc94-b1c7b4581232","Microsoft Defender Vulnerability Management Add-on","Deleted","1","15-05-2026 19:41:23","15-05-2026 00:00:00","14-06-2026 00:00:00","True"
"OTU WA CNE - 103919","14082785-18ab-4187-b20b-298c462d8727","otuwacne103919.onmicrosoft.com","Microsoft 365 E5 (no Teams)","7b1db1c8-9eeb-477d-cf6b-6413bfea2049","Microsoft 365 E5 (no Teams)","Deleted","1","15-05-2026 19:39:37","15-05-2026 00:00:00","14-06-2026 00:00:00","True"
"OTU WA CNE - 103919","14082785-18ab-4187-b20b-298c462d8727","otuwacne103919.onmicrosoft.com","Microsoft Entra ID P2","a9bc8a90-7aa1-4f45-dfc4-75294d0ffba4","Microsoft Entra ID P2","Deleted","3","15-05-2026 19:37:39","15-05-2026 00:00:00","14-06-2026 00:00:00","True"
"OTU WA CNE - 103919","14082785-18ab-4187-b20b-298c462d8727","otuwacne103919.onmicrosoft.com","Azure plan","e6c87a0e-ae69-47a8-cde7-360e6496f818","Azure plan","Active","1","08-05-2026 17:56:50","08-05-2026 00:00:00","31-12-9999 23:59:59","False"
"OTU WA CNE - 103918","a1100c26-f2b3-410d-890a-7c14aacf020b","otuwacne103918.onmicrosoft.com","Microsoft Intune Suite","7cc6f2d6-f479-4016-dc06-8cd88e888d7c","Microsoft Intune Suite","Deleted","1","22-05-2026 01:26:07","22-05-2026 00:00:00","21-06-2026 00:00:00","True"
"OTU WA CNE - 103918","a1100c26-f2b3-410d-890a-7c14aacf020b","otuwacne103918.onmicrosoft.com","Microsoft Defender Vulnerability Management Add-on","906f2c00-e3c9-492d-da23-7e753168beb1","Microsoft Defender Vulnerability Management Add-on","Active","1","22-05-2026 01:16:59","22-05-2026 00:00:00","21-06-2026 00:00:00","True"
"OTU WA CNE - 103918","a1100c26-f2b3-410d-890a-7c14aacf020b","otuwacne103918.onmicrosoft.com","Microsoft 365 E5 (no Teams)","6d824854-cfc8-4e35-de2d-2d429b5f392c","Microsoft 365 E5 (no Teams)","Active","1","22-05-2026 01:06:00","22-05-2026 00:00:00","21-06-2026 00:00:00","True"
"OTU WA CNE - 103918","a1100c26-f2b3-410d-890a-7c14aacf020b","otuwacne103918.onmicrosoft.com","Microsoft Intune Suite","dcd13206-446f-4f21-d7d2-a079c1e7efe9","Microsoft Intune Suite","Deleted","1","16-05-2026 08:56:57","16-05-2026 00:00:00","15-06-2026 00:00:00","True"
"OTU WA CNE - 103918","a1100c26-f2b3-410d-890a-7c14aacf020b","otuwacne103918.onmicrosoft.com","Microsoft Defender Vulnerability Management Add-on","79112ae8-77e6-4221-d645-fb8cfd83d711","Microsoft Defender Vulnerability Management Add-on","Deleted","1","15-05-2026 19:41:08","15-05-2026 00:00:00","14-06-2026 00:00:00","True"
"OTU WA CNE - 103918","a1100c26-f2b3-410d-890a-7c14aacf020b","otuwacne103918.onmicrosoft.com","Microsoft 365 E5 (no Teams)","32e9bb2d-59bd-42e5-d5a3-8d4efb544151","Microsoft 365 E5 (no Teams)","Deleted","1","15-05-2026 19:39:15","15-05-2026 00:00:00","14-06-2026 00:00:00","True"
"OTU WA CNE - 103918","a1100c26-f2b3-410d-890a-7c14aacf020b","otuwacne103918.onmicrosoft.com","Microsoft Entra ID P2","b301bcda-e81c-4a46-d484-1a2d5d5cc78d","Microsoft Entra ID P2","Deleted","3","15-05-2026 19:37:15","15-05-2026 00:00:00","14-06-2026 00:00:00","True"
"OTU WA CNE - 103918","a1100c26-f2b3-410d-890a-7c14aacf020b","otuwacne103918.onmicrosoft.com","Azure plan","6edb3def-96b9-4ce4-dbb0-c6b22778d936","Azure plan","Active","1","08-05-2026 17:52:51","08-05-2026 00:00:00","31-12-9999 23:59:59","False"
"OTU WA CNE - 103917","a23b8f48-de7b-466c-8526-66cfbbb84d36","otuwacne103917.onmicrosoft.com","Microsoft 365 E5 (no Teams)","e5b3e57e-b946-44ba-d161-207c5311cb64","Microsoft 365 E5 (no Teams)","Deleted","1","21-05-2026 23:51:25","21-05-2026 00:00:00","20-06-2026 00:00:00","True"
"OTU WA CNE - 103917","a23b8f48-de7b-466c-8526-66cfbbb84d36","otuwacne103917.onmicrosoft.com","Microsoft Intune Suite","9d0d53c5-f3cb-4553-ca15-bad69f62d11d","Microsoft Intune Suite","Active","1","21-05-2026 23:34:56","21-05-2026 00:00:00","20-06-2026 00:00:00","True"
"OTU WA CNE - 103917","a23b8f48-de7b-466c-8526-66cfbbb84d36","otuwacne103917.onmicrosoft.com","Microsoft Defender Vulnerability Management Add-on","03f160e4-a832-4023-d156-5185e15a990a","Microsoft Defender Vulnerability Management Add-on","Active","1","21-05-2026 23:25:48","21-05-2026 00:00:00","20-06-2026 00:00:00","True"
"OTU WA CNE - 103917","a23b8f48-de7b-466c-8526-66cfbbb84d36","otuwacne103917.onmicrosoft.com","Microsoft Intune Suite","84f5d6e1-c02f-4359-df01-bedb6e61c206","Microsoft Intune Suite","Deleted","1","16-05-2026 08:56:40","16-05-2026 00:00:00","15-06-2026 00:00:00","True"
"OTU WA CNE - 103917","a23b8f48-de7b-466c-8526-66cfbbb84d36","otuwacne103917.onmicrosoft.com","Microsoft Defender Vulnerability Management Add-on","df31a9e4-7208-46c7-d391-808aa6ba0497","Microsoft Defender Vulnerability Management Add-on","Deleted","1","15-05-2026 19:40:51","15-05-2026 00:00:00","14-06-2026 00:00:00","True"
"OTU WA CNE - 103917","a23b8f48-de7b-466c-8526-66cfbbb84d36","otuwacne103917.onmicrosoft.com","Microsoft 365 E5 (no Teams)","79c552b5-0a12-4922-c2fc-f8461d11d337","Microsoft 365 E5 (no Teams)","Deleted","1","15-05-2026 19:38:49","15-05-2026 00:00:00","14-06-2026 00:00:00","True"
"OTU WA CNE - 103917","a23b8f48-de7b-466c-8526-66cfbbb84d36","otuwacne103917.onmicrosoft.com","Microsoft Entra ID P2","1f6bc871-e788-4db4-c3bb-2834c03febea","Microsoft Entra ID P2","Deleted","3","15-05-2026 19:36:52","15-05-2026 00:00:00","14-06-2026 00:00:00","True"
"OTU WA CNE - 103917","a23b8f48-de7b-466c-8526-66cfbbb84d36","otuwacne103917.onmicrosoft.com","Azure plan","d151bc13-b719-4834-c7d9-e69b71656ed1","Azure plan","Active","1","08-05-2026 17:48:43","08-05-2026 00:00:00","31-12-9999 23:59:59","False"
"OTU WA CNE - 103916","62658a69-d3c7-4cd0-bed7-5074dd2112dd","otuwacne103916.onmicrosoft.com","Microsoft 365 E5 (no Teams)","3bb4925e-5b2d-41e6-c3f4-f306e76556d9","Microsoft 365 E5 (no Teams)","Deleted","1","21-05-2026 23:51:04","21-05-2026 00:00:00","20-06-2026 00:00:00","True"
"OTU WA CNE - 103916","62658a69-d3c7-4cd0-bed7-5074dd2112dd","otuwacne103916.onmicrosoft.com","Microsoft Intune Suite","906accc7-c89b-41c4-cc9f-8bec2406dd64","Microsoft Intune Suite","Active","1","21-05-2026 23:34:31","21-05-2026 00:00:00","20-06-2026 00:00:00","True"
"OTU WA CNE - 103916","62658a69-d3c7-4cd0-bed7-5074dd2112dd","otuwacne103916.onmicrosoft.com","Microsoft Defender Vulnerability Management Add-on","21042740-1266-4c74-d7dc-be777b2d7159","Microsoft Defender Vulnerability Management Add-on","Active","1","21-05-2026 23:25:20","21-05-2026 00:00:00","20-06-2026 00:00:00","True"
"OTU WA CNE - 103916","62658a69-d3c7-4cd0-bed7-5074dd2112dd","otuwacne103916.onmicrosoft.com","Microsoft Intune Suite","a24c0fb5-4c5d-4626-d544-56f83a8830c1","Microsoft Intune Suite","Deleted","1","16-05-2026 08:56:19","16-05-2026 00:00:00","15-06-2026 00:00:00","True"
"OTU WA CNE - 103916","62658a69-d3c7-4cd0-bed7-5074dd2112dd","otuwacne103916.onmicrosoft.com","Microsoft Defender Vulnerability Management Add-on","e751d52a-5068-436e-d79c-f0981f966c48","Microsoft Defender Vulnerability Management Add-on","Deleted","1","15-05-2026 19:40:34","15-05-2026 00:00:00","14-06-2026 00:00:00","True"
"OTU WA CNE - 103916","62658a69-d3c7-4cd0-bed7-5074dd2112dd","otuwacne103916.onmicrosoft.com","Microsoft 365 E5 (no Teams)","b0e2b491-726a-40e3-dce3-5b85385daa61","Microsoft 365 E5 (no Teams)","Deleted","1","15-05-2026 19:38:31","15-05-2026 00:00:00","14-06-2026 00:00:00","True"
"OTU WA CNE - 103916","62658a69-d3c7-4cd0-bed7-5074dd2112dd","otuwacne103916.onmicrosoft.com","Microsoft Entra ID P2","057a9a23-b93a-433d-d8aa-fd437ed14031","Microsoft Entra ID P2","Deleted","3","15-05-2026 19:36:29","15-05-2026 00:00:00","14-06-2026 00:00:00","True"
"OTU WA CNE - 103916","62658a69-d3c7-4cd0-bed7-5074dd2112dd","otuwacne103916.onmicrosoft.com","Azure plan","ba53d60c-9a6c-470c-cd6b-f4bddc4ccd8b","Azure plan","Active","1","08-05-2026 17:44:34","08-05-2026 00:00:00","31-12-9999 23:59:59","False"
"OTU WA CNE - 103915","b13069f4-5126-478d-9c3f-585311924e1b","otuwacne103915.onmicrosoft.com","Microsoft 365 E5 (no Teams)","08896e6e-a1ee-49e1-c77a-b3c7c2e0f55c","Microsoft 365 E5 (no Teams)","Deleted","1","21-05-2026 23:50:41","21-05-2026 00:00:00","20-06-2026 00:00:00","True"
"OTU WA CNE - 103915","b13069f4-5126-478d-9c3f-585311924e1b","otuwacne103915.onmicrosoft.com","Microsoft Intune Suite","3da8a27c-b729-4d06-c459-db282c67ae1b","Microsoft Intune Suite","Active","1","21-05-2026 23:34:00","21-05-2026 00:00:00","20-06-2026 00:00:00","True"
"OTU WA CNE - 103915","b13069f4-5126-478d-9c3f-585311924e1b","otuwacne103915.onmicrosoft.com","Microsoft Defender Vulnerability Management Add-on","e7e8192d-afdf-4339-da0b-9e5cc61c71f3","Microsoft Defender Vulnerability Management Add-on","Active","1","21-05-2026 23:25:02","21-05-2026 00:00:00","20-06-2026 00:00:00","True"
"OTU WA CNE - 103915","b13069f4-5126-478d-9c3f-585311924e1b","otuwacne103915.onmicrosoft.com","Microsoft Intune Suite","7d4648f8-b94f-44b7-df22-c0d2671a3f91","Microsoft Intune Suite","Deleted","1","16-05-2026 08:56:03","16-05-2026 00:00:00","15-06-2026 00:00:00","True"
"OTU WA CNE - 103915","b13069f4-5126-478d-9c3f-585311924e1b","otuwacne103915.onmicrosoft.com","Microsoft Defender Vulnerability Management Add-on","113a5237-47a0-413d-c304-bfc855f375a6","Microsoft Defender Vulnerability Management Add-on","Deleted","1","15-05-2026 19:24:33","15-05-2026 00:00:00","14-06-2026 00:00:00","True"
"OTU WA CNE - 103915","b13069f4-5126-478d-9c3f-585311924e1b","otuwacne103915.onmicrosoft.com","Microsoft 365 E5 (no Teams)","b76ae6e8-f265-4dff-c15f-282dad368405","Microsoft 365 E5 (no Teams)","Deleted","1","15-05-2026 19:23:19","15-05-2026 00:00:00","14-06-2026 00:00:00","True"
"OTU WA CNE - 103915","b13069f4-5126-478d-9c3f-585311924e1b","otuwacne103915.onmicrosoft.com","Microsoft Entra ID P2","13bfbfe0-1209-4552-c333-8ef33fdd88fa","Microsoft Entra ID P2","Deleted","3","15-05-2026 19:19:43","15-05-2026 00:00:00","14-06-2026 00:00:00","True"
"OTU WA CNE - 103915","b13069f4-5126-478d-9c3f-585311924e1b","otuwacne103915.onmicrosoft.com","Azure plan","565fe9b2-607e-402b-c80a-d52523c65189","Azure plan","Active","1","08-05-2026 05:19:02","08-05-2026 00:00:00","31-12-9999 23:59:59","False"
"OTU WA CNE - 103914","a761d25e-9540-4ae9-b421-1c730b77b9b7","otuwacne103914.onmicrosoft.com","Microsoft 365 E5 (no Teams)","312cd1a4-ee97-4b4c-c2ca-1943ada5f515","Microsoft 365 E5 (no Teams)","Deleted","1","21-05-2026 23:50:18","21-05-2026 00:00:00","20-06-2026 00:00:00","True"
"OTU WA CNE - 103914","a761d25e-9540-4ae9-b421-1c730b77b9b7","otuwacne103914.onmicrosoft.com","Microsoft Intune Suite","01494ec1-983d-4b17-cea6-044a0fb08215","Microsoft Intune Suite","Active","1","21-05-2026 23:33:41","21-05-2026 00:00:00","20-06-2026 00:00:00","True"
"OTU WA CNE - 103914","a761d25e-9540-4ae9-b421-1c730b77b9b7","otuwacne103914.onmicrosoft.com","Microsoft Defender Vulnerability Management Add-on","73e95371-180b-4799-ce61-eaf1be2918db","Microsoft Defender Vulnerability Management Add-on","Active","1","21-05-2026 23:24:42","21-05-2026 00:00:00","20-06-2026 00:00:00","True"
"OTU WA CNE - 103914","a761d25e-9540-4ae9-b421-1c730b77b9b7","otuwacne103914.onmicrosoft.com","Microsoft Intune Suite","7261d25b-716b-4f4c-c01f-c33aeddb8992","Microsoft Intune Suite","Deleted","1","16-05-2026 08:55:35","16-05-2026 00:00:00","15-06-2026 00:00:00","True"
"OTU WA CNE - 103914","a761d25e-9540-4ae9-b421-1c730b77b9b7","otuwacne103914.onmicrosoft.com","Microsoft Defender Vulnerability Management Add-on","ee2e29fc-394c-4817-da69-c8212bb9f3e8","Microsoft Defender Vulnerability Management Add-on","Deleted","1","15-05-2026 19:24:18","15-05-2026 00:00:00","14-06-2026 00:00:00","True"
"OTU WA CNE - 103914","a761d25e-9540-4ae9-b421-1c730b77b9b7","otuwacne103914.onmicrosoft.com","Microsoft 365 E5 (no Teams)","c06783ae-c68b-4373-c029-4e63e05fbdd7","Microsoft 365 E5 (no Teams)","Deleted","1","15-05-2026 19:22:53","15-05-2026 00:00:00","14-06-2026 00:00:00","True"
"OTU WA CNE - 103914","a761d25e-9540-4ae9-b421-1c730b77b9b7","otuwacne103914.onmicrosoft.com","Microsoft Entra ID P2","c8276022-ec78-4dad-cc5c-c51f48ba743e","Microsoft Entra ID P2","Deleted","3","15-05-2026 19:19:22","15-05-2026 00:00:00","14-06-2026 00:00:00","True"
"OTU WA CNE - 103914","a761d25e-9540-4ae9-b421-1c730b77b9b7","otuwacne103914.onmicrosoft.com","Azure plan","8341b83b-accc-4e19-d4ee-ea6e730df211","Azure plan","Active","1","08-05-2026 05:15:01","08-05-2026 00:00:00","31-12-9999 23:59:59","False"
"OTU WA CNE - 103913","60033a35-2afe-4cfd-9a47-9a620404aa31","otuwacne103913.onmicrosoft.com","Microsoft 365 E5 (no Teams)","f8ea6ad0-2b3d-4b22-d1c5-4368525a76d8","Microsoft 365 E5 (no Teams)","Deleted","1","21-05-2026 22:02:04","21-05-2026 00:00:00","20-06-2026 00:00:00","True"
"OTU WA CNE - 103913","60033a35-2afe-4cfd-9a47-9a620404aa31","otuwacne103913.onmicrosoft.com","Microsoft Intune Suite","380a7a03-93ee-454c-c215-ff00eb738ff4","Microsoft Intune Suite","Active","1","21-05-2026 21:36:26","21-05-2026 00:00:00","20-06-2026 00:00:00","True"
"OTU WA CNE - 103913","60033a35-2afe-4cfd-9a47-9a620404aa31","otuwacne103913.onmicrosoft.com","Microsoft Defender Vulnerability Management Add-on","def8a54f-8db2-4c02-ddcb-63c85ef809e2","Microsoft Defender Vulnerability Management Add-on","Active","1","21-05-2026 21:12:38","21-05-2026 00:00:00","20-06-2026 00:00:00","True"
"OTU WA CNE - 103913","60033a35-2afe-4cfd-9a47-9a620404aa31","otuwacne103913.onmicrosoft.com","Microsoft Intune Suite","f09fefea-39e8-46e2-c387-03029780e272","Microsoft Intune Suite","Deleted","1","16-05-2026 08:55:09","16-05-2026 00:00:00","15-06-2026 00:00:00","True"
"OTU WA CNE - 103913","60033a35-2afe-4cfd-9a47-9a620404aa31","otuwacne103913.onmicrosoft.com","Microsoft Defender Vulnerability Management Add-on","9db2b87a-eb95-41fb-c1dd-0bbdaa04c0c9","Microsoft Defender Vulnerability Management Add-on","Deleted","1","15-05-2026 19:24:06","15-05-2026 00:00:00","14-06-2026 00:00:00","True"
"OTU WA CNE - 103913","60033a35-2afe-4cfd-9a47-9a620404aa31","otuwacne103913.onmicrosoft.com","Microsoft 365 E5 (no Teams)","ea9c115b-a282-4173-d7c2-e888b124322d","Microsoft 365 E5 (no Teams)","Deleted","1","15-05-2026 19:22:36","15-05-2026 00:00:00","14-06-2026 00:00:00","True"
"OTU WA CNE - 103913","60033a35-2afe-4cfd-9a47-9a620404aa31","otuwacne103913.onmicrosoft.com","Microsoft Entra ID P2","9a653f49-b982-485d-dce3-0ff3ecb52c0a","Microsoft Entra ID P2","Deleted","3","15-05-2026 19:18:46","15-05-2026 00:00:00","14-06-2026 00:00:00","True"
"OTU WA CNE - 103913","60033a35-2afe-4cfd-9a47-9a620404aa31","otuwacne103913.onmicrosoft.com","Azure plan","4c43d8e2-e678-4a82-cdf7-7694716b88cc","Azure plan","Active","1","08-05-2026 05:11:09","08-05-2026 00:00:00","31-12-9999 23:59:59","False"
"OTU WA CNE - 103912","d8bde6b6-8f34-49d3-bbe7-d5b9d70a633f","otuwacne103912.onmicrosoft.com","Microsoft 365 E5 (no Teams)","5b24630f-31a2-4bbd-cc52-cb27f513bdee","Microsoft 365 E5 (no Teams)","Deleted","1","21-05-2026 22:01:36","21-05-2026 00:00:00","20-06-2026 00:00:00","True"
"OTU WA CNE - 103912","d8bde6b6-8f34-49d3-bbe7-d5b9d70a633f","otuwacne103912.onmicrosoft.com","Microsoft Intune Suite","eb1c9e2a-4bd7-4c94-d328-32b06387c1d2","Microsoft Intune Suite","Active","1","21-05-2026 21:36:03","21-05-2026 00:00:00","20-06-2026 00:00:00","True"
"OTU WA CNE - 103912","d8bde6b6-8f34-49d3-bbe7-d5b9d70a633f","otuwacne103912.onmicrosoft.com","Microsoft Defender Vulnerability Management Add-on","69538d3f-3657-466c-c3ce-ebe89055a6f7","Microsoft Defender Vulnerability Management Add-on","Active","1","21-05-2026 21:12:15","21-05-2026 00:00:00","20-06-2026 00:00:00","True"
"OTU WA CNE - 103912","d8bde6b6-8f34-49d3-bbe7-d5b9d70a633f","otuwacne103912.onmicrosoft.com","Microsoft Intune Suite","5b30cab1-a708-48f3-d4ef-4a16d8965c79","Microsoft Intune Suite","Deleted","1","16-05-2026 08:54:52","16-05-2026 00:00:00","15-06-2026 00:00:00","True"
"OTU WA CNE - 103912","d8bde6b6-8f34-49d3-bbe7-d5b9d70a633f","otuwacne103912.onmicrosoft.com","Microsoft Defender Vulnerability Management Add-on","b45a0b88-e2fb-439f-d41d-e098d269e680","Microsoft Defender Vulnerability Management Add-on","Deleted","1","15-05-2026 19:21:00","15-05-2026 00:00:00","14-06-2026 00:00:00","True"
"OTU WA CNE - 103912","d8bde6b6-8f34-49d3-bbe7-d5b9d70a633f","otuwacne103912.onmicrosoft.com","Microsoft 365 E5 (no Teams)","7887dd54-3dec-4f03-cefc-d51df23b6dbe","Microsoft 365 E5 (no Teams)","Deleted","1","15-05-2026 19:19:28","15-05-2026 00:00:00","14-06-2026 00:00:00","True"
"OTU WA CNE - 103912","d8bde6b6-8f34-49d3-bbe7-d5b9d70a633f","otuwacne103912.onmicrosoft.com","Microsoft Entra ID P2","cd94fe15-af62-4fcb-d559-fb7dbf45f7eb","Microsoft Entra ID P2","Deleted","3","15-05-2026 19:16:24","15-05-2026 00:00:00","14-06-2026 00:00:00","True"
"OTU WA CNE - 103912","d8bde6b6-8f34-49d3-bbe7-d5b9d70a633f","otuwacne103912.onmicrosoft.com","Azure plan","563b798d-1937-4ab1-c95c-ac54f936b396","Azure plan","Active","1","08-05-2026 05:07:07","08-05-2026 00:00:00","31-12-9999 23:59:59","False"
"OTU WA CNE - 103911","ade4696c-6d14-48ad-92d5-ec4e4f02e939","otuwacne103911.onmicrosoft.com","Microsoft 365 E5 (no Teams)","c5f3c233-616f-4fc5-d22f-9e691f4e99b5","Microsoft 365 E5 (no Teams)","Deleted","1","21-05-2026 22:01:08","21-05-2026 00:00:00","20-06-2026 00:00:00","True"
"OTU WA CNE - 103911","ade4696c-6d14-48ad-92d5-ec4e4f02e939","otuwacne103911.onmicrosoft.com","Microsoft Intune Suite","7cf8374c-393f-4890-cd9f-9fd089901567","Microsoft Intune Suite","Active","1","21-05-2026 21:35:44","21-05-2026 00:00:00","20-06-2026 00:00:00","True"
"OTU WA CNE - 103911","ade4696c-6d14-48ad-92d5-ec4e4f02e939","otuwacne103911.onmicrosoft.com","Microsoft Defender Vulnerability Management Add-on","96057ea3-6985-4c30-c707-94a68dfa8cb5","Microsoft Defender Vulnerability Management Add-on","Active","1","21-05-2026 21:11:49","21-05-2026 00:00:00","20-06-2026 00:00:00","True"
"OTU WA CNE - 103911","ade4696c-6d14-48ad-92d5-ec4e4f02e939","otuwacne103911.onmicrosoft.com","Microsoft Intune Suite","04966e2c-26ef-443c-d2f3-9a4f92af6fae","Microsoft Intune Suite","Deleted","1","16-05-2026 08:54:33","16-05-2026 00:00:00","15-06-2026 00:00:00","True"
"OTU WA CNE - 103911","ade4696c-6d14-48ad-92d5-ec4e4f02e939","otuwacne103911.onmicrosoft.com","Microsoft Defender Vulnerability Management Add-on","350730f7-6032-4363-cad8-9d97ae451fea","Microsoft Defender Vulnerability Management Add-on","Deleted","1","15-05-2026 19:20:42","15-05-2026 00:00:00","14-06-2026 00:00:00","True"
"OTU WA CNE - 103911","ade4696c-6d14-48ad-92d5-ec4e4f02e939","otuwacne103911.onmicrosoft.com","Microsoft 365 E5 (no Teams)","1bd5b1f0-9274-4a97-c8ef-21c0155a68e5","Microsoft 365 E5 (no Teams)","Deleted","1","15-05-2026 19:19:07","15-05-2026 00:00:00","14-06-2026 00:00:00","True"
"OTU WA CNE - 103911","ade4696c-6d14-48ad-92d5-ec4e4f02e939","otuwacne103911.onmicrosoft.com","Microsoft Entra ID P2","e04ca5eb-8def-4748-c093-58ea3b471d75","Microsoft Entra ID P2","Deleted","3","15-05-2026 19:15:57","15-05-2026 00:00:00","14-06-2026 00:00:00","True"
"OTU WA CNE - 103911","ade4696c-6d14-48ad-92d5-ec4e4f02e939","otuwacne103911.onmicrosoft.com","Azure plan","42172076-4404-451c-c3aa-9ba1048c27d9","Azure plan","Active","1","08-05-2026 05:03:12","08-05-2026 00:00:00","31-12-9999 23:59:59","False"
"OTU WA CNE - 103910","4d5890e4-6964-4e9b-b3ab-05ca61bb17da","otuwacne103910.onmicrosoft.com","Microsoft 365 E5 (no Teams)","ea267adb-f21a-4af8-c886-6a2cd87de5ea","Microsoft 365 E5 (no Teams)","Deleted","1","21-05-2026 22:00:38","21-05-2026 00:00:00","20-06-2026 00:00:00","True"
"OTU WA CNE - 103910","4d5890e4-6964-4e9b-b3ab-05ca61bb17da","otuwacne103910.onmicrosoft.com","Microsoft Intune Suite","4537da15-31e2-4922-c61e-9f99bbe95c18","Microsoft Intune Suite","Active","1","21-05-2026 21:35:26","21-05-2026 00:00:00","20-06-2026 00:00:00","True"
"OTU WA CNE - 103910","4d5890e4-6964-4e9b-b3ab-05ca61bb17da","otuwacne103910.onmicrosoft.com","Microsoft Defender Vulnerability Management Add-on","0c4e8bf4-1ff0-4a2c-dc3b-9c17dac2c307","Microsoft Defender Vulnerability Management Add-on","Active","1","21-05-2026 21:11:26","21-05-2026 00:00:00","20-06-2026 00:00:00","True"
"OTU WA CNE - 103910","4d5890e4-6964-4e9b-b3ab-05ca61bb17da","otuwacne103910.onmicrosoft.com","Microsoft Intune Suite","adf93009-91f7-4052-dc24-8323c8465d08","Microsoft Intune Suite","Deleted","1","16-05-2026 08:35:47","16-05-2026 00:00:00","15-06-2026 00:00:00","True"
"OTU WA CNE - 103910","4d5890e4-6964-4e9b-b3ab-05ca61bb17da","otuwacne103910.onmicrosoft.com","Microsoft Defender Vulnerability Management Add-on","a0b2e423-79b4-4941-c7db-89f82b77553d","Microsoft Defender Vulnerability Management Add-on","Deleted","1","15-05-2026 19:20:14","15-05-2026 00:00:00","14-06-2026 00:00:00","True"
"OTU WA CNE - 103910","4d5890e4-6964-4e9b-b3ab-05ca61bb17da","otuwacne103910.onmicrosoft.com","Microsoft 365 E5 (no Teams)","0891c9d0-8a2d-48d3-c3a7-dd02d293b980","Microsoft 365 E5 (no Teams)","Deleted","1","15-05-2026 19:18:46","15-05-2026 00:00:00","14-06-2026 00:00:00","True"
"OTU WA CNE - 103910","4d5890e4-6964-4e9b-b3ab-05ca61bb17da","otuwacne103910.onmicrosoft.com","Microsoft Entra ID P2","b2cb6cbc-4a73-4975-c5f6-9bea42ec9ce6","Microsoft Entra ID P2","Deleted","3","15-05-2026 19:15:37","15-05-2026 00:00:00","14-06-2026 00:00:00","True"
"OTU WA CNE - 103910","4d5890e4-6964-4e9b-b3ab-05ca61bb17da","otuwacne103910.onmicrosoft.com","Azure plan","7aaa69ce-ea7d-42fc-ddcf-41f397822505","Azure plan","Active","1","08-05-2026 04:59:16","08-05-2026 00:00:00","31-12-9999 23:59:59","False"
"OTU WA CNE - 103909","4a45c1d2-a5f3-48e6-99ff-ff208240cb71","otuwacne103909.onmicrosoft.com","Microsoft Intune Suite","da1eb40b-dd72-4320-c4c1-c0623ebfc580","Microsoft Intune Suite","Active","1","21-05-2026 21:35:08","21-05-2026 00:00:00","20-06-2026 00:00:00","True"
"OTU WA CNE - 103909","4a45c1d2-a5f3-48e6-99ff-ff208240cb71","otuwacne103909.onmicrosoft.com","Microsoft Defender Vulnerability Management Add-on","ba1a1a37-e0ee-4b8e-dae1-970574726b04","Microsoft Defender Vulnerability Management Add-on","Active","1","21-05-2026 21:11:07","21-05-2026 00:00:00","20-06-2026 00:00:00","True"
"OTU WA CNE - 103909","4a45c1d2-a5f3-48e6-99ff-ff208240cb71","otuwacne103909.onmicrosoft.com","Microsoft 365 E5 (no Teams)","fb4ca6bc-f00c-4cbb-de51-95f23873db87","Microsoft 365 E5 (no Teams)","Deleted","1","21-05-2026 20:39:21","21-05-2026 00:00:00","20-06-2026 00:00:00","True"
"OTU WA CNE - 103909","4a45c1d2-a5f3-48e6-99ff-ff208240cb71","otuwacne103909.onmicrosoft.com","Microsoft Intune Suite","c4b568fc-2276-44e4-c3d1-35170e6e797a","Microsoft Intune Suite","Deleted","1","21-05-2026 20:09:17","21-05-2026 00:00:00","20-06-2026 00:00:00","True"
"OTU WA CNE - 103909","4a45c1d2-a5f3-48e6-99ff-ff208240cb71","otuwacne103909.onmicrosoft.com","Microsoft Intune Suite","35c11e10-cd9c-440a-cf7a-21a65001c07c","Microsoft Intune Suite","Deleted","1","16-05-2026 08:35:28","16-05-2026 00:00:00","15-06-2026 00:00:00","True"
"OTU WA CNE - 103909","4a45c1d2-a5f3-48e6-99ff-ff208240cb71","otuwacne103909.onmicrosoft.com","Microsoft Defender Vulnerability Management Add-on","8af335fd-5c71-4493-cf4a-272cf22a3905","Microsoft Defender Vulnerability Management Add-on","Deleted","1","15-05-2026 19:17:41","15-05-2026 00:00:00","14-06-2026 00:00:00","True"
"OTU WA CNE - 103909","4a45c1d2-a5f3-48e6-99ff-ff208240cb71","otuwacne103909.onmicrosoft.com","Microsoft 365 E5 (no Teams)","f2a63bb8-fc64-444f-d6c4-5f036956d6fb","Microsoft 365 E5 (no Teams)","Deleted","1","15-05-2026 19:16:23","15-05-2026 00:00:00","14-06-2026 00:00:00","True"
"OTU WA CNE - 103909","4a45c1d2-a5f3-48e6-99ff-ff208240cb71","otuwacne103909.onmicrosoft.com","Microsoft Entra ID P2","a5cbd2ca-206f-4899-c79a-6d53bcbbefbb","Microsoft Entra ID P2","Deleted","3","15-05-2026 19:15:17","15-05-2026 00:00:00","14-06-2026 00:00:00","True"
"OTU WA CNE - 103909","4a45c1d2-a5f3-48e6-99ff-ff208240cb71","otuwacne103909.onmicrosoft.com","Azure plan","33faec39-0b2f-4322-d0b6-2ba0fc0d4522","Azure plan","Active","1","08-05-2026 04:55:17","08-05-2026 00:00:00","31-12-9999 23:59:59","False"
"OTU WA CNE - 103908","ccd0895e-cbee-4d9f-b863-2eba23c9ecfc","otuwacne103908.onmicrosoft.com","Microsoft Intune Suite","f2889dc7-3ef2-4e2e-dc05-cea922066d51","Microsoft Intune Suite","Active","1","21-05-2026 21:34:49","21-05-2026 00:00:00","20-06-2026 00:00:00","True"
"OTU WA CNE - 103908","ccd0895e-cbee-4d9f-b863-2eba23c9ecfc","otuwacne103908.onmicrosoft.com","Microsoft Defender Vulnerability Management Add-on","764342eb-70b1-45f4-dd3c-263631b03562","Microsoft Defender Vulnerability Management Add-on","Active","1","21-05-2026 21:10:42","21-05-2026 00:00:00","20-06-2026 00:00:00","True"
"OTU WA CNE - 103908","ccd0895e-cbee-4d9f-b863-2eba23c9ecfc","otuwacne103908.onmicrosoft.com","Microsoft 365 E5 (no Teams)","024f22e8-12af-4295-d957-bb62e318928b","Microsoft 365 E5 (no Teams)","Deleted","1","21-05-2026 20:38:59","21-05-2026 00:00:00","20-06-2026 00:00:00","True"
"OTU WA CNE - 103908","ccd0895e-cbee-4d9f-b863-2eba23c9ecfc","otuwacne103908.onmicrosoft.com","Microsoft Intune Suite","a9c159d2-6f4e-42da-c112-37790ad48c13","Microsoft Intune Suite","Deleted","1","21-05-2026 20:08:52","21-05-2026 00:00:00","20-06-2026 00:00:00","True"
"OTU WA CNE - 103908","ccd0895e-cbee-4d9f-b863-2eba23c9ecfc","otuwacne103908.onmicrosoft.com","Microsoft Intune Suite","06a7253f-65c6-4aad-cd04-a4e4415c0931","Microsoft Intune Suite","Deleted","1","16-05-2026 08:35:07","16-05-2026 00:00:00","15-06-2026 00:00:00","True"
"OTU WA CNE - 103908","ccd0895e-cbee-4d9f-b863-2eba23c9ecfc","otuwacne103908.onmicrosoft.com","Microsoft Defender Vulnerability Management Add-on","358564a9-a4b8-432e-dcdb-b34c050f5876","Microsoft Defender Vulnerability Management Add-on","Deleted","1","15-05-2026 19:17:25","15-05-2026 00:00:00","14-06-2026 00:00:00","True"
"OTU WA CNE - 103908","ccd0895e-cbee-4d9f-b863-2eba23c9ecfc","otuwacne103908.onmicrosoft.com","Microsoft 365 E5 (no Teams)","6fce5c54-edcd-483d-db31-45a8f2f2cb93","Microsoft 365 E5 (no Teams)","Deleted","1","15-05-2026 19:15:58","15-05-2026 00:00:00","14-06-2026 00:00:00","True"
"OTU WA CNE - 103908","ccd0895e-cbee-4d9f-b863-2eba23c9ecfc","otuwacne103908.onmicrosoft.com","Microsoft Entra ID P2","39e60854-5c3a-47d6-d8cf-0003fa3abbba","Microsoft Entra ID P2","Deleted","3","15-05-2026 19:14:35","15-05-2026 00:00:00","14-06-2026 00:00:00","True"
"OTU WA CNE - 103908","ccd0895e-cbee-4d9f-b863-2eba23c9ecfc","otuwacne103908.onmicrosoft.com","Azure plan","67996503-2fb1-49e2-c728-e6f8764c7ca0","Azure plan","Active","1","08-05-2026 04:51:28","08-05-2026 00:00:00","31-12-9999 23:59:59","False"
"OTU WA CNE - 103907","c8f6549b-750c-4520-b088-9f60487ddc41","otuwacne103907.onmicrosoft.com","Microsoft Intune Suite","050775ec-05a1-4f2e-c63c-b7fac821b4d5","Microsoft Intune Suite","Active","1","21-05-2026 21:34:20","21-05-2026 00:00:00","20-06-2026 00:00:00","True"
"OTU WA CNE - 103907","c8f6549b-750c-4520-b088-9f60487ddc41","otuwacne103907.onmicrosoft.com","Microsoft Defender Vulnerability Management Add-on","5d70866a-2eee-4670-c097-2b2fa31b3f6d","Microsoft Defender Vulnerability Management Add-on","Active","1","21-05-2026 21:10:16","21-05-2026 00:00:00","20-06-2026 00:00:00","True"
"OTU WA CNE - 103907","c8f6549b-750c-4520-b088-9f60487ddc41","otuwacne103907.onmicrosoft.com","Microsoft 365 E5 (no Teams)","4d2a1466-c93c-47f3-d876-86de07fb9273","Microsoft 365 E5 (no Teams)","Deleted","1","21-05-2026 20:38:35","21-05-2026 00:00:00","20-06-2026 00:00:00","True"
"OTU WA CNE - 103907","c8f6549b-750c-4520-b088-9f60487ddc41","otuwacne103907.onmicrosoft.com","Microsoft Intune Suite","b3a2b894-543c-4c74-c360-f69cceeafb5f","Microsoft Intune Suite","Deleted","1","21-05-2026 20:08:29","21-05-2026 00:00:00","20-06-2026 00:00:00","True"
"OTU WA CNE - 103907","c8f6549b-750c-4520-b088-9f60487ddc41","otuwacne103907.onmicrosoft.com","Microsoft Intune Suite","5e455a71-3bf4-4685-d4fa-aa62977deca2","Microsoft Intune Suite","Deleted","1","16-05-2026 08:34:46","16-05-2026 00:00:00","15-06-2026 00:00:00","True"
"OTU WA CNE - 103907","c8f6549b-750c-4520-b088-9f60487ddc41","otuwacne103907.onmicrosoft.com","Microsoft Defender Vulnerability Management Add-on","518e643e-1f2e-43e1-d6a9-b5a582e724ac","Microsoft Defender Vulnerability Management Add-on","Deleted","1","15-05-2026 19:17:08","15-05-2026 00:00:00","14-06-2026 00:00:00","True"
"OTU WA CNE - 103907","c8f6549b-750c-4520-b088-9f60487ddc41","otuwacne103907.onmicrosoft.com","Microsoft 365 E5 (no Teams)","790e532f-68c4-48d5-c290-58431f8f0e2c","Microsoft 365 E5 (no Teams)","Deleted","1","15-05-2026 19:15:38","15-05-2026 00:00:00","14-06-2026 00:00:00","True"
"OTU WA CNE - 103907","c8f6549b-750c-4520-b088-9f60487ddc41","otuwacne103907.onmicrosoft.com","Microsoft Entra ID P2","0807b996-4cb4-4291-daf4-7ffb21bc71a7","Microsoft Entra ID P2","Deleted","3","15-05-2026 19:12:48","15-05-2026 00:00:00","14-06-2026 00:00:00","True"
"OTU WA CNE - 103907","c8f6549b-750c-4520-b088-9f60487ddc41","otuwacne103907.onmicrosoft.com","Azure plan","8ab5e0c8-906f-46d9-de91-4f677bddcde2","Azure plan","Active","1","08-05-2026 04:47:30","08-05-2026 00:00:00","31-12-9999 23:59:59","False"
"OTU WA CNE - 103906","d9b27f9e-99ba-4f26-9411-203e5ef21a7a","otuwacne103906.onmicrosoft.com","Microsoft Intune Suite","cd434cc0-c3cb-484b-c8a5-7d259b4fa7c5","Microsoft Intune Suite","Deleted","1","16-05-2026 08:54:05","16-05-2026 00:00:00","15-06-2026 00:00:00","True"
"OTU WA CNE - 103906","d9b27f9e-99ba-4f26-9411-203e5ef21a7a","otuwacne103906.onmicrosoft.com","Microsoft Defender Vulnerability Management Add-on","a076f36f-dba3-4a8a-d049-8302c4eba13d","Microsoft Defender Vulnerability Management Add-on","Deleted","1","15-05-2026 22:26:44","15-05-2026 00:00:00","14-06-2026 00:00:00","True"
"OTU WA CNE - 103906","d9b27f9e-99ba-4f26-9411-203e5ef21a7a","otuwacne103906.onmicrosoft.com","Microsoft 365 E5 (no Teams)","0b632552-5426-421f-c786-de8a7b0ca193","Microsoft 365 E5 (no Teams)","Deleted","1","15-05-2026 21:47:48","15-05-2026 00:00:00","14-06-2026 00:00:00","True"
"OTU WA CNE - 103906","d9b27f9e-99ba-4f26-9411-203e5ef21a7a","otuwacne103906.onmicrosoft.com","Microsoft Entra ID P2","bef37846-ce14-4a46-c283-aacdf2f9840a","Microsoft Entra ID P2","Deleted","5","15-05-2026 21:26:40","15-05-2026 00:00:00","14-06-2026 00:00:00","True"
"OTU WA CNE - 103906","d9b27f9e-99ba-4f26-9411-203e5ef21a7a","otuwacne103906.onmicrosoft.com","Azure plan","25a42884-859e-47da-dd1e-015b8458ac26","Azure plan","Active","1","08-05-2026 04:43:39","08-05-2026 00:00:00","31-12-9999 23:59:59","False"
"OTU WA CNE - 103905","b38f5fbd-5d6e-4139-a229-e0f40e1816b0","otuwacne103905.onmicrosoft.com","Microsoft Defender Vulnerability Management Add-on","d4493aca-5e67-48fe-c6d1-2d47cb0f4516","Microsoft Defender Vulnerability Management Add-on","Active","1","21-05-2026 21:09:46","21-05-2026 00:00:00","20-06-2026 00:00:00","True"
"OTU WA CNE - 103905","b38f5fbd-5d6e-4139-a229-e0f40e1816b0","otuwacne103905.onmicrosoft.com","Microsoft 365 E5 (no Teams)","72fa84af-6e53-4917-cd5f-08d4cf966dac","Microsoft 365 E5 (no Teams)","Deleted","1","21-05-2026 20:37:57","21-05-2026 00:00:00","20-06-2026 00:00:00","True"
"OTU WA CNE - 103905","b38f5fbd-5d6e-4139-a229-e0f40e1816b0","otuwacne103905.onmicrosoft.com","Microsoft Intune Suite","7bb87d6a-9de4-42e1-c301-2bbfcaae19ad","Microsoft Intune Suite","Active","1","21-05-2026 20:08:10","21-05-2026 00:00:00","20-06-2026 00:00:00","True"
"OTU WA CNE - 103905","b38f5fbd-5d6e-4139-a229-e0f40e1816b0","otuwacne103905.onmicrosoft.com","Microsoft Intune Suite","38a2ba7c-2c7d-46db-d3eb-526fced90abb","Microsoft Intune Suite","Deleted","1","16-05-2026 08:34:23","16-05-2026 00:00:00","15-06-2026 00:00:00","True"
"OTU WA CNE - 103905","b38f5fbd-5d6e-4139-a229-e0f40e1816b0","otuwacne103905.onmicrosoft.com","Microsoft Defender Vulnerability Management Add-on","9a5e413d-fb47-4707-c9e3-22bc08ed0188","Microsoft Defender Vulnerability Management Add-on","Deleted","1","15-05-2026 19:14:09","15-05-2026 00:00:00","14-06-2026 00:00:00","True"
"OTU WA CNE - 103905","b38f5fbd-5d6e-4139-a229-e0f40e1816b0","otuwacne103905.onmicrosoft.com","Microsoft 365 E5 (no Teams)","e150f8b1-6074-4bbb-d63d-f629e11ab2f7","Microsoft 365 E5 (no Teams)","Deleted","1","15-05-2026 19:13:07","15-05-2026 00:00:00","14-06-2026 00:00:00","True"
"OTU WA CNE - 103905","b38f5fbd-5d6e-4139-a229-e0f40e1816b0","otuwacne103905.onmicrosoft.com","Microsoft Entra ID P2","84464c6e-12ae-4e7b-c54f-82ee2c6c487c","Microsoft Entra ID P2","Deleted","3","15-05-2026 19:12:20","15-05-2026 00:00:00","14-06-2026 00:00:00","True"
"OTU WA CNE - 103905","b38f5fbd-5d6e-4139-a229-e0f40e1816b0","otuwacne103905.onmicrosoft.com","Azure plan","2e57b29e-8c10-47c1-d2d2-c6c72e176c53","Azure plan","Active","1","08-05-2026 04:39:35","08-05-2026 00:00:00","31-12-9999 23:59:59","False"
"OTU WA CNE - 103904","0898782a-cdd6-458e-a97d-1489271b942d","otuwacne103904.onmicrosoft.com","Microsoft Defender Vulnerability Management Add-on","cffa6f77-0390-46ff-cb18-14396c93d379","Microsoft Defender Vulnerability Management Add-on","Active","1","21-05-2026 21:09:28","21-05-2026 00:00:00","20-06-2026 00:00:00","True"
"OTU WA CNE - 103904","0898782a-cdd6-458e-a97d-1489271b942d","otuwacne103904.onmicrosoft.com","Microsoft 365 E5 (no Teams)","b515809b-c71c-44a5-c91b-b0b4731a1a93","Microsoft 365 E5 (no Teams)","Deleted","1","21-05-2026 20:37:30","21-05-2026 00:00:00","20-06-2026 00:00:00","True"
"OTU WA CNE - 103904","0898782a-cdd6-458e-a97d-1489271b942d","otuwacne103904.onmicrosoft.com","Microsoft Intune Suite","af24aef0-4eb0-4510-daa8-7dc2ed38d504","Microsoft Intune Suite","Active","1","21-05-2026 20:07:52","21-05-2026 00:00:00","20-06-2026 00:00:00","True"
"OTU WA CNE - 103904","0898782a-cdd6-458e-a97d-1489271b942d","otuwacne103904.onmicrosoft.com","Microsoft Intune Suite","b9ee33c1-1cc7-42d1-d080-b116305b3004","Microsoft Intune Suite","Deleted","1","16-05-2026 08:33:57","16-05-2026 00:00:00","15-06-2026 00:00:00","True"
"OTU WA CNE - 103904","0898782a-cdd6-458e-a97d-1489271b942d","otuwacne103904.onmicrosoft.com","Microsoft Defender Vulnerability Management Add-on","039ff6d9-fc71-4147-cc93-3d9ebd0d5ba1","Microsoft Defender Vulnerability Management Add-on","Deleted","1","15-05-2026 19:13:46","15-05-2026 00:00:00","14-06-2026 00:00:00","True"
"OTU WA CNE - 103904","0898782a-cdd6-458e-a97d-1489271b942d","otuwacne103904.onmicrosoft.com","Microsoft 365 E5 (no Teams)","e5c1d733-5d3d-4a07-d615-4ea751614e01","Microsoft 365 E5 (no Teams)","Deleted","1","15-05-2026 19:12:42","15-05-2026 00:00:00","14-06-2026 00:00:00","True"
"OTU WA CNE - 103904","0898782a-cdd6-458e-a97d-1489271b942d","otuwacne103904.onmicrosoft.com","Microsoft Entra ID P2","d0b88e41-15bd-4481-c886-248d3f22f8d6","Microsoft Entra ID P2","Deleted","3","15-05-2026 19:10:05","15-05-2026 00:00:00","14-06-2026 00:00:00","True"
"OTU WA CNE - 103904","0898782a-cdd6-458e-a97d-1489271b942d","otuwacne103904.onmicrosoft.com","Azure plan","31f888b6-c407-4cf9-dddd-0117fca4a399","Azure plan","Active","1","08-05-2026 04:35:44","08-05-2026 00:00:00","31-12-9999 23:59:59","False"
"OTU WA CNE - 103903","f01cdb30-e142-4b5b-864a-7e8acfb1e550","otuwacne103903.onmicrosoft.com","Microsoft Defender Vulnerability Management Add-on","52cf4e9f-97ce-4cd2-cf9e-4adf776c8fb7","Microsoft Defender Vulnerability Management Add-on","Active","1","21-05-2026 22:22:09","21-05-2026 00:00:00","20-06-2026 00:00:00","True"
"OTU WA CNE - 103903","f01cdb30-e142-4b5b-864a-7e8acfb1e550","otuwacne103903.onmicrosoft.com","Microsoft 365 E5 (no Teams)","fd8b1dfe-299f-4a4b-db06-acf0b63643dd","Microsoft 365 E5 (no Teams)","Deleted","1","21-05-2026 21:59:55","21-05-2026 00:00:00","20-06-2026 00:00:00","True"
"OTU WA CNE - 103903","f01cdb30-e142-4b5b-864a-7e8acfb1e550","otuwacne103903.onmicrosoft.com","Microsoft Intune Suite","330ba10e-cc94-4b42-d1b6-a2b00798a352","Microsoft Intune Suite","Active","1","21-05-2026 21:33:50","21-05-2026 00:00:00","20-06-2026 00:00:00","True"
"OTU WA CNE - 103903","f01cdb30-e142-4b5b-864a-7e8acfb1e550","otuwacne103903.onmicrosoft.com","Microsoft Intune Suite","5ae0ce89-b1bc-4df0-d336-6a5a877c3a57","Microsoft Intune Suite","Deleted","1","16-05-2026 08:33:32","16-05-2026 00:00:00","15-06-2026 00:00:00","True"
"OTU WA CNE - 103903","f01cdb30-e142-4b5b-864a-7e8acfb1e550","otuwacne103903.onmicrosoft.com","Microsoft Defender Vulnerability Management Add-on","ae9bfa01-14e3-4435-d638-efdf9509149f","Microsoft Defender Vulnerability Management Add-on","Deleted","1","15-05-2026 19:11:54","15-05-2026 00:00:00","14-06-2026 00:00:00","True"
"OTU WA CNE - 103903","f01cdb30-e142-4b5b-864a-7e8acfb1e550","otuwacne103903.onmicrosoft.com","Microsoft 365 E5 (no Teams)","3e0f27d6-7a41-4c63-c150-164b68244be3","Microsoft 365 E5 (no Teams)","Deleted","1","15-05-2026 19:10:45","15-05-2026 00:00:00","14-06-2026 00:00:00","True"
"OTU WA CNE - 103903","f01cdb30-e142-4b5b-864a-7e8acfb1e550","otuwacne103903.onmicrosoft.com","Microsoft Entra ID P2","2e27b05d-d5e6-44a0-c46b-366c39759120","Microsoft Entra ID P2","Deleted","3","15-05-2026 19:09:47","15-05-2026 00:00:00","14-06-2026 00:00:00","True"
"OTU WA CNE - 103903","f01cdb30-e142-4b5b-864a-7e8acfb1e550","otuwacne103903.onmicrosoft.com","Azure plan","56f1231a-9dd2-4a4c-c854-1b375f473b4c","Azure plan","Active","1","08-05-2026 04:31:46","08-05-2026 00:00:00","31-12-9999 23:59:59","False"
"OTU WA CNE - 103902","92c7d10b-fc4b-419c-a770-e8686379a052","otuwacne103902.onmicrosoft.com","Microsoft Intune Suite","d63552f6-d794-480d-c1ab-c3aeabfaba55","Microsoft Intune Suite","Deleted","1","16-05-2026 08:53:35","16-05-2026 00:00:00","15-06-2026 00:00:00","True"
"OTU WA CNE - 103902","92c7d10b-fc4b-419c-a770-e8686379a052","otuwacne103902.onmicrosoft.com","Microsoft Defender Vulnerability Management Add-on","9ab728e5-5ce8-41de-d9e9-c614ba095662","Microsoft Defender Vulnerability Management Add-on","Deleted","1","15-05-2026 22:26:20","15-05-2026 00:00:00","14-06-2026 00:00:00","True"
"OTU WA CNE - 103902","92c7d10b-fc4b-419c-a770-e8686379a052","otuwacne103902.onmicrosoft.com","Microsoft 365 E5 (no Teams)","32ca881d-145c-4c46-c870-e0bfc33e7571","Microsoft 365 E5 (no Teams)","Deleted","1","15-05-2026 21:47:17","15-05-2026 00:00:00","14-06-2026 00:00:00","True"
"OTU WA CNE - 103902","92c7d10b-fc4b-419c-a770-e8686379a052","otuwacne103902.onmicrosoft.com","Microsoft Entra ID P2","1b87751b-cd31-4305-c11c-d0f266950d18","Microsoft Entra ID P2","Deleted","5","15-05-2026 21:25:56","15-05-2026 00:00:00","14-06-2026 00:00:00","True"
"OTU WA CNE - 103902","92c7d10b-fc4b-419c-a770-e8686379a052","otuwacne103902.onmicrosoft.com","Azure plan","604f6e89-de49-47e0-d7ce-d2468716d69f","Azure plan","Active","1","08-05-2026 04:27:55","08-05-2026 00:00:00","31-12-9999 23:59:59","False"
"OTU WA CNE - 103901","fd702382-640e-4472-9674-e78aa7e7852f","otuwacne103901.onmicrosoft.com","Microsoft 365 E5 (no Teams)","4efb0353-2ddf-4991-d022-fa2fa42ebe3a","Microsoft 365 E5 (no Teams)","Deleted","1","21-05-2026 21:59:08","21-05-2026 00:00:00","20-06-2026 00:00:00","True"
"OTU WA CNE - 103901","fd702382-640e-4472-9674-e78aa7e7852f","otuwacne103901.onmicrosoft.com","Microsoft Intune Suite","a6cdcb00-f996-40bd-c389-9557b66fa977","Microsoft Intune Suite","Active","1","21-05-2026 21:33:29","21-05-2026 00:00:00","20-06-2026 00:00:00","True"
"OTU WA CNE - 103901","fd702382-640e-4472-9674-e78aa7e7852f","otuwacne103901.onmicrosoft.com","Microsoft Defender Vulnerability Management Add-on","8e08fc99-a8b6-40f9-cfff-8fe7b6ab5e50","Microsoft Defender Vulnerability Management Add-on","Active","1","21-05-2026 21:09:06","21-05-2026 00:00:00","20-06-2026 00:00:00","True"
"OTU WA CNE - 103901","fd702382-640e-4472-9674-e78aa7e7852f","otuwacne103901.onmicrosoft.com","Microsoft Intune Suite","5a68ee4f-724e-4515-c660-f106130a72b5","Microsoft Intune Suite","Deleted","1","16-05-2026 08:33:16","16-05-2026 00:00:00","15-06-2026 00:00:00","True"
"OTU WA CNE - 103901","fd702382-640e-4472-9674-e78aa7e7852f","otuwacne103901.onmicrosoft.com","Microsoft Defender Vulnerability Management Add-on","cbb2db3e-26f7-4a29-c00e-9c859d02f8e6","Microsoft Defender Vulnerability Management Add-on","Deleted","1","15-05-2026 19:11:38","15-05-2026 00:00:00","14-06-2026 00:00:00","True"
"OTU WA CNE - 103901","fd702382-640e-4472-9674-e78aa7e7852f","otuwacne103901.onmicrosoft.com","Microsoft 365 E5 (no Teams)","12d71ef6-ee7c-42f6-d6e8-589df9f6ef67","Microsoft 365 E5 (no Teams)","Deleted","1","15-05-2026 19:10:25","15-05-2026 00:00:00","14-06-2026 00:00:00","True"
"OTU WA CNE - 103901","fd702382-640e-4472-9674-e78aa7e7852f","otuwacne103901.onmicrosoft.com","Microsoft Entra ID P2","4b97602e-861e-440e-c59d-47eb2a1f0886","Microsoft Entra ID P2","Deleted","3","15-05-2026 19:09:29","15-05-2026 00:00:00","14-06-2026 00:00:00","False"
"OTU WA CNE - 103901","fd702382-640e-4472-9674-e78aa7e7852f","otuwacne103901.onmicrosoft.com","Azure plan","a4d8c62b-cc7d-4c6d-d154-af2ec58d6dea","Azure plan","Active","1","08-05-2026 04:23:49","08-05-2026 00:00:00","31-12-9999 23:59:59","False"
"OTU WA CNE - 103900","e4a6773c-7631-47e7-bd97-a9c6a07470fc","otuwacne103900.onmicrosoft.com","Microsoft Intune Suite","ee61a392-9134-4d65-cff7-db315ded18ab","Microsoft Intune Suite","Deleted","1","16-05-2026 08:53:14","16-05-2026 00:00:00","15-06-2026 00:00:00","True"
"OTU WA CNE - 103900","e4a6773c-7631-47e7-bd97-a9c6a07470fc","otuwacne103900.onmicrosoft.com","Microsoft Defender Vulnerability Management Add-on","fc38be29-74a4-4528-c862-a53c6e7fdf18","Microsoft Defender Vulnerability Management Add-on","Deleted","1","15-05-2026 22:25:58","15-05-2026 00:00:00","14-06-2026 00:00:00","True"
"OTU WA CNE - 103900","e4a6773c-7631-47e7-bd97-a9c6a07470fc","otuwacne103900.onmicrosoft.com","Microsoft 365 E5 (no Teams)","64e58f54-8f7f-40e7-c8e2-b34830b1dc89","Microsoft 365 E5 (no Teams)","Deleted","1","15-05-2026 21:46:48","15-05-2026 00:00:00","14-06-2026 00:00:00","True"
"OTU WA CNE - 103900","e4a6773c-7631-47e7-bd97-a9c6a07470fc","otuwacne103900.onmicrosoft.com","Microsoft Entra ID P2","8c4b6d61-1414-4739-c2df-5aa4b923259c","Microsoft Entra ID P2","Deleted","5","15-05-2026 21:26:21","15-05-2026 00:00:00","14-06-2026 00:00:00","True"
"OTU WA CNE - 103900","e4a6773c-7631-47e7-bd97-a9c6a07470fc","otuwacne103900.onmicrosoft.com","Azure plan","8684eac7-a504-45d5-d65f-115579dff553","Azure plan","Active","1","08-05-2026 04:20:00","08-05-2026 00:00:00","31-12-9999 23:59:59","False"
"OTU WA CNE - 103899","9fd076b2-76ad-4b6f-85d2-6cc8afbd810c","otuwacne103899.onmicrosoft.com","Microsoft Defender Vulnerability Management Add-on","e48dd88c-edb2-417c-d5fd-4a783d2cd775","Microsoft Defender Vulnerability Management Add-on","Active","1","21-05-2026 22:21:46","21-05-2026 00:00:00","20-06-2026 00:00:00","True"
"OTU WA CNE - 103899","9fd076b2-76ad-4b6f-85d2-6cc8afbd810c","otuwacne103899.onmicrosoft.com","Microsoft 365 E5 (no Teams)","f29a7840-3672-4d56-ca50-e38886efe837","Microsoft 365 E5 (no Teams)","Deleted","1","21-05-2026 21:58:46","21-05-2026 00:00:00","20-06-2026 00:00:00","True"
"OTU WA CNE - 103899","9fd076b2-76ad-4b6f-85d2-6cc8afbd810c","otuwacne103899.onmicrosoft.com","Microsoft Intune Suite","7bc0a1ba-3998-4126-d0ef-e7e212dae566","Microsoft Intune Suite","Active","1","21-05-2026 21:32:56","21-05-2026 00:00:00","20-06-2026 00:00:00","True"
"OTU WA CNE - 103899","9fd076b2-76ad-4b6f-85d2-6cc8afbd810c","otuwacne103899.onmicrosoft.com","Microsoft Defender Vulnerability Management Add-on","293abb76-580b-4c95-db20-4a1e66432fc1","Microsoft Defender Vulnerability Management Add-on","Deleted","1","21-05-2026 21:08:44","21-05-2026 00:00:00","20-06-2026 00:00:00","True"
"OTU WA CNE - 103899","9fd076b2-76ad-4b6f-85d2-6cc8afbd810c","otuwacne103899.onmicrosoft.com","Microsoft Intune Suite","aa443b97-598a-43dc-d3ea-59de63462915","Microsoft Intune Suite","Deleted","1","16-05-2026 08:32:59","16-05-2026 00:00:00","15-06-2026 00:00:00","True"
"OTU WA CNE - 103899","9fd076b2-76ad-4b6f-85d2-6cc8afbd810c","otuwacne103899.onmicrosoft.com","Microsoft Defender Vulnerability Management Add-on","f8984480-faa5-4caf-c039-7377b54d229b","Microsoft Defender Vulnerability Management Add-on","Deleted","1","15-05-2026 19:11:18","15-05-2026 00:00:00","14-06-2026 00:00:00","True"
"OTU WA CNE - 103899","9fd076b2-76ad-4b6f-85d2-6cc8afbd810c","otuwacne103899.onmicrosoft.com","Microsoft 365 E5 (no Teams)","bfd77bd9-4734-4e9c-c655-9a82ca1bdb33","Microsoft 365 E5 (no Teams)","Deleted","1","15-05-2026 19:09:58","15-05-2026 00:00:00","14-06-2026 00:00:00","True"
"OTU WA CNE - 103899","9fd076b2-76ad-4b6f-85d2-6cc8afbd810c","otuwacne103899.onmicrosoft.com","Microsoft Entra ID P2","b203e0f5-3ddd-4f66-cc25-66cf1788028c","Microsoft Entra ID P2","Deleted","3","15-05-2026 19:09:12","15-05-2026 00:00:00","14-06-2026 00:00:00","True"
"OTU WA CNE - 103899","9fd076b2-76ad-4b6f-85d2-6cc8afbd810c","otuwacne103899.onmicrosoft.com","Azure plan","abee7781-9ec7-454e-dad3-a3229300ea16","Azure plan","Active","1","08-05-2026 04:16:02","08-05-2026 00:00:00","31-12-9999 23:59:59","False"
"OTU WA CNE - 103898","2532cb95-80a3-4fa3-b555-295437d451cd","otuwacne103898.onmicrosoft.com","Microsoft 365 E5 (no Teams)","5ae68979-ad5c-481d-cafa-7ab281804ac2","Microsoft 365 E5 (no Teams)","Deleted","2","21-05-2026 21:58:24","21-05-2026 00:00:00","20-06-2026 00:00:00","True"
"OTU WA CNE - 103898","2532cb95-80a3-4fa3-b555-295437d451cd","otuwacne103898.onmicrosoft.com","Microsoft Intune Suite","eab49b39-3a9c-4108-dbbf-721d5c92a775","Microsoft Intune Suite","Deleted","1","21-05-2026 21:32:37","21-05-2026 00:00:00","20-06-2026 00:00:00","True"
"OTU WA CNE - 103898","2532cb95-80a3-4fa3-b555-295437d451cd","otuwacne103898.onmicrosoft.com","Microsoft Defender Vulnerability Management Add-on","307c1a60-d2e0-4e24-cdb7-683a56ed04fd","Microsoft Defender Vulnerability Management Add-on","Deleted","1","21-05-2026 21:08:20","21-05-2026 00:00:00","20-06-2026 00:00:00","True"
"OTU WA CNE - 103898","2532cb95-80a3-4fa3-b555-295437d451cd","otuwacne103898.onmicrosoft.com","Microsoft Intune Suite","b7fa462c-a4f1-4753-c207-6d08cc981ac3","Microsoft Intune Suite","Deleted","1","16-05-2026 08:32:36","16-05-2026 00:00:00","15-06-2026 00:00:00","True"
"OTU WA CNE - 103898","2532cb95-80a3-4fa3-b555-295437d451cd","otuwacne103898.onmicrosoft.com","Microsoft Defender Vulnerability Management Add-on","8f2ab9d5-7355-478b-cad2-f6867cd3d49f","Microsoft Defender Vulnerability Management Add-on","Deleted","1","15-05-2026 19:09:26","15-05-2026 00:00:00","14-06-2026 00:00:00","True"
"OTU WA CNE - 103898","2532cb95-80a3-4fa3-b555-295437d451cd","otuwacne103898.onmicrosoft.com","Microsoft 365 E5 (no Teams)","bd8c7410-b08d-472c-d208-b9e8fa670307","Microsoft 365 E5 (no Teams)","Deleted","1","15-05-2026 19:08:58","15-05-2026 00:00:00","14-06-2026 00:00:00","True"
"OTU WA CNE - 103898","2532cb95-80a3-4fa3-b555-295437d451cd","otuwacne103898.onmicrosoft.com","Microsoft Entra ID P2","d6e8fa84-a2bf-49d7-cfae-ae99cf2d4bb3","Microsoft Entra ID P2","Deleted","3","15-05-2026 19:08:40","15-05-2026 00:00:00","14-06-2026 00:00:00","True"
"OTU WA CNE - 103898","2532cb95-80a3-4fa3-b555-295437d451cd","otuwacne103898.onmicrosoft.com","Azure plan","8d4d7650-ddc3-4bca-d672-31adcd24ad0a","Azure plan","Active","1","08-05-2026 04:12:02","08-05-2026 00:00:00","31-12-9999 23:59:59","False"
"OTU WA CNE - 103897","5235136c-0b5b-4ea2-ad36-eb0283192b13","otuwacne103897.onmicrosoft.com","Microsoft Intune Suite","b9c639ed-dc72-4c30-d25c-4791a402f509","Microsoft Intune Suite","Deleted","1","16-05-2026 08:52:38","16-05-2026 00:00:00","15-06-2026 00:00:00","True"
"OTU WA CNE - 103897","5235136c-0b5b-4ea2-ad36-eb0283192b13","otuwacne103897.onmicrosoft.com","Microsoft Defender Vulnerability Management Add-on","94310703-8bcf-425d-dd58-6e11a4c3881b","Microsoft Defender Vulnerability Management Add-on","Deleted","1","15-05-2026 22:25:28","15-05-2026 00:00:00","14-06-2026 00:00:00","True"
"OTU WA CNE - 103897","5235136c-0b5b-4ea2-ad36-eb0283192b13","otuwacne103897.onmicrosoft.com","Microsoft 365 E5 (no Teams)","a98918bf-b6c0-447f-d6c8-77511cf8640f","Microsoft 365 E5 (no Teams)","Deleted","1","15-05-2026 21:46:21","15-05-2026 00:00:00","14-06-2026 00:00:00","True"
"OTU WA CNE - 103897","5235136c-0b5b-4ea2-ad36-eb0283192b13","otuwacne103897.onmicrosoft.com","Microsoft Entra ID P2","cc084f82-8a60-4101-c3d0-6cdafc9c5675","Microsoft Entra ID P2","Deleted","5","15-05-2026 21:25:30","15-05-2026 00:00:00","14-06-2026 00:00:00","True"
"OTU WA CNE - 103897","5235136c-0b5b-4ea2-ad36-eb0283192b13","otuwacne103897.onmicrosoft.com","Azure plan","19eacbbb-d626-4ff5-d8eb-deea86437e0e","Azure plan","Active","1","08-05-2026 04:08:11","08-05-2026 00:00:00","31-12-9999 23:59:59","False"
"OTU WA CNE - 103896","29ad9ccc-95e3-4228-8379-605b6b8e5e12","otuwacne103896.onmicrosoft.com","Microsoft 365 E5 (no Teams)","f6d3b4ff-4b18-40dc-cf65-7ddc0d0a2d41","Microsoft 365 E5 (no Teams)","Active","1","21-05-2026 21:57:53","21-05-2026 00:00:00","20-06-2026 00:00:00","True"
"OTU WA CNE - 103896","29ad9ccc-95e3-4228-8379-605b6b8e5e12","otuwacne103896.onmicrosoft.com","Microsoft Intune Suite","88d3d0f1-28f2-4027-c98e-c3aa358de5e7","Microsoft Intune Suite","Active","1","21-05-2026 21:32:18","21-05-2026 00:00:00","20-06-2026 00:00:00","True"
"OTU WA CNE - 103896","29ad9ccc-95e3-4228-8379-605b6b8e5e12","otuwacne103896.onmicrosoft.com","Microsoft Defender Vulnerability Management Add-on","bf4bd7c8-c61d-49e4-de02-0c9908719991","Microsoft Defender Vulnerability Management Add-on","Deleted","1","21-05-2026 21:07:58","21-05-2026 00:00:00","20-06-2026 00:00:00","True"
"OTU WA CNE - 103896","29ad9ccc-95e3-4228-8379-605b6b8e5e12","otuwacne103896.onmicrosoft.com","Microsoft Intune Suite","f2fe3dec-1340-4bd9-dd30-461a157a3a31","Microsoft Intune Suite","Deleted","1","16-05-2026 08:31:59","16-05-2026 00:00:00","15-06-2026 00:00:00","True"
"OTU WA CNE - 103896","29ad9ccc-95e3-4228-8379-605b6b8e5e12","otuwacne103896.onmicrosoft.com","Microsoft Defender Vulnerability Management Add-on","2fbc9aa5-67c6-4c3d-cd13-c42df150d0a8","Microsoft Defender Vulnerability Management Add-on","Deleted","1","15-05-2026 19:08:00","15-05-2026 00:00:00","14-06-2026 00:00:00","True"
"OTU WA CNE - 103896","29ad9ccc-95e3-4228-8379-605b6b8e5e12","otuwacne103896.onmicrosoft.com","Microsoft 365 E5 (no Teams)","58936883-d264-4b7e-c9cd-2c2c72f09667","Microsoft 365 E5 (no Teams)","Deleted","1","15-05-2026 19:07:18","15-05-2026 00:00:00","14-06-2026 00:00:00","True"
"OTU WA CNE - 103896","29ad9ccc-95e3-4228-8379-605b6b8e5e12","otuwacne103896.onmicrosoft.com","Microsoft Entra ID P2","e2d860e2-13d0-48d8-cceb-2400ceaba71d","Microsoft Entra ID P2","Deleted","3","15-05-2026 19:06:52","15-05-2026 00:00:00","14-06-2026 00:00:00","True"
"OTU WA CNE - 103896","29ad9ccc-95e3-4228-8379-605b6b8e5e12","otuwacne103896.onmicrosoft.com","Azure plan","2e29fe09-a71d-4c51-d59f-6a092e8bdb64","Azure plan","Active","1","08-05-2026 04:03:50","08-05-2026 00:00:00","31-12-9999 23:59:59","False"
"OTU WA CNE - 103895","cc624eac-476b-49bf-9559-7225de43850f","otuwacne103895.onmicrosoft.com","Microsoft Intune Suite","c5001ab9-9d94-42e2-d686-c81c64fad82e","Microsoft Intune Suite","Active","1","21-05-2026 21:31:58","21-05-2026 00:00:00","20-06-2026 00:00:00","True"
"OTU WA CNE - 103895","cc624eac-476b-49bf-9559-7225de43850f","otuwacne103895.onmicrosoft.com","Microsoft Defender Vulnerability Management Add-on","bc3516c6-601e-47cd-dd2f-ea65a2601ad5","Microsoft Defender Vulnerability Management Add-on","Active","1","21-05-2026 21:07:38","21-05-2026 00:00:00","20-06-2026 00:00:00","True"
"OTU WA CNE - 103895","cc624eac-476b-49bf-9559-7225de43850f","otuwacne103895.onmicrosoft.com","Microsoft 365 E5 (no Teams)","d082c11c-6a6f-4b1e-c0b9-10dd525e3682","Microsoft 365 E5 (no Teams)","Active","2","21-05-2026 20:36:47","21-05-2026 00:00:00","20-06-2026 00:00:00","True"
"OTU WA CNE - 103895","cc624eac-476b-49bf-9559-7225de43850f","otuwacne103895.onmicrosoft.com","Microsoft Intune Suite","0ed98a4b-cb31-49df-c2e3-66c9b1940299","Microsoft Intune Suite","Deleted","1","16-05-2026 08:31:41","16-05-2026 00:00:00","15-06-2026 00:00:00","True"
"OTU WA CNE - 103895","cc624eac-476b-49bf-9559-7225de43850f","otuwacne103895.onmicrosoft.com","Microsoft Defender Vulnerability Management Add-on","dff0c01b-0e04-4472-c927-38c2eaa3b418","Microsoft Defender Vulnerability Management Add-on","Deleted","1","15-05-2026 19:07:39","15-05-2026 00:00:00","14-06-2026 00:00:00","True"
"OTU WA CNE - 103895","cc624eac-476b-49bf-9559-7225de43850f","otuwacne103895.onmicrosoft.com","Microsoft 365 E5 (no Teams)","47d35ac8-f617-4def-cac6-66f16d084c04","Microsoft 365 E5 (no Teams)","Deleted","1","15-05-2026 19:06:55","15-05-2026 00:00:00","14-06-2026 00:00:00","True"
"OTU WA CNE - 103895","cc624eac-476b-49bf-9559-7225de43850f","otuwacne103895.onmicrosoft.com","Microsoft Entra ID P2","e34fdf39-942a-4e5f-cd2e-8671a32ae667","Microsoft Entra ID P2","Deleted","3","15-05-2026 19:06:19","15-05-2026 00:00:00","14-06-2026 00:00:00","True"
"OTU WA CNE - 103895","cc624eac-476b-49bf-9559-7225de43850f","otuwacne103895.onmicrosoft.com","Azure plan","479eaa73-4f2a-44b4-c70f-0e9684db60c4","Azure plan","Active","1","08-05-2026 03:59:11","08-05-2026 00:00:00","31-12-9999 23:59:59","False"
"OTU WA CNE - 103894","a921d03c-fbb5-4129-ae00-6d3e6fcf81a7","otuwacne103894.onmicrosoft.com","Microsoft Intune Suite","54d611ec-66e3-4eb3-d298-5470251a6a2d","Microsoft Intune Suite","Deleted","1","21-05-2026 21:31:29","21-05-2026 00:00:00","20-06-2026 00:00:00","True"
"OTU WA CNE - 103894","a921d03c-fbb5-4129-ae00-6d3e6fcf81a7","otuwacne103894.onmicrosoft.com","Microsoft Defender Vulnerability Management Add-on","758808ee-5518-41f8-cc50-c0b1c9612f24","Microsoft Defender Vulnerability Management Add-on","Deleted","1","21-05-2026 21:07:18","21-05-2026 00:00:00","20-06-2026 00:00:00","True"
"OTU WA CNE - 103894","a921d03c-fbb5-4129-ae00-6d3e6fcf81a7","otuwacne103894.onmicrosoft.com","Microsoft 365 E5 (no Teams)","cb0e46cb-f2dd-472f-d372-1f0d8f47515c","Microsoft 365 E5 (no Teams)","Active","1","21-05-2026 20:36:24","21-05-2026 00:00:00","20-06-2026 00:00:00","True"
"OTU WA CNE - 103894","a921d03c-fbb5-4129-ae00-6d3e6fcf81a7","otuwacne103894.onmicrosoft.com","Microsoft Intune Suite","b203c1dc-05ea-486e-c4db-b5506b3afba3","Microsoft Intune Suite","Deleted","1","21-05-2026 20:07:07","21-05-2026 00:00:00","20-06-2026 00:00:00","True"
"OTU WA CNE - 103894","a921d03c-fbb5-4129-ae00-6d3e6fcf81a7","otuwacne103894.onmicrosoft.com","Microsoft Defender Vulnerability Management Add-on","2025fedd-f560-4b23-dd8b-eb98aeaf4d36","Microsoft Defender Vulnerability Management Add-on","Deleted","1","21-05-2026 19:47:58","21-05-2026 00:00:00","20-06-2026 00:00:00","True"
"OTU WA CNE - 103894","a921d03c-fbb5-4129-ae00-6d3e6fcf81a7","otuwacne103894.onmicrosoft.com","Microsoft 365 E5 (no Teams)","7cc991fa-60a1-42d2-c3e5-d400953dc9b8","Microsoft 365 E5 (no Teams)","Deleted","1","21-05-2026 19:30:57","21-05-2026 00:00:00","20-06-2026 00:00:00","True"
"OTU WA CNE - 103894","a921d03c-fbb5-4129-ae00-6d3e6fcf81a7","otuwacne103894.onmicrosoft.com","Microsoft Intune Suite","bfbca2ea-d03d-4117-cabc-89c1dd975b4d","Microsoft Intune Suite","Deleted","1","16-05-2026 08:31:20","16-05-2026 00:00:00","15-06-2026 00:00:00","True"
"OTU WA CNE - 103894","a921d03c-fbb5-4129-ae00-6d3e6fcf81a7","otuwacne103894.onmicrosoft.com","Microsoft Defender Vulnerability Management Add-on","c22081ce-d93e-47e6-cb27-a624428f8b72","Microsoft Defender Vulnerability Management Add-on","Deleted","1","15-05-2026 19:04:15","15-05-2026 00:00:00","14-06-2026 00:00:00","True"
"OTU WA CNE - 103894","a921d03c-fbb5-4129-ae00-6d3e6fcf81a7","otuwacne103894.onmicrosoft.com","Microsoft 365 E5 (no Teams)","b8f940af-5cf2-4899-c6e0-54d1d77519e6","Microsoft 365 E5 (no Teams)","Deleted","1","15-05-2026 19:03:27","15-05-2026 00:00:00","14-06-2026 00:00:00","True"
"OTU WA CNE - 103894","a921d03c-fbb5-4129-ae00-6d3e6fcf81a7","otuwacne103894.onmicrosoft.com","Microsoft Entra ID P2","388aecbb-8985-4ca0-c62b-4d09f36a5dc2","Microsoft Entra ID P2","Deleted","3","15-05-2026 19:02:00","15-05-2026 00:00:00","14-06-2026 00:00:00","True"
"OTU WA CNE - 103894","a921d03c-fbb5-4129-ae00-6d3e6fcf81a7","otuwacne103894.onmicrosoft.com","Azure plan","35729537-f4ce-4ea8-d76b-16b82480b7ea","Azure plan","Active","1","08-05-2026 03:42:09","08-05-2026 00:00:00","31-12-9999 23:59:59","False"
"OTU WA CNE - 103893","ec56821f-5f6d-4b2a-9a3c-b7029424139d","otuwacne103893.onmicrosoft.com","Microsoft Intune Suite","55bdcdac-b8ca-4954-c62b-727e7dbdc96a","Microsoft Intune Suite","Active","1","21-05-2026 21:31:06","21-05-2026 00:00:00","20-06-2026 00:00:00","True"
"OTU WA CNE - 103893","ec56821f-5f6d-4b2a-9a3c-b7029424139d","otuwacne103893.onmicrosoft.com","Microsoft Defender Vulnerability Management Add-on","e9edf92d-27b5-4742-cea5-ee5bb2316d77","Microsoft Defender Vulnerability Management Add-on","Active","1","21-05-2026 21:06:59","21-05-2026 00:00:00","20-06-2026 00:00:00","True"
"OTU WA CNE - 103893","ec56821f-5f6d-4b2a-9a3c-b7029424139d","otuwacne103893.onmicrosoft.com","Microsoft 365 E5 (no Teams)","f8234dea-6e21-44ed-d09f-7cbae475dc24","Microsoft 365 E5 (no Teams)","Active","2","21-05-2026 20:35:57","21-05-2026 00:00:00","20-06-2026 00:00:00","True"
"OTU WA CNE - 103893","ec56821f-5f6d-4b2a-9a3c-b7029424139d","otuwacne103893.onmicrosoft.com","Microsoft Intune Suite","2130af99-2752-428a-d18e-adb8d3be60ed","Microsoft Intune Suite","Deleted","1","21-05-2026 20:06:46","21-05-2026 00:00:00","20-06-2026 00:00:00","True"
"OTU WA CNE - 103893","ec56821f-5f6d-4b2a-9a3c-b7029424139d","otuwacne103893.onmicrosoft.com","Microsoft Defender Vulnerability Management Add-on","cba72950-bc76-45b2-d73b-e33f0b76786e","Microsoft Defender Vulnerability Management Add-on","Deleted","1","21-05-2026 19:47:40","21-05-2026 00:00:00","20-06-2026 00:00:00","True"
"OTU WA CNE - 103893","ec56821f-5f6d-4b2a-9a3c-b7029424139d","otuwacne103893.onmicrosoft.com","Microsoft 365 E5 (no Teams)","295364bc-f9d5-4b96-cfe8-4aed3e953b52","Microsoft 365 E5 (no Teams)","Deleted","1","21-05-2026 19:30:36","21-05-2026 00:00:00","20-06-2026 00:00:00","True"
"OTU WA CNE - 103893","ec56821f-5f6d-4b2a-9a3c-b7029424139d","otuwacne103893.onmicrosoft.com","Microsoft Intune Suite","47799957-e09e-4321-c8b6-757ce31cf5b7","Microsoft Intune Suite","Deleted","1","16-05-2026 08:30:57","16-05-2026 00:00:00","15-06-2026 00:00:00","True"
"OTU WA CNE - 103893","ec56821f-5f6d-4b2a-9a3c-b7029424139d","otuwacne103893.onmicrosoft.com","Microsoft Defender Vulnerability Management Add-on","5beaa014-1029-422d-df10-b14d7877d61c","Microsoft Defender Vulnerability Management Add-on","Deleted","1","15-05-2026 19:04:02","15-05-2026 00:00:00","14-06-2026 00:00:00","True"
"OTU WA CNE - 103893","ec56821f-5f6d-4b2a-9a3c-b7029424139d","otuwacne103893.onmicrosoft.com","Microsoft 365 E5 (no Teams)","482cd13c-e27f-4a22-cccd-455daacbd07b","Microsoft 365 E5 (no Teams)","Deleted","1","15-05-2026 19:03:01","15-05-2026 00:00:00","14-06-2026 00:00:00","True"
"OTU WA CNE - 103893","ec56821f-5f6d-4b2a-9a3c-b7029424139d","otuwacne103893.onmicrosoft.com","Microsoft Entra ID P2","f7a3065f-2d55-4d60-db68-425a1cc027fa","Microsoft Entra ID P2","Deleted","3","15-05-2026 19:01:34","15-05-2026 00:00:00","14-06-2026 00:00:00","True"
"OTU WA CNE - 103893","ec56821f-5f6d-4b2a-9a3c-b7029424139d","otuwacne103893.onmicrosoft.com","Azure plan","c6c08867-4123-45e8-db7b-6145c84280c6","Azure plan","Active","1","08-05-2026 03:54:26","08-05-2026 00:00:00","31-12-9999 23:59:59","False"
"OTU WA CNE - 103892","3ac2ca41-8797-40fa-8aad-cf541dc22fa1","otuwacne103892.onmicrosoft.com","Microsoft Intune Suite","94340ced-ac5b-49a1-d4ca-7c0433172754","Microsoft Intune Suite","Deleted","1","16-05-2026 08:51:28","16-05-2026 00:00:00","15-06-2026 00:00:00","True"
"OTU WA CNE - 103892","3ac2ca41-8797-40fa-8aad-cf541dc22fa1","otuwacne103892.onmicrosoft.com","Microsoft Defender Vulnerability Management Add-on","edbe63a8-572e-4097-d190-b21a684bf22d","Microsoft Defender Vulnerability Management Add-on","Deleted","1","15-05-2026 22:24:59","15-05-2026 00:00:00","14-06-2026 00:00:00","True"
"OTU WA CNE - 103892","3ac2ca41-8797-40fa-8aad-cf541dc22fa1","otuwacne103892.onmicrosoft.com","Microsoft 365 E5 (no Teams)","69f4794e-ecb5-42ae-d8d7-5acc2ca7b272","Microsoft 365 E5 (no Teams)","Deleted","1","15-05-2026 21:45:45","15-05-2026 00:00:00","14-06-2026 00:00:00","True"
"OTU WA CNE - 103892","3ac2ca41-8797-40fa-8aad-cf541dc22fa1","otuwacne103892.onmicrosoft.com","Microsoft Entra ID P2","d2f9ef66-6eec-4db0-d74b-598051a1f0bc","Microsoft Entra ID P2","Deleted","5","15-05-2026 21:25:07","15-05-2026 00:00:00","14-06-2026 00:00:00","True"
"OTU WA CNE - 103892","3ac2ca41-8797-40fa-8aad-cf541dc22fa1","otuwacne103892.onmicrosoft.com","Azure plan","a534be88-8f95-42fd-d406-bbf8f5b45aea","Azure plan","Active","1","08-05-2026 03:49:53","08-05-2026 00:00:00","31-12-9999 23:59:59","False"
"OTU WA CNE - 103891","238850da-67d5-41ec-8b3a-1a4bbc3598f9","otuwacne103891.onmicrosoft.com","Microsoft Intune Suite","4c6cc526-c5c1-4578-dd4a-57f29dfa9402","Microsoft Intune Suite","Deleted","1","21-05-2026 21:30:47","21-05-2026 00:00:00","20-06-2026 00:00:00","True"
"OTU WA CNE - 103891","238850da-67d5-41ec-8b3a-1a4bbc3598f9","otuwacne103891.onmicrosoft.com","Microsoft Defender Vulnerability Management Add-on","2929ce1e-8901-4735-d082-b44672f92476","Microsoft Defender Vulnerability Management Add-on","Deleted","1","21-05-2026 21:06:33","21-05-2026 00:00:00","20-06-2026 00:00:00","True"
"OTU WA CNE - 103891","238850da-67d5-41ec-8b3a-1a4bbc3598f9","otuwacne103891.onmicrosoft.com","Microsoft 365 E5 (no Teams)","c66f22f3-1b7f-4aff-cc56-f8ffc137a85a","Microsoft 365 E5 (no Teams)","Active","1","21-05-2026 20:35:27","21-05-2026 00:00:00","20-06-2026 00:00:00","True"
"OTU WA CNE - 103891","238850da-67d5-41ec-8b3a-1a4bbc3598f9","otuwacne103891.onmicrosoft.com","Microsoft Intune Suite","a651b363-0621-465a-d9cd-218200ac23bd","Microsoft Intune Suite","Deleted","1","21-05-2026 20:06:24","21-05-2026 00:00:00","20-06-2026 00:00:00","True"
"OTU WA CNE - 103891","238850da-67d5-41ec-8b3a-1a4bbc3598f9","otuwacne103891.onmicrosoft.com","Microsoft Defender Vulnerability Management Add-on","4e0b739a-4a3d-4639-dc94-537069165f55","Microsoft Defender Vulnerability Management Add-on","Deleted","1","21-05-2026 19:47:22","21-05-2026 00:00:00","20-06-2026 00:00:00","True"
"OTU WA CNE - 103891","238850da-67d5-41ec-8b3a-1a4bbc3598f9","otuwacne103891.onmicrosoft.com","Microsoft 365 E5 (no Teams)","de7a85b0-8c0f-42dd-d678-b427be49b9ff","Microsoft 365 E5 (no Teams)","Deleted","1","21-05-2026 19:30:09","21-05-2026 00:00:00","20-06-2026 00:00:00","True"
"OTU WA CNE - 103891","238850da-67d5-41ec-8b3a-1a4bbc3598f9","otuwacne103891.onmicrosoft.com","Microsoft Intune Suite","76fb9502-baf7-4a48-d0e4-0ce04d5c6acb","Microsoft Intune Suite","Deleted","1","16-05-2026 07:52:25","16-05-2026 00:00:00","15-06-2026 00:00:00","True"
"OTU WA CNE - 103891","238850da-67d5-41ec-8b3a-1a4bbc3598f9","otuwacne103891.onmicrosoft.com","Microsoft Defender Vulnerability Management Add-on","82f144a3-d8b5-437f-cf0f-eb6eb8c459b9","Microsoft Defender Vulnerability Management Add-on","Deleted","1","15-05-2026 19:03:47","15-05-2026 00:00:00","14-06-2026 00:00:00","True"
"OTU WA CNE - 103891","238850da-67d5-41ec-8b3a-1a4bbc3598f9","otuwacne103891.onmicrosoft.com","Microsoft 365 E5 (no Teams)","7c525ce8-01f9-407e-daa9-3491557efca3","Microsoft 365 E5 (no Teams)","Deleted","1","15-05-2026 19:02:41","15-05-2026 00:00:00","14-06-2026 00:00:00","True"
"OTU WA CNE - 103891","238850da-67d5-41ec-8b3a-1a4bbc3598f9","otuwacne103891.onmicrosoft.com","Microsoft Entra ID P2","f185abf9-1a50-45a4-c37a-ea44d19d1393","Microsoft Entra ID P2","Deleted","3","15-05-2026 18:56:00","15-05-2026 00:00:00","14-06-2026 00:00:00","True"
"OTU WA CNE - 103891","238850da-67d5-41ec-8b3a-1a4bbc3598f9","otuwacne103891.onmicrosoft.com","Azure plan","d9eb30d4-66d7-4525-c772-2173ddb7dac4","Azure plan","Active","1","08-05-2026 03:45:26","08-05-2026 00:00:00","31-12-9999 23:59:59","False"
