"Environment","Username","TenantId","LicenseSKU","ActiveUnits","ConsumedUnits","WarningUnits","SuspendedUnits","Status"
"All Environments Details","odl_user_2226954@otuwacne103891.onmicrosoft.com","238850da-67d5-41ec-8b3a-1a4bbc3598f9","Microsoft_Intune_Suite","0","1","0","3","OK"
"All Environments Details","odl_user_2226954@otuwacne103891.onmicrosoft.com","238850da-67d5-41ec-8b3a-1a4bbc3598f9","AAD_PREMIUM_P2","0","3","0","3","OK"
"All Environments Details","odl_user_2226954@otuwacne103891.onmicrosoft.com","238850da-67d5-41ec-8b3a-1a4bbc3598f9","TVM_Premium_Add_on","0","1","0","3","OK"
"All Environments Details","odl_user_2226954@otuwacne103891.onmicrosoft.com","238850da-67d5-41ec-8b3a-1a4bbc3598f9","Microsoft_365_E5_(no_Teams)","1","1","0","2","OK"
"All Environments Details","odl_user_2226956@otuwacne103893.onmicrosoft.com","ec56821f-5f6d-4b2a-9a3c-b7029424139d","Microsoft_Intune_Suite","1","1","0","2","OK"
"All Environments Details","odl_user_2226956@otuwacne103893.onmicrosoft.com","ec56821f-5f6d-4b2a-9a3c-b7029424139d","AAD_PREMIUM_P2","0","3","0","3","OK"
"All Environments Details","odl_user_2226956@otuwacne103893.onmicrosoft.com","ec56821f-5f6d-4b2a-9a3c-b7029424139d","POWER_BI_STANDARD","1000000","1","0","0","OK"
"All Environments Details","odl_user_2226956@otuwacne103893.onmicrosoft.com","ec56821f-5f6d-4b2a-9a3c-b7029424139d","TVM_Premium_Add_on","1","1","0","2","OK"
"All Environments Details","odl_user_2226956@otuwacne103893.onmicrosoft.com","ec56821f-5f6d-4b2a-9a3c-b7029424139d","Microsoft_365_E5_(no_Teams)","2","1","0","2","OK"
"All Environments Details","odl_user_2226957@otuwacne103894.onmicrosoft.com","a921d03c-fbb5-4129-ae00-6d3e6fcf81a7","Microsoft_Intune_Suite","0","1","0","3","OK"
"All Environments Details","odl_user_2226957@otuwacne103894.onmicrosoft.com","a921d03c-fbb5-4129-ae00-6d3e6fcf81a7","AAD_PREMIUM_P2","0","3","0","3","OK"
"All Environments Details","odl_user_2226957@otuwacne103894.onmicrosoft.com","a921d03c-fbb5-4129-ae00-6d3e6fcf81a7","TVM_Premium_Add_on","0","1","0","3","OK"
"All Environments Details","odl_user_2226957@otuwacne103894.onmicrosoft.com","a921d03c-fbb5-4129-ae00-6d3e6fcf81a7","Microsoft_365_E5_(no_Teams)","1","1","0","2","OK"
"All Environments Details","odl_user_2226963@otuwacne103895.onmicrosoft.com","cc624eac-476b-49bf-9559-7225de43850f","Microsoft_Intune_Suite","1","1","0","1","OK"
"All Environments Details","odl_user_2226963@otuwacne103895.onmicrosoft.com","cc624eac-476b-49bf-9559-7225de43850f","AAD_PREMIUM_P2","0","3","0","3","OK"
"All Environments Details","odl_user_2226963@otuwacne103895.onmicrosoft.com","cc624eac-476b-49bf-9559-7225de43850f","TVM_Premium_Add_on","1","1","0","1","OK"
"All Environments Details","odl_user_2226963@otuwacne103895.onmicrosoft.com","cc624eac-476b-49bf-9559-7225de43850f","Microsoft_365_E5_(no_Teams)","2","1","0","1","OK"
"All Environments Details","odl_user_2226964@otuwacne103896.onmicrosoft.com","29ad9ccc-95e3-4228-8379-605b6b8e5e12","Microsoft_Intune_Suite","1","1","0","1","OK"
"All Environments Details","odl_user_2226964@otuwacne103896.onmicrosoft.com","29ad9ccc-95e3-4228-8379-605b6b8e5e12","AAD_PREMIUM_P2","0","3","0","3","OK"
"All Environments Details","odl_user_2226964@otuwacne103896.onmicrosoft.com","29ad9ccc-95e3-4228-8379-605b6b8e5e12","TVM_Premium_Add_on","0","1","0","2","OK"
"All Environments Details","odl_user_2226964@otuwacne103896.onmicrosoft.com","29ad9ccc-95e3-4228-8379-605b6b8e5e12","Microsoft_365_E5_(no_Teams)","1","1","0","1","OK"
"All Environments Details","odl_user_2226966@otuwacne103898.onmicrosoft.com","2532cb95-80a3-4fa3-b555-295437d451cd","Microsoft_Intune_Suite","0","1","0","2","OK"
"All Environments Details","odl_user_2226966@otuwacne103898.onmicrosoft.com","2532cb95-80a3-4fa3-b555-295437d451cd","AAD_PREMIUM_P2","0","3","0","3","OK"
"All Environments Details","odl_user_2226966@otuwacne103898.onmicrosoft.com","2532cb95-80a3-4fa3-b555-295437d451cd","TVM_Premium_Add_on","0","1","0","2","OK"
"All Environments Details","odl_user_2226966@otuwacne103898.onmicrosoft.com","2532cb95-80a3-4fa3-b555-295437d451cd","Microsoft_365_E5_(no_Teams)","2","1","0","1","OK"
"All Environments Details","odl_user_2226967@otuwacne103899.onmicrosoft.com","9fd076b2-76ad-4b6f-85d2-6cc8afbd810c","Microsoft_Intune_Suite","1","1","0","1","OK"
"All Environments Details","odl_user_2226967@otuwacne103899.onmicrosoft.com","9fd076b2-76ad-4b6f-85d2-6cc8afbd810c","AAD_PREMIUM_P2","0","3","0","3","OK"
"All Environments Details","odl_user_2226967@otuwacne103899.onmicrosoft.com","9fd076b2-76ad-4b6f-85d2-6cc8afbd810c","TVM_Premium_Add_on","1","1","0","2","OK"
"All Environments Details","odl_user_2226967@otuwacne103899.onmicrosoft.com","9fd076b2-76ad-4b6f-85d2-6cc8afbd810c","Microsoft_365_E5_(no_Teams)","1","1","0","1","OK"
"All Environments Details","odl_user_2226969@otuwacne103901.onmicrosoft.com","fd702382-640e-4472-9674-e78aa7e7852f","Microsoft_Intune_Suite","1","1","0","1","OK"
"All Environments Details","odl_user_2226969@otuwacne103901.onmicrosoft.com","fd702382-640e-4472-9674-e78aa7e7852f","AAD_PREMIUM_P2","0","3","0","3","OK"
"All Environments Details","odl_user_2226969@otuwacne103901.onmicrosoft.com","fd702382-640e-4472-9674-e78aa7e7852f","TVM_Premium_Add_on","1","1","0","1","OK"
"All Environments Details","odl_user_2226969@otuwacne103901.onmicrosoft.com","fd702382-640e-4472-9674-e78aa7e7852f","Microsoft_365_E5_(no_Teams)","1","1","0","1","OK"
"All Environments Details","odl_user_2226971@otuwacne103903.onmicrosoft.com","f01cdb30-e142-4b5b-864a-7e8acfb1e550","Microsoft_Intune_Suite","1","1","0","1","OK"
"All Environments Details","odl_user_2226971@otuwacne103903.onmicrosoft.com","f01cdb30-e142-4b5b-864a-7e8acfb1e550","AAD_PREMIUM_P2","0","3","0","3","OK"
"All Environments Details","odl_user_2226971@otuwacne103903.onmicrosoft.com","f01cdb30-e142-4b5b-864a-7e8acfb1e550","TVM_Premium_Add_on","1","1","0","1","OK"
"All Environments Details","odl_user_2226971@otuwacne103903.onmicrosoft.com","f01cdb30-e142-4b5b-864a-7e8acfb1e550","Microsoft_365_E5_(no_Teams)","1","1","0","1","OK"
"All Environments Details","odl_user_2226972@otuwacne103904.onmicrosoft.com","0898782a-cdd6-458e-a97d-1489271b942d","Microsoft_Intune_Suite","1","1","0","1","OK"
"All Environments Details","odl_user_2226972@otuwacne103904.onmicrosoft.com","0898782a-cdd6-458e-a97d-1489271b942d","AAD_PREMIUM_P2","0","3","0","3","OK"
"All Environments Details","odl_user_2226972@otuwacne103904.onmicrosoft.com","0898782a-cdd6-458e-a97d-1489271b942d","TVM_Premium_Add_on","1","1","0","1","OK"
"All Environments Details","odl_user_2226972@otuwacne103904.onmicrosoft.com","0898782a-cdd6-458e-a97d-1489271b942d","Microsoft_365_E5_(no_Teams)","1","1","0","1","OK"
"All Environments Details","odl_user_2226975@otuwacne103905.onmicrosoft.com","b38f5fbd-5d6e-4139-a229-e0f40e1816b0","Microsoft_Intune_Suite","1","1","0","1","OK"
"All Environments Details","odl_user_2226975@otuwacne103905.onmicrosoft.com","b38f5fbd-5d6e-4139-a229-e0f40e1816b0","AAD_PREMIUM_P2","0","3","0","3","OK"
"All Environments Details","odl_user_2226975@otuwacne103905.onmicrosoft.com","b38f5fbd-5d6e-4139-a229-e0f40e1816b0","TVM_Premium_Add_on","1","1","0","1","OK"
"All Environments Details","odl_user_2226975@otuwacne103905.onmicrosoft.com","b38f5fbd-5d6e-4139-a229-e0f40e1816b0","Microsoft_365_E5_(no_Teams)","1","1","0","1","OK"
"All Environments Details","odl_user_2226977@otuwacne103907.onmicrosoft.com","c8f6549b-750c-4520-b088-9f60487ddc41","Microsoft_Intune_Suite","1","1","0","2","OK"
"All Environments Details","odl_user_2226977@otuwacne103907.onmicrosoft.com","c8f6549b-750c-4520-b088-9f60487ddc41","AAD_PREMIUM_P2","0","3","0","3","OK"
"All Environments Details","odl_user_2226977@otuwacne103907.onmicrosoft.com","c8f6549b-750c-4520-b088-9f60487ddc41","TVM_Premium_Add_on","1","1","0","1","OK"
"All Environments Details","odl_user_2226977@otuwacne103907.onmicrosoft.com","c8f6549b-750c-4520-b088-9f60487ddc41","Microsoft_365_E5_(no_Teams)","1","1","0","1","OK"
"All Environments Details","odl_user_2226978@otuwacne103908.onmicrosoft.com","ccd0895e-cbee-4d9f-b863-2eba23c9ecfc","Microsoft_Intune_Suite","1","1","0","2","OK"
"All Environments Details","odl_user_2226978@otuwacne103908.onmicrosoft.com","ccd0895e-cbee-4d9f-b863-2eba23c9ecfc","AAD_PREMIUM_P2","0","3","0","3","OK"
"All Environments Details","odl_user_2226978@otuwacne103908.onmicrosoft.com","ccd0895e-cbee-4d9f-b863-2eba23c9ecfc","TVM_Premium_Add_on","1","1","0","1","OK"
"All Environments Details","odl_user_2226978@otuwacne103908.onmicrosoft.com","ccd0895e-cbee-4d9f-b863-2eba23c9ecfc","Microsoft_365_E5_(no_Teams)","1","1","0","1","OK"
"All Environments Details","odl_user_2226979@otuwacne103909.onmicrosoft.com","4a45c1d2-a5f3-48e6-99ff-ff208240cb71","Microsoft_Intune_Suite","1","1","0","2","OK"
"All Environments Details","odl_user_2226979@otuwacne103909.onmicrosoft.com","4a45c1d2-a5f3-48e6-99ff-ff208240cb71","AAD_PREMIUM_P2","0","3","0","3","OK"
"All Environments Details","odl_user_2226979@otuwacne103909.onmicrosoft.com","4a45c1d2-a5f3-48e6-99ff-ff208240cb71","TVM_Premium_Add_on","1","1","0","1","OK"
"All Environments Details","odl_user_2226979@otuwacne103909.onmicrosoft.com","4a45c1d2-a5f3-48e6-99ff-ff208240cb71","Microsoft_365_E5_(no_Teams)","1","1","0","1","OK"
"All Environments Details","odl_user_2226980@otuwacne103910.onmicrosoft.com","4d5890e4-6964-4e9b-b3ab-05ca61bb17da","Microsoft_Intune_Suite","1","1","0","1","OK"
"All Environments Details","odl_user_2226980@otuwacne103910.onmicrosoft.com","4d5890e4-6964-4e9b-b3ab-05ca61bb17da","AAD_PREMIUM_P2","0","3","0","3","OK"
"All Environments Details","odl_user_2226980@otuwacne103910.onmicrosoft.com","4d5890e4-6964-4e9b-b3ab-05ca61bb17da","TVM_Premium_Add_on","1","1","0","1","OK"
"All Environments Details","odl_user_2226980@otuwacne103910.onmicrosoft.com","4d5890e4-6964-4e9b-b3ab-05ca61bb17da","Microsoft_365_E5_(no_Teams)","1","1","0","1","OK"
"All Environments Details","odl_user_2226981@otuwacne103911.onmicrosoft.com","ade4696c-6d14-48ad-92d5-ec4e4f02e939","Microsoft_Intune_Suite","1","1","0","1","OK"
"All Environments Details","odl_user_2226981@otuwacne103911.onmicrosoft.com","ade4696c-6d14-48ad-92d5-ec4e4f02e939","AAD_PREMIUM_P2","0","3","0","3","OK"
"All Environments Details","odl_user_2226981@otuwacne103911.onmicrosoft.com","ade4696c-6d14-48ad-92d5-ec4e4f02e939","TVM_Premium_Add_on","1","1","0","1","OK"
"All Environments Details","odl_user_2226981@otuwacne103911.onmicrosoft.com","ade4696c-6d14-48ad-92d5-ec4e4f02e939","Microsoft_365_E5_(no_Teams)","1","1","0","1","OK"
"All Environments Details","odl_user_2226982@otuwacne103912.onmicrosoft.com","d8bde6b6-8f34-49d3-bbe7-d5b9d70a633f","Microsoft_Intune_Suite","1","1","0","1","OK"
"All Environments Details","odl_user_2226982@otuwacne103912.onmicrosoft.com","d8bde6b6-8f34-49d3-bbe7-d5b9d70a633f","AAD_PREMIUM_P2","0","3","0","3","OK"
"All Environments Details","odl_user_2226982@otuwacne103912.onmicrosoft.com","d8bde6b6-8f34-49d3-bbe7-d5b9d70a633f","TVM_Premium_Add_on","1","1","0","1","OK"
"All Environments Details","odl_user_2226982@otuwacne103912.onmicrosoft.com","d8bde6b6-8f34-49d3-bbe7-d5b9d70a633f","Microsoft_365_E5_(no_Teams)","1","1","0","1","OK"
"All Environments Details","odl_user_2226984@otuwacne103913.onmicrosoft.com","60033a35-2afe-4cfd-9a47-9a620404aa31","Microsoft_Intune_Suite","1","1","0","1","OK"
"All Environments Details","odl_user_2226984@otuwacne103913.onmicrosoft.com","60033a35-2afe-4cfd-9a47-9a620404aa31","AAD_PREMIUM_P2","0","3","0","3","OK"
"All Environments Details","odl_user_2226984@otuwacne103913.onmicrosoft.com","60033a35-2afe-4cfd-9a47-9a620404aa31","TVM_Premium_Add_on","1","1","0","1","OK"
"All Environments Details","odl_user_2226984@otuwacne103913.onmicrosoft.com","60033a35-2afe-4cfd-9a47-9a620404aa31","Microsoft_365_E5_(no_Teams)","1","1","0","1","OK"
"All Environments Details","odl_user_2226985@otuwacne103914.onmicrosoft.com","a761d25e-9540-4ae9-b421-1c730b77b9b7","Microsoft_Intune_Suite","1","1","0","1","OK"
"All Environments Details","odl_user_2226985@otuwacne103914.onmicrosoft.com","a761d25e-9540-4ae9-b421-1c730b77b9b7","AAD_PREMIUM_P2","0","3","0","3","OK"
"All Environments Details","odl_user_2226985@otuwacne103914.onmicrosoft.com","a761d25e-9540-4ae9-b421-1c730b77b9b7","TVM_Premium_Add_on","1","1","0","1","OK"
"All Environments Details","odl_user_2226985@otuwacne103914.onmicrosoft.com","a761d25e-9540-4ae9-b421-1c730b77b9b7","Microsoft_365_E5_(no_Teams)","1","1","0","1","OK"
"All Environments Details","odl_user_2226986@otuwacne103915.onmicrosoft.com","b13069f4-5126-478d-9c3f-585311924e1b","Microsoft_Intune_Suite","1","1","0","1","OK"
"All Environments Details","odl_user_2226986@otuwacne103915.onmicrosoft.com","b13069f4-5126-478d-9c3f-585311924e1b","AAD_PREMIUM_P2","0","3","0","3","OK"
"All Environments Details","odl_user_2226986@otuwacne103915.onmicrosoft.com","b13069f4-5126-478d-9c3f-585311924e1b","TVM_Premium_Add_on","1","1","0","1","OK"
"All Environments Details","odl_user_2226986@otuwacne103915.onmicrosoft.com","b13069f4-5126-478d-9c3f-585311924e1b","Microsoft_365_E5_(no_Teams)","1","1","0","1","OK"
"All Environments Details","odl_user_2226990@otuwacne103916.onmicrosoft.com","62658a69-d3c7-4cd0-bed7-5074dd2112dd","Microsoft_Intune_Suite","1","1","0","1","OK"
"All Environments Details","odl_user_2226990@otuwacne103916.onmicrosoft.com","62658a69-d3c7-4cd0-bed7-5074dd2112dd","AAD_PREMIUM_P2","0","3","0","3","OK"
"All Environments Details","odl_user_2226990@otuwacne103916.onmicrosoft.com","62658a69-d3c7-4cd0-bed7-5074dd2112dd","TVM_Premium_Add_on","1","1","0","1","OK"
"All Environments Details","odl_user_2226990@otuwacne103916.onmicrosoft.com","62658a69-d3c7-4cd0-bed7-5074dd2112dd","Microsoft_365_E5_(no_Teams)","1","1","0","1","OK"
"All Environments Details","odl_user_2226991@otuwacne103917.onmicrosoft.com","a23b8f48-de7b-466c-8526-66cfbbb84d36","Microsoft_Intune_Suite","1","1","0","1","OK"
"All Environments Details","odl_user_2226991@otuwacne103917.onmicrosoft.com","a23b8f48-de7b-466c-8526-66cfbbb84d36","AAD_PREMIUM_P2","0","3","0","3","OK"
"All Environments Details","odl_user_2226991@otuwacne103917.onmicrosoft.com","a23b8f48-de7b-466c-8526-66cfbbb84d36","TVM_Premium_Add_on","1","1","0","1","OK"
"All Environments Details","odl_user_2226991@otuwacne103917.onmicrosoft.com","a23b8f48-de7b-466c-8526-66cfbbb84d36","Microsoft_365_E5_(no_Teams)","1","1","0","1","OK"
"All Environments Details","odl_user_2226992@otuwacne103918.onmicrosoft.com","a1100c26-f2b3-410d-890a-7c14aacf020b","Microsoft_Intune_Suite","0","1","0","2","OK"
"All Environments Details","odl_user_2226992@otuwacne103918.onmicrosoft.com","a1100c26-f2b3-410d-890a-7c14aacf020b","AAD_PREMIUM_P2","0","3","0","3","OK"
"All Environments Details","odl_user_2226992@otuwacne103918.onmicrosoft.com","a1100c26-f2b3-410d-890a-7c14aacf020b","TVM_Premium_Add_on","1","1","0","1","OK"
"All Environments Details","odl_user_2226992@otuwacne103918.onmicrosoft.com","a1100c26-f2b3-410d-890a-7c14aacf020b","Microsoft_365_E5_(no_Teams)","1","1","0","1","OK"
"All Environments Details","odl_user_2226994@otuwacne103919.onmicrosoft.com","14082785-18ab-4187-b20b-298c462d8727","Microsoft_Intune_Suite","0","1","0","2","OK"
"All Environments Details","odl_user_2226994@otuwacne103919.onmicrosoft.com","14082785-18ab-4187-b20b-298c462d8727","AAD_PREMIUM_P2","0","3","0","3","OK"
"All Environments Details","odl_user_2226994@otuwacne103919.onmicrosoft.com","14082785-18ab-4187-b20b-298c462d8727","TVM_Premium_Add_on","1","1","0","1","OK"
"All Environments Details","odl_user_2226994@otuwacne103919.onmicrosoft.com","14082785-18ab-4187-b20b-298c462d8727","Microsoft_365_E5_(no_Teams)","1","1","0","1","OK"
"All Environments Details","odl_user_2226995@otuwacne103920.onmicrosoft.com","da9254b8-a2b9-4a50-991c-7888b6aaad09","Microsoft_Intune_Suite","0","1","0","2","OK"
"All Environments Details","odl_user_2226995@otuwacne103920.onmicrosoft.com","da9254b8-a2b9-4a50-991c-7888b6aaad09","AAD_PREMIUM_P2","0","3","0","3","OK"
"All Environments Details","odl_user_2226995@otuwacne103920.onmicrosoft.com","da9254b8-a2b9-4a50-991c-7888b6aaad09","TVM_Premium_Add_on","1","1","0","1","OK"
"All Environments Details","odl_user_2226995@otuwacne103920.onmicrosoft.com","da9254b8-a2b9-4a50-991c-7888b6aaad09","Microsoft_365_E5_(no_Teams)","1","1","0","1","OK"
"All Environments Details","odl_user_2227004@otuwacne103921.onmicrosoft.com","68eb9f36-7912-437e-9e62-08e46b15b0ac","Microsoft_Intune_Suite","0","1","0","2","OK"
"All Environments Details","odl_user_2227004@otuwacne103921.onmicrosoft.com","68eb9f36-7912-437e-9e62-08e46b15b0ac","AAD_PREMIUM_P2","0","3","0","3","OK"
"All Environments Details","odl_user_2227004@otuwacne103921.onmicrosoft.com","68eb9f36-7912-437e-9e62-08e46b15b0ac","TVM_Premium_Add_on","1","1","0","1","OK"
"All Environments Details","odl_user_2227004@otuwacne103921.onmicrosoft.com","68eb9f36-7912-437e-9e62-08e46b15b0ac","Microsoft_365_E5_(no_Teams)","1","1","0","1","OK"
"All Environments Details","odl_user_2227005@otuwacne103922.onmicrosoft.com","d727d293-c771-4a04-b151-0d2a585cb2a8","Microsoft_Intune_Suite","0","1","0","3","OK"
"All Environments Details","odl_user_2227005@otuwacne103922.onmicrosoft.com","d727d293-c771-4a04-b151-0d2a585cb2a8","AAD_PREMIUM_P2","0","3","0","3","OK"
"All Environments Details","odl_user_2227005@otuwacne103922.onmicrosoft.com","d727d293-c771-4a04-b151-0d2a585cb2a8","TVM_Premium_Add_on","1","1","0","1","OK"
"All Environments Details","odl_user_2227005@otuwacne103922.onmicrosoft.com","d727d293-c771-4a04-b151-0d2a585cb2a8","Microsoft_365_E5_(no_Teams)","1","1","0","1","OK"
"All Environments Details","odl_user_2227007@otuwacne103924.onmicrosoft.com","ce9e87cb-eaae-4a44-8bef-df96334ed4f0","Microsoft_Intune_Suite","1","1","0","1","OK"
"All Environments Details","odl_user_2227007@otuwacne103924.onmicrosoft.com","ce9e87cb-eaae-4a44-8bef-df96334ed4f0","AAD_PREMIUM_P2","0","3","0","3","OK"
"All Environments Details","odl_user_2227007@otuwacne103924.onmicrosoft.com","ce9e87cb-eaae-4a44-8bef-df96334ed4f0","TVM_Premium_Add_on","1","1","0","1","OK"
"All Environments Details","odl_user_2227007@otuwacne103924.onmicrosoft.com","ce9e87cb-eaae-4a44-8bef-df96334ed4f0","Microsoft_365_E5_(no_Teams)","1","1","0","1","OK"
"All Environments Details","odl_user_2227008@otuwacne103925.onmicrosoft.com","3ff9236f-a25e-4843-b191-898764f35a70","Microsoft_Intune_Suite","1","1","0","1","OK"
"All Environments Details","odl_user_2227008@otuwacne103925.onmicrosoft.com","3ff9236f-a25e-4843-b191-898764f35a70","AAD_PREMIUM_P2","0","3","0","3","OK"
"All Environments Details","odl_user_2227008@otuwacne103925.onmicrosoft.com","3ff9236f-a25e-4843-b191-898764f35a70","TVM_Premium_Add_on","1","1","0","1","OK"
"All Environments Details","odl_user_2227008@otuwacne103925.onmicrosoft.com","3ff9236f-a25e-4843-b191-898764f35a70","Microsoft_365_E5_(no_Teams)","1","1","0","1","OK"
"All Environments Details","odl_user_2227010@otuwacne103927.onmicrosoft.com","1778b86d-7055-4ecb-9139-598f675ca101","Microsoft_Intune_Suite","1","1","0","1","OK"
"All Environments Details","odl_user_2227010@otuwacne103927.onmicrosoft.com","1778b86d-7055-4ecb-9139-598f675ca101","AAD_PREMIUM_P2","0","3","0","3","OK"
"All Environments Details","odl_user_2227010@otuwacne103927.onmicrosoft.com","1778b86d-7055-4ecb-9139-598f675ca101","TVM_Premium_Add_on","1","1","0","1","OK"
"All Environments Details","odl_user_2227010@otuwacne103927.onmicrosoft.com","1778b86d-7055-4ecb-9139-598f675ca101","Microsoft_365_E5_(no_Teams)","1","1","0","1","OK"
"All Environments Details","odl_user_2227014@otuwacne103928.onmicrosoft.com","0609e4d7-751c-4907-a300-be64411d9436","Microsoft_Intune_Suite","1","1","0","1","OK"
"All Environments Details","odl_user_2227014@otuwacne103928.onmicrosoft.com","0609e4d7-751c-4907-a300-be64411d9436","AAD_PREMIUM_P2","0","3","0","3","OK"
"All Environments Details","odl_user_2227014@otuwacne103928.onmicrosoft.com","0609e4d7-751c-4907-a300-be64411d9436","TVM_Premium_Add_on","1","1","0","1","OK"
"All Environments Details","odl_user_2227014@otuwacne103928.onmicrosoft.com","0609e4d7-751c-4907-a300-be64411d9436","Microsoft_365_E5_(no_Teams)","1","1","0","1","OK"
"All Environments Details","odl_user_2227016@otuwacne103929.onmicrosoft.com","2d32005e-debb-4307-9225-22c44c80b196","Microsoft_Intune_Suite","1","1","0","1","OK"
"All Environments Details","odl_user_2227016@otuwacne103929.onmicrosoft.com","2d32005e-debb-4307-9225-22c44c80b196","AAD_PREMIUM_P2","0","3","0","3","OK"
"All Environments Details","odl_user_2227016@otuwacne103929.onmicrosoft.com","2d32005e-debb-4307-9225-22c44c80b196","TVM_Premium_Add_on","1","1","0","1","OK"
"All Environments Details","odl_user_2227016@otuwacne103929.onmicrosoft.com","2d32005e-debb-4307-9225-22c44c80b196","Microsoft_365_E5_(no_Teams)","0","1","0","1","OK"
"All Environments Details","odl_user_2227017@otuwacne103931.onmicrosoft.com","7fe98fbc-d0f4-4922-b365-4834e69463a9","Microsoft_Intune_Suite","1","1","0","1","OK"
"All Environments Details","odl_user_2227017@otuwacne103931.onmicrosoft.com","7fe98fbc-d0f4-4922-b365-4834e69463a9","AAD_PREMIUM_P2","0","3","0","3","OK"
"All Environments Details","odl_user_2227017@otuwacne103931.onmicrosoft.com","7fe98fbc-d0f4-4922-b365-4834e69463a9","TVM_Premium_Add_on","1","1","0","1","OK"
"All Environments Details","odl_user_2227017@otuwacne103931.onmicrosoft.com","7fe98fbc-d0f4-4922-b365-4834e69463a9","Microsoft_365_E5_(no_Teams)","0","1","0","1","OK"
"All Environments Details","odl_user_2227018@otuwacne103932.onmicrosoft.com","508cf1ab-b621-4af2-83a9-c7b3905126a3","Microsoft_Intune_Suite","1","1","0","1","OK"
"All Environments Details","odl_user_2227018@otuwacne103932.onmicrosoft.com","508cf1ab-b621-4af2-83a9-c7b3905126a3","AAD_PREMIUM_P2","0","3","0","3","OK"
"All Environments Details","odl_user_2227018@otuwacne103932.onmicrosoft.com","508cf1ab-b621-4af2-83a9-c7b3905126a3","TVM_Premium_Add_on","1","1","0","1","OK"
"All Environments Details","odl_user_2227018@otuwacne103932.onmicrosoft.com","508cf1ab-b621-4af2-83a9-c7b3905126a3","Microsoft_365_E5_(no_Teams)","0","1","0","1","OK"
"All Environments Details","odl_user_2227019@otuwacne103933.onmicrosoft.com","cdb32e64-7227-4c22-8533-93ab591d62e0","Microsoft_Intune_Suite","1","1","0","1","OK"
"All Environments Details","odl_user_2227019@otuwacne103933.onmicrosoft.com","cdb32e64-7227-4c22-8533-93ab591d62e0","AAD_PREMIUM_P2","0","3","0","3","OK"
"All Environments Details","odl_user_2227019@otuwacne103933.onmicrosoft.com","cdb32e64-7227-4c22-8533-93ab591d62e0","TVM_Premium_Add_on","0","1","0","1","OK"
"All Environments Details","odl_user_2227019@otuwacne103933.onmicrosoft.com","cdb32e64-7227-4c22-8533-93ab591d62e0","Microsoft_365_E5_(no_Teams)","0","1","0","1","OK"
"All Environments Details","odl_user_2227020@otuwacne103934.onmicrosoft.com","c082ef81-04c3-40da-acb3-acc206ff1210","Microsoft_Intune_Suite","1","1","0","1","OK"
"All Environments Details","odl_user_2227020@otuwacne103934.onmicrosoft.com","c082ef81-04c3-40da-acb3-acc206ff1210","AAD_PREMIUM_P2","0","3","0","3","OK"
"All Environments Details","odl_user_2227020@otuwacne103934.onmicrosoft.com","c082ef81-04c3-40da-acb3-acc206ff1210","TVM_Premium_Add_on","0","1","0","1","OK"
"All Environments Details","odl_user_2227020@otuwacne103934.onmicrosoft.com","c082ef81-04c3-40da-acb3-acc206ff1210","Microsoft_365_E5_(no_Teams)","0","1","0","1","OK"
"All Environments Details","odl_user_2227021@otuwacne103935.onmicrosoft.com","d4832ddc-1212-49ce-bee5-a93fca8040c5","Microsoft_Intune_Suite","0","1","0","1","OK"
"All Environments Details","odl_user_2227021@otuwacne103935.onmicrosoft.com","d4832ddc-1212-49ce-bee5-a93fca8040c5","AAD_PREMIUM_P2","0","3","0","3","OK"
"All Environments Details","odl_user_2227021@otuwacne103935.onmicrosoft.com","d4832ddc-1212-49ce-bee5-a93fca8040c5","TVM_Premium_Add_on","0","1","0","1","OK"
"All Environments Details","odl_user_2227021@otuwacne103935.onmicrosoft.com","d4832ddc-1212-49ce-bee5-a93fca8040c5","Microsoft_365_E5_(no_Teams)","0","1","0","1","OK"
"All Environments Details","odl_user_2227022@otuwacne103936.onmicrosoft.com","76dba37f-9699-4885-b9d9-ed852ae5f835","Microsoft_Intune_Suite","0","1","0","1","OK"
"All Environments Details","odl_user_2227022@otuwacne103936.onmicrosoft.com","76dba37f-9699-4885-b9d9-ed852ae5f835","AAD_PREMIUM_P2","0","3","0","3","OK"
"All Environments Details","odl_user_2227022@otuwacne103936.onmicrosoft.com","76dba37f-9699-4885-b9d9-ed852ae5f835","TVM_Premium_Add_on","0","1","0","1","OK"
"All Environments Details","odl_user_2227022@otuwacne103936.onmicrosoft.com","76dba37f-9699-4885-b9d9-ed852ae5f835","Microsoft_365_E5_(no_Teams)","0","1","0","1","OK"
"All Environments Details","odl_user_2227024@otuwacne103938.onmicrosoft.com","6a55c4e8-7a10-4373-bec5-e132a847a54b","Microsoft_Intune_Suite","0","1","0","1","OK"
"All Environments Details","odl_user_2227024@otuwacne103938.onmicrosoft.com","6a55c4e8-7a10-4373-bec5-e132a847a54b","AAD_PREMIUM_P2","0","3","0","3","OK"
"All Environments Details","odl_user_2227024@otuwacne103938.onmicrosoft.com","6a55c4e8-7a10-4373-bec5-e132a847a54b","TVM_Premium_Add_on","0","1","0","1","OK"
"All Environments Details","odl_user_2227024@otuwacne103938.onmicrosoft.com","6a55c4e8-7a10-4373-bec5-e132a847a54b","Microsoft_365_E5_(no_Teams)","0","1","0","1","OK"
"All Environments Details","odl_user_2227025@otuwacne103939.onmicrosoft.com","0ad6b347-2740-4979-af96-63127115f165","Microsoft_Intune_Suite","0","1","0","1","OK"
"All Environments Details","odl_user_2227025@otuwacne103939.onmicrosoft.com","0ad6b347-2740-4979-af96-63127115f165","AAD_PREMIUM_P2","0","3","0","3","OK"
"All Environments Details","odl_user_2227025@otuwacne103939.onmicrosoft.com","0ad6b347-2740-4979-af96-63127115f165","TVM_Premium_Add_on","0","1","0","1","OK"
"All Environments Details","odl_user_2227025@otuwacne103939.onmicrosoft.com","0ad6b347-2740-4979-af96-63127115f165","Microsoft_365_E5_(no_Teams)","0","1","0","1","OK"
"All Environments Details","odl_user_2227029@otuwacne103940.onmicrosoft.com","2b455926-da39-4cae-b189-fac4ed293f80","Microsoft_Intune_Suite","0","1","0","1","OK"
"All Environments Details","odl_user_2227029@otuwacne103940.onmicrosoft.com","2b455926-da39-4cae-b189-fac4ed293f80","AAD_PREMIUM_P2","0","3","0","3","OK"
"All Environments Details","odl_user_2227029@otuwacne103940.onmicrosoft.com","2b455926-da39-4cae-b189-fac4ed293f80","TVM_Premium_Add_on","0","1","0","1","OK"
"All Environments Details","odl_user_2227029@otuwacne103940.onmicrosoft.com","2b455926-da39-4cae-b189-fac4ed293f80","Microsoft_365_E5_(no_Teams)","0","1","0","1","OK"
"All Environments Details","odl_user_2227030@otuwacne103941.onmicrosoft.com","f4527b2e-cdb1-4957-86b4-1f50ac972841","Microsoft_Intune_Suite","0","1","0","1","OK"
"All Environments Details","odl_user_2227030@otuwacne103941.onmicrosoft.com","f4527b2e-cdb1-4957-86b4-1f50ac972841","AAD_PREMIUM_P2","0","3","0","3","OK"
"All Environments Details","odl_user_2227030@otuwacne103941.onmicrosoft.com","f4527b2e-cdb1-4957-86b4-1f50ac972841","TVM_Premium_Add_on","0","1","0","1","OK"
"All Environments Details","odl_user_2227030@otuwacne103941.onmicrosoft.com","f4527b2e-cdb1-4957-86b4-1f50ac972841","Microsoft_365_E5_(no_Teams)","0","1","0","1","OK"
"All Environments Details","odl_user_2227031@otuwacne103942.onmicrosoft.com","94906fc2-483b-4986-b9d9-60ba8aa3ad65","Microsoft_Intune_Suite","0","1","0","1","OK"
"All Environments Details","odl_user_2227031@otuwacne103942.onmicrosoft.com","94906fc2-483b-4986-b9d9-60ba8aa3ad65","AAD_PREMIUM_P2","0","3","0","3","OK"
"All Environments Details","odl_user_2227031@otuwacne103942.onmicrosoft.com","94906fc2-483b-4986-b9d9-60ba8aa3ad65","TVM_Premium_Add_on","0","1","0","1","OK"
"All Environments Details","odl_user_2227031@otuwacne103942.onmicrosoft.com","94906fc2-483b-4986-b9d9-60ba8aa3ad65","Microsoft_365_E5_(no_Teams)","0","1","0","1","OK"
"All Environments Details","odl_user_2227032@otuwacne103943.onmicrosoft.com","d3a9e600-4ed8-451a-80b3-31db1ea4eaa1","Microsoft_Intune_Suite","0","1","0","1","OK"
"All Environments Details","odl_user_2227032@otuwacne103943.onmicrosoft.com","d3a9e600-4ed8-451a-80b3-31db1ea4eaa1","AAD_PREMIUM_P2","0","3","0","3","OK"
"All Environments Details","odl_user_2227032@otuwacne103943.onmicrosoft.com","d3a9e600-4ed8-451a-80b3-31db1ea4eaa1","TVM_Premium_Add_on","0","1","0","1","OK"
"All Environments Details","odl_user_2227032@otuwacne103943.onmicrosoft.com","d3a9e600-4ed8-451a-80b3-31db1ea4eaa1","Microsoft_365_E5_(no_Teams)","0","1","0","1","OK"
"All Environments Details","odl_user_2227033@otuwacne103944.onmicrosoft.com","d5a924ac-62cb-4f91-9584-8ad2ab51ee51","Microsoft_Intune_Suite","0","1","0","1","OK"
"All Environments Details","odl_user_2227033@otuwacne103944.onmicrosoft.com","d5a924ac-62cb-4f91-9584-8ad2ab51ee51","AAD_PREMIUM_P2","0","3","0","3","OK"
"All Environments Details","odl_user_2227033@otuwacne103944.onmicrosoft.com","d5a924ac-62cb-4f91-9584-8ad2ab51ee51","TVM_Premium_Add_on","0","1","0","1","OK"
"All Environments Details","odl_user_2227033@otuwacne103944.onmicrosoft.com","d5a924ac-62cb-4f91-9584-8ad2ab51ee51","Microsoft_365_E5_(no_Teams)","0","1","0","1","OK"
"All Environments Details","odl_user_2227034@otuwacne103945.onmicrosoft.com","65b6c862-abe8-4775-bf1b-f04512114af1","Microsoft_Intune_Suite","0","1","0","1","OK"
"All Environments Details","odl_user_2227034@otuwacne103945.onmicrosoft.com","65b6c862-abe8-4775-bf1b-f04512114af1","AAD_PREMIUM_P2","0","3","0","5","OK"
"All Environments Details","odl_user_2227034@otuwacne103945.onmicrosoft.com","65b6c862-abe8-4775-bf1b-f04512114af1","TVM_Premium_Add_on","0","1","0","1","OK"
"All Environments Details","odl_user_2227034@otuwacne103945.onmicrosoft.com","65b6c862-abe8-4775-bf1b-f04512114af1","Microsoft_365_E5_(no_Teams)","0","1","0","1","OK"
"All Environments Details","odl_user_2227035@otuwacne103948.onmicrosoft.com","df7d81ec-95e7-47d4-9ed0-0d73ab04e3d0","Microsoft_Intune_Suite","0","1","0","1","OK"
"All Environments Details","odl_user_2227035@otuwacne103948.onmicrosoft.com","df7d81ec-95e7-47d4-9ed0-0d73ab04e3d0","AAD_PREMIUM_P2","0","3","0","3","OK"
"All Environments Details","odl_user_2227035@otuwacne103948.onmicrosoft.com","df7d81ec-95e7-47d4-9ed0-0d73ab04e3d0","TVM_Premium_Add_on","0","1","0","1","OK"
"All Environments Details","odl_user_2227035@otuwacne103948.onmicrosoft.com","df7d81ec-95e7-47d4-9ed0-0d73ab04e3d0","Microsoft_365_E5_(no_Teams)","0","1","0","1","OK"
"All Environments Details","odl_user_2227036@otuwacne103949.onmicrosoft.com","b1ed5703-8bd0-4f81-ae98-ec3ef7c10c27","Microsoft_Intune_Suite","0","1","0","1","OK"
"All Environments Details","odl_user_2227036@otuwacne103949.onmicrosoft.com","b1ed5703-8bd0-4f81-ae98-ec3ef7c10c27","AAD_PREMIUM_P2","0","3","0","3","OK"
"All Environments Details","odl_user_2227036@otuwacne103949.onmicrosoft.com","b1ed5703-8bd0-4f81-ae98-ec3ef7c10c27","TVM_Premium_Add_on","0","1","0","1","OK"
"All Environments Details","odl_user_2227036@otuwacne103949.onmicrosoft.com","b1ed5703-8bd0-4f81-ae98-ec3ef7c10c27","Microsoft_365_E5_(no_Teams)","0","1","0","1","OK"
"All Environments Details","odl_user_2227037@otuwacne103951.onmicrosoft.com","b61fd3b5-554d-4e28-8601-ed0dac162077","Microsoft_Intune_Suite","0","1","0","1","OK"
"All Environments Details","odl_user_2227037@otuwacne103951.onmicrosoft.com","b61fd3b5-554d-4e28-8601-ed0dac162077","AAD_PREMIUM_P2","0","3","0","3","OK"
"All Environments Details","odl_user_2227037@otuwacne103951.onmicrosoft.com","b61fd3b5-554d-4e28-8601-ed0dac162077","TVM_Premium_Add_on","0","1","0","1","OK"
"All Environments Details","odl_user_2227037@otuwacne103951.onmicrosoft.com","b61fd3b5-554d-4e28-8601-ed0dac162077","Microsoft_365_E5_(no_Teams)","0","1","0","1","OK"
"All Environments Details","odl_user_2227038@otuwacne103952.onmicrosoft.com","55fdf1aa-ad94-4198-ac1b-68717a4a8fc5","Microsoft_Intune_Suite","0","1","0","1","OK"
"All Environments Details","odl_user_2227038@otuwacne103952.onmicrosoft.com","55fdf1aa-ad94-4198-ac1b-68717a4a8fc5","AAD_PREMIUM_P2","0","3","0","3","OK"
"All Environments Details","odl_user_2227038@otuwacne103952.onmicrosoft.com","55fdf1aa-ad94-4198-ac1b-68717a4a8fc5","TVM_Premium_Add_on","0","1","0","1","OK"
"All Environments Details","odl_user_2227038@otuwacne103952.onmicrosoft.com","55fdf1aa-ad94-4198-ac1b-68717a4a8fc5","Microsoft_365_E5_(no_Teams)","0","1","0","1","OK"
"All Environments Details","odl_user_2227039@otuwacne103953.onmicrosoft.com","cbbe8e31-df15-4f69-8758-49dd3fc41410","","","","","","ERROR: The remote server returned an error: (400) Bad Request."
"All Environments Details","odl_user_2227040@otuwacne103954.onmicrosoft.com","7bfbd78a-45a0-4671-a309-c4fb32d5bc5a","Microsoft_Intune_Suite","0","1","0","2","OK"
"All Environments Details","odl_user_2227040@otuwacne103954.onmicrosoft.com","7bfbd78a-45a0-4671-a309-c4fb32d5bc5a","AAD_PREMIUM_P2","0","3","0","3","OK"
"All Environments Details","odl_user_2227040@otuwacne103954.onmicrosoft.com","7bfbd78a-45a0-4671-a309-c4fb32d5bc5a","TVM_Premium_Add_on","0","1","0","2","OK"
"All Environments Details","odl_user_2227040@otuwacne103954.onmicrosoft.com","7bfbd78a-45a0-4671-a309-c4fb32d5bc5a","Microsoft_365_E5_(no_Teams)","0","1","0","2","OK"
"All Environments Details","odl_user_2227041@otuwacne103955.onmicrosoft.com","d9baa514-5975-4392-b08f-664d3c0fea6f","Microsoft_Intune_Suite","1","1","0","1","OK"
"All Environments Details","odl_user_2227041@otuwacne103955.onmicrosoft.com","d9baa514-5975-4392-b08f-664d3c0fea6f","AAD_PREMIUM_P2","0","3","0","3","OK"
"All Environments Details","odl_user_2227041@otuwacne103955.onmicrosoft.com","d9baa514-5975-4392-b08f-664d3c0fea6f","TVM_Premium_Add_on","1","1","0","1","OK"
"All Environments Details","odl_user_2227041@otuwacne103955.onmicrosoft.com","d9baa514-5975-4392-b08f-664d3c0fea6f","Microsoft_365_E5_(no_Teams)","1","1","0","2","OK"
"All Environments Details","odl_user_2227042@otuwacne103959.onmicrosoft.com","360ebf92-46dc-4d94-9c5b-2716e53460fc","Microsoft_Intune_Suite","1","1","0","1","OK"
"All Environments Details","odl_user_2227042@otuwacne103959.onmicrosoft.com","360ebf92-46dc-4d94-9c5b-2716e53460fc","AAD_PREMIUM_P2","0","3","0","3","OK"
"All Environments Details","odl_user_2227042@otuwacne103959.onmicrosoft.com","360ebf92-46dc-4d94-9c5b-2716e53460fc","TVM_Premium_Add_on","1","1","0","1","OK"
"All Environments Details","odl_user_2227042@otuwacne103959.onmicrosoft.com","360ebf92-46dc-4d94-9c5b-2716e53460fc","Microsoft_365_E5_(no_Teams)","1","1","0","1","OK"
"All Environments Details","odl_user_2227043@otuwacne103961.onmicrosoft.com","c373a689-4210-43eb-8365-62ceacf3c2d7","Microsoft_Intune_Suite","1","1","0","1","OK"
"All Environments Details","odl_user_2227043@otuwacne103961.onmicrosoft.com","c373a689-4210-43eb-8365-62ceacf3c2d7","AAD_PREMIUM_P2","0","3","0","3","OK"
"All Environments Details","odl_user_2227043@otuwacne103961.onmicrosoft.com","c373a689-4210-43eb-8365-62ceacf3c2d7","TVM_Premium_Add_on","1","1","0","1","OK"
"All Environments Details","odl_user_2227043@otuwacne103961.onmicrosoft.com","c373a689-4210-43eb-8365-62ceacf3c2d7","Microsoft_365_E5_(no_Teams)","1","1","0","2","OK"
"All Environments Details","odl_user_2227044@otuwacne103962.onmicrosoft.com","152c40d7-5a3a-4f32-af08-57fcc2287489","Microsoft_Intune_Suite","1","1","0","1","OK"
"All Environments Details","odl_user_2227044@otuwacne103962.onmicrosoft.com","152c40d7-5a3a-4f32-af08-57fcc2287489","AAD_PREMIUM_P2","0","3","0","3","OK"
"All Environments Details","odl_user_2227044@otuwacne103962.onmicrosoft.com","152c40d7-5a3a-4f32-af08-57fcc2287489","TVM_Premium_Add_on","1","1","0","1","OK"
"All Environments Details","odl_user_2227044@otuwacne103962.onmicrosoft.com","152c40d7-5a3a-4f32-af08-57fcc2287489","Microsoft_365_E5_(no_Teams)","1","1","0","1","OK"
"All Environments Details","odl_user_2227045@otuwacne103963.onmicrosoft.com","0b23844d-215b-466f-8100-b03bbb5f3911","Microsoft_Intune_Suite","1","1","0","1","OK"
"All Environments Details","odl_user_2227045@otuwacne103963.onmicrosoft.com","0b23844d-215b-466f-8100-b03bbb5f3911","AAD_PREMIUM_P2","0","3","0","3","OK"
"All Environments Details","odl_user_2227045@otuwacne103963.onmicrosoft.com","0b23844d-215b-466f-8100-b03bbb5f3911","TVM_Premium_Add_on","1","1","0","1","OK"
"All Environments Details","odl_user_2227045@otuwacne103963.onmicrosoft.com","0b23844d-215b-466f-8100-b03bbb5f3911","Microsoft_365_E5_(no_Teams)","1","1","0","1","OK"
"All Environments Details","odl_user_2227046@otuwacne103964.onmicrosoft.com","bc496fd4-cbca-43f9-a157-682f299c41c2","Microsoft_Intune_Suite","1","1","0","1","OK"
"All Environments Details","odl_user_2227046@otuwacne103964.onmicrosoft.com","bc496fd4-cbca-43f9-a157-682f299c41c2","AAD_PREMIUM_P2","0","3","0","3","OK"
"All Environments Details","odl_user_2227046@otuwacne103964.onmicrosoft.com","bc496fd4-cbca-43f9-a157-682f299c41c2","TVM_Premium_Add_on","1","1","0","1","OK"
"All Environments Details","odl_user_2227046@otuwacne103964.onmicrosoft.com","bc496fd4-cbca-43f9-a157-682f299c41c2","Microsoft_365_E5_(no_Teams)","1","1","0","1","OK"
"All Environments Details","odl_user_2227047@otuwacne103965.onmicrosoft.com","e5fa521c-34f2-451c-93ab-e275aa237515","Microsoft_Intune_Suite","1","1","0","1","OK"
"All Environments Details","odl_user_2227047@otuwacne103965.onmicrosoft.com","e5fa521c-34f2-451c-93ab-e275aa237515","AAD_PREMIUM_P2","0","3","0","3","OK"
"All Environments Details","odl_user_2227047@otuwacne103965.onmicrosoft.com","e5fa521c-34f2-451c-93ab-e275aa237515","TVM_Premium_Add_on","1","1","0","1","OK"
"All Environments Details","odl_user_2227047@otuwacne103965.onmicrosoft.com","e5fa521c-34f2-451c-93ab-e275aa237515","Microsoft_365_E5_(no_Teams)","1","1","0","1","OK"
"All Environments Details","odl_user_2227049@otuwacne103966.onmicrosoft.com","d87bdccf-295a-4082-bec6-1f9fe0657f8d","Microsoft_Intune_Suite","1","1","0","1","OK"
"All Environments Details","odl_user_2227049@otuwacne103966.onmicrosoft.com","d87bdccf-295a-4082-bec6-1f9fe0657f8d","AAD_PREMIUM_P2","0","3","0","3","OK"
"All Environments Details","odl_user_2227049@otuwacne103966.onmicrosoft.com","d87bdccf-295a-4082-bec6-1f9fe0657f8d","TVM_Premium_Add_on","1","1","0","1","OK"
"All Environments Details","odl_user_2227049@otuwacne103966.onmicrosoft.com","d87bdccf-295a-4082-bec6-1f9fe0657f8d","Microsoft_365_E5_(no_Teams)","1","1","0","1","OK"
"All Environments Details","odl_user_2227050@otuwacne103967.onmicrosoft.com","d9a9476e-6d10-4d51-a667-f430c40a6db8","Microsoft_Intune_Suite","1","1","0","1","OK"
"All Environments Details","odl_user_2227050@otuwacne103967.onmicrosoft.com","d9a9476e-6d10-4d51-a667-f430c40a6db8","AAD_PREMIUM_P2","0","3","0","3","OK"
"All Environments Details","odl_user_2227050@otuwacne103967.onmicrosoft.com","d9a9476e-6d10-4d51-a667-f430c40a6db8","TVM_Premium_Add_on","1","1","0","1","OK"
"All Environments Details","odl_user_2227050@otuwacne103967.onmicrosoft.com","d9a9476e-6d10-4d51-a667-f430c40a6db8","Microsoft_365_E5_(no_Teams)","1","1","0","1","OK"
"All Environments Details","odl_user_2227051@otuwacne103968.onmicrosoft.com","088d64d3-fcc4-428f-bdc6-245bb6227182","Microsoft_Intune_Suite","1","1","0","1","OK"
"All Environments Details","odl_user_2227051@otuwacne103968.onmicrosoft.com","088d64d3-fcc4-428f-bdc6-245bb6227182","AAD_PREMIUM_P2","0","3","0","3","OK"
"All Environments Details","odl_user_2227051@otuwacne103968.onmicrosoft.com","088d64d3-fcc4-428f-bdc6-245bb6227182","TVM_Premium_Add_on","1","1","0","1","OK"
"All Environments Details","odl_user_2227051@otuwacne103968.onmicrosoft.com","088d64d3-fcc4-428f-bdc6-245bb6227182","Microsoft_365_E5_(no_Teams)","1","1","0","1","OK"
"All Environments Details","odl_user_2227052@otuwacne103969.onmicrosoft.com","581fb582-2f14-4377-9557-ceea0d409c08","Microsoft_Intune_Suite","1","1","0","1","OK"
"All Environments Details","odl_user_2227052@otuwacne103969.onmicrosoft.com","581fb582-2f14-4377-9557-ceea0d409c08","AAD_PREMIUM_P2","0","3","0","3","OK"
"All Environments Details","odl_user_2227052@otuwacne103969.onmicrosoft.com","581fb582-2f14-4377-9557-ceea0d409c08","TVM_Premium_Add_on","1","1","0","1","OK"
"All Environments Details","odl_user_2227052@otuwacne103969.onmicrosoft.com","581fb582-2f14-4377-9557-ceea0d409c08","Microsoft_365_E5_(no_Teams)","1","1","0","1","OK"
"All Environments Details","odl_user_2227053@otuwacne103970.onmicrosoft.com","5260b566-f122-49c9-99ab-7916003b0980","Microsoft_Intune_Suite","1","1","0","1","OK"
"All Environments Details","odl_user_2227053@otuwacne103970.onmicrosoft.com","5260b566-f122-49c9-99ab-7916003b0980","AAD_PREMIUM_P2","0","3","0","3","OK"
"All Environments Details","odl_user_2227053@otuwacne103970.onmicrosoft.com","5260b566-f122-49c9-99ab-7916003b0980","TVM_Premium_Add_on","1","1","0","1","OK"
"All Environments Details","odl_user_2227053@otuwacne103970.onmicrosoft.com","5260b566-f122-49c9-99ab-7916003b0980","Microsoft_365_E5_(no_Teams)","1","1","0","1","OK"
"All Environments Details","odl_user_2227054@otuwacne103972.onmicrosoft.com","c00a3fea-3972-4c63-a250-22a96d8af04d","Microsoft_Intune_Suite","1","1","0","1","OK"
"All Environments Details","odl_user_2227054@otuwacne103972.onmicrosoft.com","c00a3fea-3972-4c63-a250-22a96d8af04d","AAD_PREMIUM_P2","0","3","0","3","OK"
"All Environments Details","odl_user_2227054@otuwacne103972.onmicrosoft.com","c00a3fea-3972-4c63-a250-22a96d8af04d","TVM_Premium_Add_on","1","1","0","1","OK"
"All Environments Details","odl_user_2227054@otuwacne103972.onmicrosoft.com","c00a3fea-3972-4c63-a250-22a96d8af04d","Microsoft_365_E5_(no_Teams)","1","1","0","1","OK"
"All Environments Details","odl_user_2227055@otuwacne103973.onmicrosoft.com","8397a0cc-e938-47e8-8eb6-10d147fa7c9a","Microsoft_Intune_Suite","1","1","0","1","OK"
"All Environments Details","odl_user_2227055@otuwacne103973.onmicrosoft.com","8397a0cc-e938-47e8-8eb6-10d147fa7c9a","AAD_PREMIUM_P2","0","3","0","3","OK"
"All Environments Details","odl_user_2227055@otuwacne103973.onmicrosoft.com","8397a0cc-e938-47e8-8eb6-10d147fa7c9a","TVM_Premium_Add_on","1","1","0","1","OK"
"All Environments Details","odl_user_2227055@otuwacne103973.onmicrosoft.com","8397a0cc-e938-47e8-8eb6-10d147fa7c9a","Microsoft_365_E5_(no_Teams)","1","1","0","1","OK"
"All Environments Details","odl_user_2227056@otuwacne103975.onmicrosoft.com","bebe3aa5-8e16-452a-83bb-be5947d6f98c","Microsoft_Intune_Suite","1","1","0","1","OK"
"All Environments Details","odl_user_2227056@otuwacne103975.onmicrosoft.com","bebe3aa5-8e16-452a-83bb-be5947d6f98c","AAD_PREMIUM_P2","0","3","0","5","OK"
"All Environments Details","odl_user_2227056@otuwacne103975.onmicrosoft.com","bebe3aa5-8e16-452a-83bb-be5947d6f98c","TVM_Premium_Add_on","1","1","0","1","OK"
"All Environments Details","odl_user_2227056@otuwacne103975.onmicrosoft.com","bebe3aa5-8e16-452a-83bb-be5947d6f98c","Microsoft_365_E5_(no_Teams)","1","1","0","1","OK"
"All Environments Details","odl_user_2227057@otuwacne103976.onmicrosoft.com","62ee6aee-b2fe-49e5-bf86-99d42ea82bcb","Microsoft_Intune_Suite","1","1","0","1","OK"
"All Environments Details","odl_user_2227057@otuwacne103976.onmicrosoft.com","62ee6aee-b2fe-49e5-bf86-99d42ea82bcb","AAD_PREMIUM_P2","0","3","0","5","OK"
"All Environments Details","odl_user_2227057@otuwacne103976.onmicrosoft.com","62ee6aee-b2fe-49e5-bf86-99d42ea82bcb","TVM_Premium_Add_on","1","1","0","1","OK"
"All Environments Details","odl_user_2227057@otuwacne103976.onmicrosoft.com","62ee6aee-b2fe-49e5-bf86-99d42ea82bcb","Microsoft_365_E5_(no_Teams)","1","1","0","1","OK"
"All Environments Details","odl_user_2227059@otuwacne103978.onmicrosoft.com","996de039-3941-4d35-8d36-c1019a0c004e","Microsoft_Intune_Suite","1","1","0","2","OK"
"All Environments Details","odl_user_2227059@otuwacne103978.onmicrosoft.com","996de039-3941-4d35-8d36-c1019a0c004e","AAD_PREMIUM_P2","0","3","0","3","OK"
"All Environments Details","odl_user_2227059@otuwacne103978.onmicrosoft.com","996de039-3941-4d35-8d36-c1019a0c004e","TVM_Premium_Add_on","1","1","0","1","OK"
"All Environments Details","odl_user_2227059@otuwacne103978.onmicrosoft.com","996de039-3941-4d35-8d36-c1019a0c004e","Microsoft_365_E5_(no_Teams)","1","1","0","1","OK"
"All Environments Details","odl_user_2227060@otuwacne103979.onmicrosoft.com","5d6cad3a-51ac-4226-9127-86b1f2fd974f","Microsoft_Intune_Suite","1","1","0","1","OK"
"All Environments Details","odl_user_2227060@otuwacne103979.onmicrosoft.com","5d6cad3a-51ac-4226-9127-86b1f2fd974f","AAD_PREMIUM_P2","0","3","0","3","OK"
"All Environments Details","odl_user_2227060@otuwacne103979.onmicrosoft.com","5d6cad3a-51ac-4226-9127-86b1f2fd974f","TVM_Premium_Add_on","1","1","0","1","OK"
"All Environments Details","odl_user_2227060@otuwacne103979.onmicrosoft.com","5d6cad3a-51ac-4226-9127-86b1f2fd974f","Microsoft_365_E5_(no_Teams)","1","1","0","1","OK"
"All Environments Details","odl_user_2227061@otuwacne103980.onmicrosoft.com","d0a39780-539a-4a6e-b2de-b736b0620bbf","Microsoft_Intune_Suite","1","1","0","1","OK"
"All Environments Details","odl_user_2227061@otuwacne103980.onmicrosoft.com","d0a39780-539a-4a6e-b2de-b736b0620bbf","AAD_PREMIUM_P2","0","3","0","3","OK"
"All Environments Details","odl_user_2227061@otuwacne103980.onmicrosoft.com","d0a39780-539a-4a6e-b2de-b736b0620bbf","TVM_Premium_Add_on","1","1","0","1","OK"
"All Environments Details","odl_user_2227061@otuwacne103980.onmicrosoft.com","d0a39780-539a-4a6e-b2de-b736b0620bbf","Microsoft_365_E5_(no_Teams)","1","1","0","1","OK"
"All Environments Details","odl_user_2227063@otuwacne103981.onmicrosoft.com","ee874972-3931-442f-94f1-194077ab5509","Microsoft_Intune_Suite","1","1","0","1","OK"
"All Environments Details","odl_user_2227063@otuwacne103981.onmicrosoft.com","ee874972-3931-442f-94f1-194077ab5509","AAD_PREMIUM_P2","0","3","0","3","OK"
"All Environments Details","odl_user_2227063@otuwacne103981.onmicrosoft.com","ee874972-3931-442f-94f1-194077ab5509","TVM_Premium_Add_on","1","1","0","1","OK"
"All Environments Details","odl_user_2227063@otuwacne103981.onmicrosoft.com","ee874972-3931-442f-94f1-194077ab5509","Microsoft_365_E5_(no_Teams)","1","1","0","1","OK"
"All Environments Details","odl_user_2227065@otuwacne103983.onmicrosoft.com","6c747e2a-2cfa-4353-83c2-2f96e8658e7f","Microsoft_Intune_Suite","1","1","0","1","OK"
"All Environments Details","odl_user_2227065@otuwacne103983.onmicrosoft.com","6c747e2a-2cfa-4353-83c2-2f96e8658e7f","AAD_PREMIUM_P2","0","3","0","3","OK"
"All Environments Details","odl_user_2227065@otuwacne103983.onmicrosoft.com","6c747e2a-2cfa-4353-83c2-2f96e8658e7f","TVM_Premium_Add_on","1","1","0","1","OK"
"All Environments Details","odl_user_2227065@otuwacne103983.onmicrosoft.com","6c747e2a-2cfa-4353-83c2-2f96e8658e7f","Microsoft_365_E5_(no_Teams)","1","1","0","1","OK"
"All Environments Details","odl_user_2227066@otuwacne103984.onmicrosoft.com","720321f9-abf7-4f35-b95f-865ea1129e66","Microsoft_Intune_Suite","1","1","0","1","OK"
"All Environments Details","odl_user_2227066@otuwacne103984.onmicrosoft.com","720321f9-abf7-4f35-b95f-865ea1129e66","AAD_PREMIUM_P2","0","3","0","3","OK"
"All Environments Details","odl_user_2227066@otuwacne103984.onmicrosoft.com","720321f9-abf7-4f35-b95f-865ea1129e66","TVM_Premium_Add_on","1","1","0","1","OK"
"All Environments Details","odl_user_2227066@otuwacne103984.onmicrosoft.com","720321f9-abf7-4f35-b95f-865ea1129e66","Microsoft_365_E5_(no_Teams)","1","1","0","1","OK"
"All Environments Details","odl_user_2227067@otuwacne103985.onmicrosoft.com","1c7c5c7f-8a07-43d2-a34b-018e9dccf1b5","Microsoft_Intune_Suite","1","1","0","1","OK"
"All Environments Details","odl_user_2227067@otuwacne103985.onmicrosoft.com","1c7c5c7f-8a07-43d2-a34b-018e9dccf1b5","AAD_PREMIUM_P2","0","3","0","3","OK"
"All Environments Details","odl_user_2227067@otuwacne103985.onmicrosoft.com","1c7c5c7f-8a07-43d2-a34b-018e9dccf1b5","TVM_Premium_Add_on","1","1","0","1","OK"
"All Environments Details","odl_user_2227067@otuwacne103985.onmicrosoft.com","1c7c5c7f-8a07-43d2-a34b-018e9dccf1b5","Microsoft_365_E5_(no_Teams)","1","1","0","1","OK"
"All Environments Details","odl_user_2227068@otuwacne103986.onmicrosoft.com","2f2346f5-7774-44af-bff8-48424e5098a4","Microsoft_Intune_Suite","1","1","0","1","OK"
"All Environments Details","odl_user_2227068@otuwacne103986.onmicrosoft.com","2f2346f5-7774-44af-bff8-48424e5098a4","AAD_PREMIUM_P2","0","3","0","3","OK"
"All Environments Details","odl_user_2227068@otuwacne103986.onmicrosoft.com","2f2346f5-7774-44af-bff8-48424e5098a4","TVM_Premium_Add_on","1","1","0","1","OK"
"All Environments Details","odl_user_2227068@otuwacne103986.onmicrosoft.com","2f2346f5-7774-44af-bff8-48424e5098a4","Microsoft_365_E5_(no_Teams)","1","1","0","1","OK"
"All Environments Details","odl_user_2227070@otuwacne103987.onmicrosoft.com","d10bb18b-1445-4d3c-9013-b6816b01a14d","Microsoft_Intune_Suite","1","1","0","1","OK"
"All Environments Details","odl_user_2227070@otuwacne103987.onmicrosoft.com","d10bb18b-1445-4d3c-9013-b6816b01a14d","AAD_PREMIUM_P2","0","3","0","3","OK"
"All Environments Details","odl_user_2227070@otuwacne103987.onmicrosoft.com","d10bb18b-1445-4d3c-9013-b6816b01a14d","TVM_Premium_Add_on","1","1","0","1","OK"
"All Environments Details","odl_user_2227070@otuwacne103987.onmicrosoft.com","d10bb18b-1445-4d3c-9013-b6816b01a14d","Microsoft_365_E5_(no_Teams)","1","1","0","1","OK"
"All Environments Details","odl_user_2227071@otuwacne103988.onmicrosoft.com","6ad8c3d0-d2a5-4679-886a-62520920bc6b","Microsoft_Intune_Suite","1","1","0","1","OK"
"All Environments Details","odl_user_2227071@otuwacne103988.onmicrosoft.com","6ad8c3d0-d2a5-4679-886a-62520920bc6b","AAD_PREMIUM_P2","0","3","0","3","OK"
"All Environments Details","odl_user_2227071@otuwacne103988.onmicrosoft.com","6ad8c3d0-d2a5-4679-886a-62520920bc6b","TVM_Premium_Add_on","1","1","0","1","OK"
"All Environments Details","odl_user_2227071@otuwacne103988.onmicrosoft.com","6ad8c3d0-d2a5-4679-886a-62520920bc6b","Microsoft_365_E5_(no_Teams)","1","1","0","1","OK"
"All Environments Details","odl_user_2227072@otuwacne103990.onmicrosoft.com","0fdff097-6981-49aa-a15d-b300e7a85553","Microsoft_Intune_Suite","1","1","0","2","OK"
"All Environments Details","odl_user_2227072@otuwacne103990.onmicrosoft.com","0fdff097-6981-49aa-a15d-b300e7a85553","AAD_PREMIUM_P2","0","3","0","3","OK"
"All Environments Details","odl_user_2227072@otuwacne103990.onmicrosoft.com","0fdff097-6981-49aa-a15d-b300e7a85553","TVM_Premium_Add_on","1","1","0","1","OK"
"All Environments Details","odl_user_2227072@otuwacne103990.onmicrosoft.com","0fdff097-6981-49aa-a15d-b300e7a85553","Microsoft_365_E5_(no_Teams)","1","1","0","1","OK"
"All Environments Details","odl_user_2227074@otuwacne103992.onmicrosoft.com","d180178c-b0a7-4b4f-a760-c17d5432a050","Microsoft_Intune_Suite","1","1","0","2","OK"
"All Environments Details","odl_user_2227074@otuwacne103992.onmicrosoft.com","d180178c-b0a7-4b4f-a760-c17d5432a050","AAD_PREMIUM_P2","0","3","0","3","OK"
"All Environments Details","odl_user_2227074@otuwacne103992.onmicrosoft.com","d180178c-b0a7-4b4f-a760-c17d5432a050","TVM_Premium_Add_on","1","1","0","1","OK"
"All Environments Details","odl_user_2227074@otuwacne103992.onmicrosoft.com","d180178c-b0a7-4b4f-a760-c17d5432a050","Microsoft_365_E5_(no_Teams)","1","1","0","1","OK"
"All Environments Details","odl_user_2227075@otuwacne103993.onmicrosoft.com","515758fa-6df2-4d1c-ad7f-c6e92e29cd5a","Microsoft_Intune_Suite","1","1","0","1","OK"
"All Environments Details","odl_user_2227075@otuwacne103993.onmicrosoft.com","515758fa-6df2-4d1c-ad7f-c6e92e29cd5a","AAD_PREMIUM_P2","0","3","0","5","OK"
"All Environments Details","odl_user_2227075@otuwacne103993.onmicrosoft.com","515758fa-6df2-4d1c-ad7f-c6e92e29cd5a","TVM_Premium_Add_on","1","1","0","1","OK"
"All Environments Details","odl_user_2227075@otuwacne103993.onmicrosoft.com","515758fa-6df2-4d1c-ad7f-c6e92e29cd5a","Microsoft_365_E5_(no_Teams)","1","1","0","1","OK"
"All Environments Details","odl_user_2227076@otuwacne103994.onmicrosoft.com","9497f345-2dc9-4aca-9581-03f973c0729b","Microsoft_Intune_Suite","1","1","0","1","OK"
"All Environments Details","odl_user_2227076@otuwacne103994.onmicrosoft.com","9497f345-2dc9-4aca-9581-03f973c0729b","AAD_PREMIUM_P2","0","3","0","3","OK"
"All Environments Details","odl_user_2227076@otuwacne103994.onmicrosoft.com","9497f345-2dc9-4aca-9581-03f973c0729b","TVM_Premium_Add_on","1","1","0","1","OK"
"All Environments Details","odl_user_2227076@otuwacne103994.onmicrosoft.com","9497f345-2dc9-4aca-9581-03f973c0729b","Microsoft_365_E5_(no_Teams)","1","1","0","1","OK"
"All Environments Details","odl_user_2227077@otuwacne103995.onmicrosoft.com","4b2446e0-e17b-4e53-92dc-27c96dbf052b","Microsoft_Intune_Suite","1","1","0","1","OK"
"All Environments Details","odl_user_2227077@otuwacne103995.onmicrosoft.com","4b2446e0-e17b-4e53-92dc-27c96dbf052b","AAD_PREMIUM_P2","0","3","0","3","OK"
"All Environments Details","odl_user_2227077@otuwacne103995.onmicrosoft.com","4b2446e0-e17b-4e53-92dc-27c96dbf052b","TVM_Premium_Add_on","1","1","0","1","OK"
"All Environments Details","odl_user_2227077@otuwacne103995.onmicrosoft.com","4b2446e0-e17b-4e53-92dc-27c96dbf052b","Microsoft_365_E5_(no_Teams)","1","1","0","1","OK"
"All Environments Details","odl_user_2227078@otuwacne103996.onmicrosoft.com","ecc2d30e-95b3-41ef-b4b1-2f9f541a34ca","Microsoft_Intune_Suite","1","1","0","1","OK"
"All Environments Details","odl_user_2227078@otuwacne103996.onmicrosoft.com","ecc2d30e-95b3-41ef-b4b1-2f9f541a34ca","AAD_PREMIUM_P2","0","3","0","3","OK"
"All Environments Details","odl_user_2227078@otuwacne103996.onmicrosoft.com","ecc2d30e-95b3-41ef-b4b1-2f9f541a34ca","TVM_Premium_Add_on","1","1","0","1","OK"
"All Environments Details","odl_user_2227078@otuwacne103996.onmicrosoft.com","ecc2d30e-95b3-41ef-b4b1-2f9f541a34ca","Microsoft_365_E5_(no_Teams)","1","1","0","1","OK"
"All Environments Details","odl_user_2227079@otuwacne103997.onmicrosoft.com","a72d2241-6280-47be-a855-ea92aaf08ed6","Microsoft_Intune_Suite","1","1","0","1","OK"
"All Environments Details","odl_user_2227079@otuwacne103997.onmicrosoft.com","a72d2241-6280-47be-a855-ea92aaf08ed6","AAD_PREMIUM_P2","0","3","0","3","OK"
"All Environments Details","odl_user_2227079@otuwacne103997.onmicrosoft.com","a72d2241-6280-47be-a855-ea92aaf08ed6","TVM_Premium_Add_on","1","1","0","1","OK"
"All Environments Details","odl_user_2227079@otuwacne103997.onmicrosoft.com","a72d2241-6280-47be-a855-ea92aaf08ed6","Microsoft_365_E5_(no_Teams)","1","1","0","1","OK"
"All Environments Details","odl_user_2227080@otuwacne103998.onmicrosoft.com","3ed144d1-0d90-40cb-9bb4-dbad7a874e74","Microsoft_Intune_Suite","1","1","0","1","OK"
"All Environments Details","odl_user_2227080@otuwacne103998.onmicrosoft.com","3ed144d1-0d90-40cb-9bb4-dbad7a874e74","AAD_PREMIUM_P2","0","3","0","3","OK"
"All Environments Details","odl_user_2227080@otuwacne103998.onmicrosoft.com","3ed144d1-0d90-40cb-9bb4-dbad7a874e74","TVM_Premium_Add_on","1","1","0","1","OK"
"All Environments Details","odl_user_2227080@otuwacne103998.onmicrosoft.com","3ed144d1-0d90-40cb-9bb4-dbad7a874e74","Microsoft_365_E5_(no_Teams)","1","1","0","1","OK"
"All Environments Details","odl_user_2227081@otuwacne104000.onmicrosoft.com","4d27db45-5247-434e-b486-cafa2a3e8cc1","Microsoft_Intune_Suite","1","1","0","1","OK"
"All Environments Details","odl_user_2227081@otuwacne104000.onmicrosoft.com","4d27db45-5247-434e-b486-cafa2a3e8cc1","AAD_PREMIUM_P2","0","3","0","3","OK"
"All Environments Details","odl_user_2227081@otuwacne104000.onmicrosoft.com","4d27db45-5247-434e-b486-cafa2a3e8cc1","TVM_Premium_Add_on","1","1","0","1","OK"
"All Environments Details","odl_user_2227081@otuwacne104000.onmicrosoft.com","4d27db45-5247-434e-b486-cafa2a3e8cc1","Microsoft_365_E5_(no_Teams)","1","1","0","1","OK"
"All Environments Details","odl_user_2227082@otuwacne104001.onmicrosoft.com","f228cb19-dd3b-46c2-8f83-26f187126f85","Microsoft_Intune_Suite","1","1","0","1","OK"
"All Environments Details","odl_user_2227082@otuwacne104001.onmicrosoft.com","f228cb19-dd3b-46c2-8f83-26f187126f85","AAD_PREMIUM_P2","0","3","0","3","OK"
"All Environments Details","odl_user_2227082@otuwacne104001.onmicrosoft.com","f228cb19-dd3b-46c2-8f83-26f187126f85","TVM_Premium_Add_on","1","1","0","1","OK"
"All Environments Details","odl_user_2227082@otuwacne104001.onmicrosoft.com","f228cb19-dd3b-46c2-8f83-26f187126f85","Microsoft_365_E5_(no_Teams)","1","1","0","1","OK"
"All Environments Details","odl_user_2227083@otuwacne104002.onmicrosoft.com","28a55a2c-82bd-4b23-9f46-15ec7498ae91","Microsoft_Intune_Suite","1","1","0","1","OK"
"All Environments Details","odl_user_2227083@otuwacne104002.onmicrosoft.com","28a55a2c-82bd-4b23-9f46-15ec7498ae91","Microsoft_Teams_Exploratory_Dept","1","1","0","0","OK"
"All Environments Details","odl_user_2227083@otuwacne104002.onmicrosoft.com","28a55a2c-82bd-4b23-9f46-15ec7498ae91","AAD_PREMIUM_P2","0","3","0","3","OK"
"All Environments Details","odl_user_2227083@otuwacne104002.onmicrosoft.com","28a55a2c-82bd-4b23-9f46-15ec7498ae91","TVM_Premium_Add_on","1","1","0","1","OK"
"All Environments Details","odl_user_2227083@otuwacne104002.onmicrosoft.com","28a55a2c-82bd-4b23-9f46-15ec7498ae91","Microsoft_365_E5_(no_Teams)","1","1","0","1","OK"
"All Environments Details","odl_user_2227084@otuwacne104003.onmicrosoft.com","8576e7cd-3097-4f8f-b95e-5fa90f62ded3","Microsoft_Intune_Suite","1","1","0","1","OK"
"All Environments Details","odl_user_2227084@otuwacne104003.onmicrosoft.com","8576e7cd-3097-4f8f-b95e-5fa90f62ded3","AAD_PREMIUM_P2","0","3","0","3","OK"
"All Environments Details","odl_user_2227084@otuwacne104003.onmicrosoft.com","8576e7cd-3097-4f8f-b95e-5fa90f62ded3","TVM_Premium_Add_on","1","1","0","1","OK"
"All Environments Details","odl_user_2227084@otuwacne104003.onmicrosoft.com","8576e7cd-3097-4f8f-b95e-5fa90f62ded3","Microsoft_365_E5_(no_Teams)","1","1","0","1","OK"
"All Environments Details","odl_user_2227085@otuwacne104004.onmicrosoft.com","dcde1ddd-af2c-4b23-9ae5-d2a1fab7339f","Microsoft_Intune_Suite","1","1","0","1","OK"
"All Environments Details","odl_user_2227085@otuwacne104004.onmicrosoft.com","dcde1ddd-af2c-4b23-9ae5-d2a1fab7339f","AAD_PREMIUM_P2","0","3","0","3","OK"
"All Environments Details","odl_user_2227085@otuwacne104004.onmicrosoft.com","dcde1ddd-af2c-4b23-9ae5-d2a1fab7339f","TVM_Premium_Add_on","1","1","0","1","OK"
"All Environments Details","odl_user_2227085@otuwacne104004.onmicrosoft.com","dcde1ddd-af2c-4b23-9ae5-d2a1fab7339f","Microsoft_365_E5_(no_Teams)","1","1","0","1","OK"
"All Environments Details","odl_user_2227086@otuwacne104005.onmicrosoft.com","77060ab6-f578-4346-ae1e-1b5e216db2ed","Microsoft_Intune_Suite","0","1","0","2","OK"
"All Environments Details","odl_user_2227086@otuwacne104005.onmicrosoft.com","77060ab6-f578-4346-ae1e-1b5e216db2ed","AAD_PREMIUM_P2","0","3","0","3","OK"
"All Environments Details","odl_user_2227086@otuwacne104005.onmicrosoft.com","77060ab6-f578-4346-ae1e-1b5e216db2ed","TVM_Premium_Add_on","0","1","0","2","OK"
"All Environments Details","odl_user_2227086@otuwacne104005.onmicrosoft.com","77060ab6-f578-4346-ae1e-1b5e216db2ed","Microsoft_365_E5_(no_Teams)","1","1","0","1","OK"
"All Environments Details","odl_user_2227087@otuwacne104006.onmicrosoft.com","c8361611-e905-4af9-b27b-4a0c19c7ab9d","Microsoft_Intune_Suite","1","1","0","1","OK"
"All Environments Details","odl_user_2227087@otuwacne104006.onmicrosoft.com","c8361611-e905-4af9-b27b-4a0c19c7ab9d","AAD_PREMIUM_P2","0","3","0","3","OK"
"All Environments Details","odl_user_2227087@otuwacne104006.onmicrosoft.com","c8361611-e905-4af9-b27b-4a0c19c7ab9d","TVM_Premium_Add_on","1","1","0","1","OK"
"All Environments Details","odl_user_2227087@otuwacne104006.onmicrosoft.com","c8361611-e905-4af9-b27b-4a0c19c7ab9d","Microsoft_365_E5_(no_Teams)","1","1","0","1","OK"
"All Environments Details","odl_user_2227088@otuwacne104007.onmicrosoft.com","7feeb899-6bdc-4376-a909-452aba019ddd","Microsoft_Intune_Suite","1","1","0","1","OK"
"All Environments Details","odl_user_2227088@otuwacne104007.onmicrosoft.com","7feeb899-6bdc-4376-a909-452aba019ddd","AAD_PREMIUM_P2","0","3","0","3","OK"
"All Environments Details","odl_user_2227088@otuwacne104007.onmicrosoft.com","7feeb899-6bdc-4376-a909-452aba019ddd","TVM_Premium_Add_on","1","1","0","1","OK"
"All Environments Details","odl_user_2227088@otuwacne104007.onmicrosoft.com","7feeb899-6bdc-4376-a909-452aba019ddd","Microsoft_365_E5_(no_Teams)","1","1","0","1","OK"
"All Environments Details","odl_user_2227089@otuwacne104008.onmicrosoft.com","20417043-3ea5-43ea-85b1-606301f03632","Microsoft_Intune_Suite","1","1","0","1","OK"
"All Environments Details","odl_user_2227089@otuwacne104008.onmicrosoft.com","20417043-3ea5-43ea-85b1-606301f03632","AAD_PREMIUM_P2","0","3","0","3","OK"
"All Environments Details","odl_user_2227089@otuwacne104008.onmicrosoft.com","20417043-3ea5-43ea-85b1-606301f03632","TVM_Premium_Add_on","1","1","0","1","OK"
"All Environments Details","odl_user_2227089@otuwacne104008.onmicrosoft.com","20417043-3ea5-43ea-85b1-606301f03632","Microsoft_365_E5_(no_Teams)","1","1","0","1","OK"
"All Environments Details","odl_user_2227090@otuwacne104010.onmicrosoft.com","a38be04e-2bd5-4bad-b4fc-6ae2d4c429ef","Microsoft_Intune_Suite","1","1","0","1","OK"
"All Environments Details","odl_user_2227090@otuwacne104010.onmicrosoft.com","a38be04e-2bd5-4bad-b4fc-6ae2d4c429ef","AAD_PREMIUM_P2","0","3","0","3","OK"
"All Environments Details","odl_user_2227090@otuwacne104010.onmicrosoft.com","a38be04e-2bd5-4bad-b4fc-6ae2d4c429ef","TVM_Premium_Add_on","1","1","0","1","OK"
"All Environments Details","odl_user_2227090@otuwacne104010.onmicrosoft.com","a38be04e-2bd5-4bad-b4fc-6ae2d4c429ef","Microsoft_365_E5_(no_Teams)","1","1","0","1","OK"
"All Environments Details","odl_user_2227091@otuwacne104011.onmicrosoft.com","715f4527-5dcc-462e-a7b9-dfbbb6be43e3","Microsoft_Intune_Suite","1","1","0","1","OK"
"All Environments Details","odl_user_2227091@otuwacne104011.onmicrosoft.com","715f4527-5dcc-462e-a7b9-dfbbb6be43e3","AAD_PREMIUM_P2","0","3","0","3","OK"
"All Environments Details","odl_user_2227091@otuwacne104011.onmicrosoft.com","715f4527-5dcc-462e-a7b9-dfbbb6be43e3","TVM_Premium_Add_on","1","1","0","2","OK"
"All Environments Details","odl_user_2227091@otuwacne104011.onmicrosoft.com","715f4527-5dcc-462e-a7b9-dfbbb6be43e3","Microsoft_365_E5_(no_Teams)","1","1","0","1","OK"
"All Environments Details","odl_user_2227092@otuwacne104012.onmicrosoft.com","06f6bca4-7cc0-4899-bd08-0c976894d165","Microsoft_Intune_Suite","1","1","0","1","OK"
"All Environments Details","odl_user_2227092@otuwacne104012.onmicrosoft.com","06f6bca4-7cc0-4899-bd08-0c976894d165","AAD_PREMIUM_P2","0","3","0","3","OK"
"All Environments Details","odl_user_2227092@otuwacne104012.onmicrosoft.com","06f6bca4-7cc0-4899-bd08-0c976894d165","TVM_Premium_Add_on","1","1","0","2","OK"
"All Environments Details","odl_user_2227092@otuwacne104012.onmicrosoft.com","06f6bca4-7cc0-4899-bd08-0c976894d165","Microsoft_365_E5_(no_Teams)","1","1","0","1","OK"
"All Environments Details","odl_user_2227093@otuwacne104013.onmicrosoft.com","740edb9c-e174-4938-a673-07f42776ef2a","Microsoft_Intune_Suite","1","1","0","1","OK"
"All Environments Details","odl_user_2227093@otuwacne104013.onmicrosoft.com","740edb9c-e174-4938-a673-07f42776ef2a","AAD_PREMIUM_P2","0","3","0","3","OK"
"All Environments Details","odl_user_2227093@otuwacne104013.onmicrosoft.com","740edb9c-e174-4938-a673-07f42776ef2a","TVM_Premium_Add_on","1","1","0","1","OK"
"All Environments Details","odl_user_2227093@otuwacne104013.onmicrosoft.com","740edb9c-e174-4938-a673-07f42776ef2a","Microsoft_365_E5_(no_Teams)","1","1","0","1","OK"
"All Environments Details","odl_user_2227094@otuwacne104014.onmicrosoft.com","0a0495e4-e3f3-40ec-b90f-181fcaeeace2","Microsoft_Intune_Suite","1","1","0","1","OK"
"All Environments Details","odl_user_2227094@otuwacne104014.onmicrosoft.com","0a0495e4-e3f3-40ec-b90f-181fcaeeace2","AAD_PREMIUM_P2","0","3","0","3","OK"
"All Environments Details","odl_user_2227094@otuwacne104014.onmicrosoft.com","0a0495e4-e3f3-40ec-b90f-181fcaeeace2","TVM_Premium_Add_on","1","1","0","1","OK"
"All Environments Details","odl_user_2227094@otuwacne104014.onmicrosoft.com","0a0495e4-e3f3-40ec-b90f-181fcaeeace2","Microsoft_365_E5_(no_Teams)","1","1","0","1","OK"
"All Environments Details","odl_user_2227095@otuwacne104015.onmicrosoft.com","c068eea7-73b6-4be9-b265-9289be35cd81","Microsoft_Intune_Suite","1","1","0","1","OK"
"All Environments Details","odl_user_2227095@otuwacne104015.onmicrosoft.com","c068eea7-73b6-4be9-b265-9289be35cd81","AAD_PREMIUM_P2","0","3","0","3","OK"
"All Environments Details","odl_user_2227095@otuwacne104015.onmicrosoft.com","c068eea7-73b6-4be9-b265-9289be35cd81","TVM_Premium_Add_on","1","1","0","1","OK"
"All Environments Details","odl_user_2227095@otuwacne104015.onmicrosoft.com","c068eea7-73b6-4be9-b265-9289be35cd81","Microsoft_365_E5_(no_Teams)","1","1","0","1","OK"
"All Environments Details","odl_user_2227096@otuwacne104016.onmicrosoft.com","239b18f0-9f00-413c-9f28-7a4c89f9e489","Microsoft_Intune_Suite","1","1","0","1","OK"
"All Environments Details","odl_user_2227096@otuwacne104016.onmicrosoft.com","239b18f0-9f00-413c-9f28-7a4c89f9e489","AAD_PREMIUM_P2","0","3","0","3","OK"
"All Environments Details","odl_user_2227096@otuwacne104016.onmicrosoft.com","239b18f0-9f00-413c-9f28-7a4c89f9e489","TVM_Premium_Add_on","1","1","0","1","OK"
"All Environments Details","odl_user_2227096@otuwacne104016.onmicrosoft.com","239b18f0-9f00-413c-9f28-7a4c89f9e489","Microsoft_365_E5_(no_Teams)","1","1","0","1","OK"
"All Environments Details","odl_user_2227097@otuwacne104017.onmicrosoft.com","d5ee1bad-a8a6-4bf3-b56e-f06bbef38d6c","Microsoft_Intune_Suite","1","1","0","1","OK"
"All Environments Details","odl_user_2227097@otuwacne104017.onmicrosoft.com","d5ee1bad-a8a6-4bf3-b56e-f06bbef38d6c","AAD_PREMIUM_P2","0","3","0","3","OK"
"All Environments Details","odl_user_2227097@otuwacne104017.onmicrosoft.com","d5ee1bad-a8a6-4bf3-b56e-f06bbef38d6c","TVM_Premium_Add_on","1","1","0","1","OK"
"All Environments Details","odl_user_2227097@otuwacne104017.onmicrosoft.com","d5ee1bad-a8a6-4bf3-b56e-f06bbef38d6c","Microsoft_365_E5_(no_Teams)","1","1","0","1","OK"
"All Environments Details","odl_user_2227098@otuwacne104018.onmicrosoft.com","0a090846-6267-45b6-bdfc-9f8482da1694","Microsoft_Intune_Suite","1","1","0","1","OK"
"All Environments Details","odl_user_2227098@otuwacne104018.onmicrosoft.com","0a090846-6267-45b6-bdfc-9f8482da1694","AAD_PREMIUM_P2","0","3","0","3","OK"
"All Environments Details","odl_user_2227098@otuwacne104018.onmicrosoft.com","0a090846-6267-45b6-bdfc-9f8482da1694","TVM_Premium_Add_on","1","1","0","1","OK"
"All Environments Details","odl_user_2227098@otuwacne104018.onmicrosoft.com","0a090846-6267-45b6-bdfc-9f8482da1694","Microsoft_365_E5_(no_Teams)","1","1","0","1","OK"
"All Environments Details","odl_user_2227099@otuwacne104019.onmicrosoft.com","b27ea40b-42cb-4915-bc1c-998f0168e19e","Microsoft_Intune_Suite","0","1","0","2","OK"
"All Environments Details","odl_user_2227099@otuwacne104019.onmicrosoft.com","b27ea40b-42cb-4915-bc1c-998f0168e19e","AAD_PREMIUM_P2","0","3","0","3","OK"
"All Environments Details","odl_user_2227099@otuwacne104019.onmicrosoft.com","b27ea40b-42cb-4915-bc1c-998f0168e19e","TVM_Premium_Add_on","1","1","0","1","OK"
"All Environments Details","odl_user_2227099@otuwacne104019.onmicrosoft.com","b27ea40b-42cb-4915-bc1c-998f0168e19e","Microsoft_365_E5_(no_Teams)","1","1","0","1","OK"
"All Environments Details","odl_user_2227100@otuwacne104020.onmicrosoft.com","9c332479-62c7-4218-a9fd-1f8c771625ed","Microsoft_Intune_Suite","0","1","0","2","OK"
"All Environments Details","odl_user_2227100@otuwacne104020.onmicrosoft.com","9c332479-62c7-4218-a9fd-1f8c771625ed","AAD_PREMIUM_P2","0","3","0","3","OK"
"All Environments Details","odl_user_2227100@otuwacne104020.onmicrosoft.com","9c332479-62c7-4218-a9fd-1f8c771625ed","TVM_Premium_Add_on","1","1","0","1","OK"
"All Environments Details","odl_user_2227100@otuwacne104020.onmicrosoft.com","9c332479-62c7-4218-a9fd-1f8c771625ed","Microsoft_365_E5_(no_Teams)","1","1","0","1","OK"
"All Environments Details","odl_user_2227101@otuwacne104021.onmicrosoft.com","8826e5b0-5745-44da-b46e-7868826bbd9a","Microsoft_Intune_Suite","0","1","0","2","OK"
"All Environments Details","odl_user_2227101@otuwacne104021.onmicrosoft.com","8826e5b0-5745-44da-b46e-7868826bbd9a","AAD_PREMIUM_P2","0","3","0","3","OK"
"All Environments Details","odl_user_2227101@otuwacne104021.onmicrosoft.com","8826e5b0-5745-44da-b46e-7868826bbd9a","TVM_Premium_Add_on","1","1","0","1","OK"
"All Environments Details","odl_user_2227101@otuwacne104021.onmicrosoft.com","8826e5b0-5745-44da-b46e-7868826bbd9a","Microsoft_365_E5_(no_Teams)","1","1","0","1","OK"
"All Environments Details","odl_user_2227102@otuwacne104022.onmicrosoft.com","2705ac40-4350-4221-bf79-cd4c2c0a410f","Microsoft_Intune_Suite","0","1","0","2","OK"
"All Environments Details","odl_user_2227102@otuwacne104022.onmicrosoft.com","2705ac40-4350-4221-bf79-cd4c2c0a410f","AAD_PREMIUM_P2","0","3","0","3","OK"
"All Environments Details","odl_user_2227102@otuwacne104022.onmicrosoft.com","2705ac40-4350-4221-bf79-cd4c2c0a410f","TVM_Premium_Add_on","1","1","0","1","OK"
"All Environments Details","odl_user_2227102@otuwacne104022.onmicrosoft.com","2705ac40-4350-4221-bf79-cd4c2c0a410f","Microsoft_365_E5_(no_Teams)","1","1","0","1","OK"
"All Environments Details","odl_user_2227103@otuwacne104023.onmicrosoft.com","e190d087-5aa7-49d3-aa85-7f5f3a557fad","Microsoft_Intune_Suite","0","1","0","3","OK"
"All Environments Details","odl_user_2227103@otuwacne104023.onmicrosoft.com","e190d087-5aa7-49d3-aa85-7f5f3a557fad","AAD_PREMIUM_P2","0","3","0","3","OK"
"All Environments Details","odl_user_2227103@otuwacne104023.onmicrosoft.com","e190d087-5aa7-49d3-aa85-7f5f3a557fad","TVM_Premium_Add_on","1","1","0","1","OK"
"All Environments Details","odl_user_2227103@otuwacne104023.onmicrosoft.com","e190d087-5aa7-49d3-aa85-7f5f3a557fad","Microsoft_365_E5_(no_Teams)","1","1","0","1","OK"
"All Environments Details","odl_user_2227104@otuwacne104024.onmicrosoft.com","8137ac79-ecd3-44f2-902a-3d7047648cb8","Microsoft_Intune_Suite","0","1","0","3","OK"
"All Environments Details","odl_user_2227104@otuwacne104024.onmicrosoft.com","8137ac79-ecd3-44f2-902a-3d7047648cb8","AAD_PREMIUM_P2","0","3","0","3","OK"
"All Environments Details","odl_user_2227104@otuwacne104024.onmicrosoft.com","8137ac79-ecd3-44f2-902a-3d7047648cb8","TVM_Premium_Add_on","1","1","0","1","OK"
"All Environments Details","odl_user_2227104@otuwacne104024.onmicrosoft.com","8137ac79-ecd3-44f2-902a-3d7047648cb8","Microsoft_365_E5_(no_Teams)","1","1","0","1","OK"
"All Environments Details","odl_user_2227105@otuwacne104025.onmicrosoft.com","f3f22920-8bb0-40c6-bfbd-c42c4c4823ae","Microsoft_Intune_Suite","0","1","0","3","OK"
"All Environments Details","odl_user_2227105@otuwacne104025.onmicrosoft.com","f3f22920-8bb0-40c6-bfbd-c42c4c4823ae","AAD_PREMIUM_P2","0","3","0","3","OK"
"All Environments Details","odl_user_2227105@otuwacne104025.onmicrosoft.com","f3f22920-8bb0-40c6-bfbd-c42c4c4823ae","TVM_Premium_Add_on","1","1","0","1","OK"
"All Environments Details","odl_user_2227105@otuwacne104025.onmicrosoft.com","f3f22920-8bb0-40c6-bfbd-c42c4c4823ae","Microsoft_365_E5_(no_Teams)","1","1","0","1","OK"
"All Environments Details","odl_user_2227106@otuwacne104026.onmicrosoft.com","01f99e49-0638-4333-b5a3-1560757babaf","Microsoft_Intune_Suite","0","1","0","3","OK"
"All Environments Details","odl_user_2227106@otuwacne104026.onmicrosoft.com","01f99e49-0638-4333-b5a3-1560757babaf","AAD_PREMIUM_P2","0","3","0","3","OK"
"All Environments Details","odl_user_2227106@otuwacne104026.onmicrosoft.com","01f99e49-0638-4333-b5a3-1560757babaf","TVM_Premium_Add_on","1","1","0","1","OK"
"All Environments Details","odl_user_2227106@otuwacne104026.onmicrosoft.com","01f99e49-0638-4333-b5a3-1560757babaf","Microsoft_365_E5_(no_Teams)","1","1","0","1","OK"
"All Environments Details","odl_user_2227107@otuwacne104027.onmicrosoft.com","892cd6f7-5fd3-41d8-99e4-1eda6256d0b8","Microsoft_Intune_Suite","0","1","0","2","OK"
"All Environments Details","odl_user_2227107@otuwacne104027.onmicrosoft.com","892cd6f7-5fd3-41d8-99e4-1eda6256d0b8","AAD_PREMIUM_P2","0","3","0","3","OK"
"All Environments Details","odl_user_2227107@otuwacne104027.onmicrosoft.com","892cd6f7-5fd3-41d8-99e4-1eda6256d0b8","TVM_Premium_Add_on","1","1","0","1","OK"
"All Environments Details","odl_user_2227107@otuwacne104027.onmicrosoft.com","892cd6f7-5fd3-41d8-99e4-1eda6256d0b8","Microsoft_365_E5_(no_Teams)","1","1","0","1","OK"
"All Environments Details","odl_user_2227108@otuwacne104028.onmicrosoft.com","ff4db708-d638-4bd7-92b0-6b2bc373d948","Microsoft_Intune_Suite","0","1","0","2","OK"
"All Environments Details","odl_user_2227108@otuwacne104028.onmicrosoft.com","ff4db708-d638-4bd7-92b0-6b2bc373d948","AAD_PREMIUM_P2","0","3","0","3","OK"
"All Environments Details","odl_user_2227108@otuwacne104028.onmicrosoft.com","ff4db708-d638-4bd7-92b0-6b2bc373d948","TVM_Premium_Add_on","1","1","0","1","OK"
"All Environments Details","odl_user_2227108@otuwacne104028.onmicrosoft.com","ff4db708-d638-4bd7-92b0-6b2bc373d948","Microsoft_365_E5_(no_Teams)","1","1","0","1","OK"
"All Environments Details","odl_user_2227109@otuwacne104029.onmicrosoft.com","6a2fa177-8ffa-47c2-8bba-93d3ad37643c","Microsoft_Intune_Suite","0","1","0","3","OK"
"All Environments Details","odl_user_2227109@otuwacne104029.onmicrosoft.com","6a2fa177-8ffa-47c2-8bba-93d3ad37643c","AAD_PREMIUM_P2","0","3","0","5","OK"
"All Environments Details","odl_user_2227109@otuwacne104029.onmicrosoft.com","6a2fa177-8ffa-47c2-8bba-93d3ad37643c","TVM_Premium_Add_on","1","1","0","1","OK"
"All Environments Details","odl_user_2227109@otuwacne104029.onmicrosoft.com","6a2fa177-8ffa-47c2-8bba-93d3ad37643c","Microsoft_365_E5_(no_Teams)","1","1","0","1","OK"
"All Environments Details","odl_user_2227110@otuwacne104030.onmicrosoft.com","e8658aab-b40a-4952-b974-a2c0d40e0008","Microsoft_Intune_Suite","0","1","0","2","OK"
"All Environments Details","odl_user_2227110@otuwacne104030.onmicrosoft.com","e8658aab-b40a-4952-b974-a2c0d40e0008","AAD_PREMIUM_P2","0","3","0","5","OK"
"All Environments Details","odl_user_2227110@otuwacne104030.onmicrosoft.com","e8658aab-b40a-4952-b974-a2c0d40e0008","TVM_Premium_Add_on","1","1","0","1","OK"
"All Environments Details","odl_user_2227110@otuwacne104030.onmicrosoft.com","e8658aab-b40a-4952-b974-a2c0d40e0008","Microsoft_365_E5_(no_Teams)","1","1","0","1","OK"
"All Environments Details","odl_user_2227111@otuwacne104031.onmicrosoft.com","8f8ee0d0-6f48-4589-a959-830afad64bf9","Microsoft_Intune_Suite","0","1","0","2","OK"
"All Environments Details","odl_user_2227111@otuwacne104031.onmicrosoft.com","8f8ee0d0-6f48-4589-a959-830afad64bf9","AAD_PREMIUM_P2","0","3","0","5","OK"
"All Environments Details","odl_user_2227111@otuwacne104031.onmicrosoft.com","8f8ee0d0-6f48-4589-a959-830afad64bf9","TVM_Premium_Add_on","1","1","0","1","OK"
"All Environments Details","odl_user_2227111@otuwacne104031.onmicrosoft.com","8f8ee0d0-6f48-4589-a959-830afad64bf9","Microsoft_365_E5_(no_Teams)","1","1","0","1","OK"
"All Environments Details","odl_user_2227112@otuwacne104032.onmicrosoft.com","ffe9ac1a-80aa-4f11-a802-eddfd7e4dc4e","Microsoft_Intune_Suite","0","1","0","3","OK"
"All Environments Details","odl_user_2227112@otuwacne104032.onmicrosoft.com","ffe9ac1a-80aa-4f11-a802-eddfd7e4dc4e","AAD_PREMIUM_P2","0","3","0","5","OK"
"All Environments Details","odl_user_2227112@otuwacne104032.onmicrosoft.com","ffe9ac1a-80aa-4f11-a802-eddfd7e4dc4e","TVM_Premium_Add_on","1","1","0","1","OK"
"All Environments Details","odl_user_2227112@otuwacne104032.onmicrosoft.com","ffe9ac1a-80aa-4f11-a802-eddfd7e4dc4e","Microsoft_365_E5_(no_Teams)","1","1","0","1","OK"
"All Environments Details","odl_user_2227113@otuwacne104033.onmicrosoft.com","f7d431d4-3384-4a3d-89b2-0e928854f53a","Microsoft_Intune_Suite","0","1","0","3","OK"
"All Environments Details","odl_user_2227113@otuwacne104033.onmicrosoft.com","f7d431d4-3384-4a3d-89b2-0e928854f53a","AAD_PREMIUM_P2","0","3","0","5","OK"
"All Environments Details","odl_user_2227113@otuwacne104033.onmicrosoft.com","f7d431d4-3384-4a3d-89b2-0e928854f53a","TVM_Premium_Add_on","1","1","0","1","OK"
"All Environments Details","odl_user_2227113@otuwacne104033.onmicrosoft.com","f7d431d4-3384-4a3d-89b2-0e928854f53a","Microsoft_365_E5_(no_Teams)","1","1","0","1","OK"
"All Environments Details","odl_user_2227114@otuwacne104034.onmicrosoft.com","eb81c46e-9dd7-4f98-923d-cde68124d5e3","Microsoft_Intune_Suite","0","1","0","3","OK"
"All Environments Details","odl_user_2227114@otuwacne104034.onmicrosoft.com","eb81c46e-9dd7-4f98-923d-cde68124d5e3","AAD_PREMIUM_P2","0","3","0","5","OK"
"All Environments Details","odl_user_2227114@otuwacne104034.onmicrosoft.com","eb81c46e-9dd7-4f98-923d-cde68124d5e3","TVM_Premium_Add_on","1","1","0","1","OK"
"All Environments Details","odl_user_2227114@otuwacne104034.onmicrosoft.com","eb81c46e-9dd7-4f98-923d-cde68124d5e3","Microsoft_365_E5_(no_Teams)","1","1","0","1","OK"
"All Environments Details","odl_user_2227115@otuwacne104035.onmicrosoft.com","a1f09864-e1dc-44a9-9378-80bcc319f819","Microsoft_Intune_Suite","0","1","0","3","OK"
"All Environments Details","odl_user_2227115@otuwacne104035.onmicrosoft.com","a1f09864-e1dc-44a9-9378-80bcc319f819","AAD_PREMIUM_P2","0","3","0","5","OK"
"All Environments Details","odl_user_2227115@otuwacne104035.onmicrosoft.com","a1f09864-e1dc-44a9-9378-80bcc319f819","TVM_Premium_Add_on","1","1","0","1","OK"
"All Environments Details","odl_user_2227115@otuwacne104035.onmicrosoft.com","a1f09864-e1dc-44a9-9378-80bcc319f819","Microsoft_365_E5_(no_Teams)","1","1","0","1","OK"
"All Environments Details","odl_user_2227116@otuwacne104036.onmicrosoft.com","aea992f4-7e48-4c8d-90e6-164046a30ec4","Microsoft_Intune_Suite","0","1","0","3","OK"
"All Environments Details","odl_user_2227116@otuwacne104036.onmicrosoft.com","aea992f4-7e48-4c8d-90e6-164046a30ec4","AAD_PREMIUM_P2","0","3","0","5","OK"
"All Environments Details","odl_user_2227116@otuwacne104036.onmicrosoft.com","aea992f4-7e48-4c8d-90e6-164046a30ec4","TVM_Premium_Add_on","1","1","0","1","OK"
"All Environments Details","odl_user_2227116@otuwacne104036.onmicrosoft.com","aea992f4-7e48-4c8d-90e6-164046a30ec4","Microsoft_365_E5_(no_Teams)","1","1","0","1","OK"
"All Environments Details","odl_user_2227117@otuwacne104037.onmicrosoft.com","54445e7b-b406-45a1-bc8b-7e18795721d2","Microsoft_Intune_Suite","0","1","0","3","OK"
"All Environments Details","odl_user_2227117@otuwacne104037.onmicrosoft.com","54445e7b-b406-45a1-bc8b-7e18795721d2","AAD_PREMIUM_P2","0","3","0","5","OK"
"All Environments Details","odl_user_2227117@otuwacne104037.onmicrosoft.com","54445e7b-b406-45a1-bc8b-7e18795721d2","TVM_Premium_Add_on","1","1","0","1","OK"
"All Environments Details","odl_user_2227117@otuwacne104037.onmicrosoft.com","54445e7b-b406-45a1-bc8b-7e18795721d2","Microsoft_365_E5_(no_Teams)","1","1","0","1","OK"
"All Environments Details","odl_user_2227118@otuwacne104038.onmicrosoft.com","6b2cb526-38f0-4e01-89d7-02a077e7b346","Microsoft_Intune_Suite","0","1","0","3","OK"
"All Environments Details","odl_user_2227118@otuwacne104038.onmicrosoft.com","6b2cb526-38f0-4e01-89d7-02a077e7b346","AAD_PREMIUM_P2","0","3","0","5","OK"
"All Environments Details","odl_user_2227118@otuwacne104038.onmicrosoft.com","6b2cb526-38f0-4e01-89d7-02a077e7b346","TVM_Premium_Add_on","1","1","0","1","OK"
"All Environments Details","odl_user_2227118@otuwacne104038.onmicrosoft.com","6b2cb526-38f0-4e01-89d7-02a077e7b346","Microsoft_365_E5_(no_Teams)","1","1","0","1","OK"
"All Environments Details","odl_user_2227119@otuwacne104039.onmicrosoft.com","cb986d18-9943-4824-831d-d38ee2ef2d3d","Microsoft_Intune_Suite","0","1","0","3","OK"
"All Environments Details","odl_user_2227119@otuwacne104039.onmicrosoft.com","cb986d18-9943-4824-831d-d38ee2ef2d3d","AAD_PREMIUM_P2","0","3","0","5","OK"
"All Environments Details","odl_user_2227119@otuwacne104039.onmicrosoft.com","cb986d18-9943-4824-831d-d38ee2ef2d3d","TVM_Premium_Add_on","1","1","0","1","OK"
"All Environments Details","odl_user_2227119@otuwacne104039.onmicrosoft.com","cb986d18-9943-4824-831d-d38ee2ef2d3d","Microsoft_365_E5_(no_Teams)","1","1","0","1","OK"
"All Environments Details","odl_user_2227120@otuwacne104040.onmicrosoft.com","ec241690-4987-4d99-85c3-5d250077e78b","Microsoft_Intune_Suite","0","1","0","3","OK"
"All Environments Details","odl_user_2227120@otuwacne104040.onmicrosoft.com","ec241690-4987-4d99-85c3-5d250077e78b","AAD_PREMIUM_P2","0","3","0","5","OK"
"All Environments Details","odl_user_2227120@otuwacne104040.onmicrosoft.com","ec241690-4987-4d99-85c3-5d250077e78b","TVM_Premium_Add_on","1","1","0","2","OK"
"All Environments Details","odl_user_2227120@otuwacne104040.onmicrosoft.com","ec241690-4987-4d99-85c3-5d250077e78b","Microsoft_365_E5_(no_Teams)","1","1","0","1","OK"
"All Environments Details","odl_user_2227121@otuwacne104059.onmicrosoft.com","1b2c7d15-bec3-4910-a516-14ed6bf1c66a","Microsoft_Intune_Suite","0","1","0","3","OK"
"All Environments Details","odl_user_2227121@otuwacne104059.onmicrosoft.com","1b2c7d15-bec3-4910-a516-14ed6bf1c66a","AAD_PREMIUM_P2","0","3","0","5","OK"
"All Environments Details","odl_user_2227121@otuwacne104059.onmicrosoft.com","1b2c7d15-bec3-4910-a516-14ed6bf1c66a","TVM_Premium_Add_on","1","1","0","3","OK"
"All Environments Details","odl_user_2227121@otuwacne104059.onmicrosoft.com","1b2c7d15-bec3-4910-a516-14ed6bf1c66a","Microsoft_365_E5_(no_Teams)","1","1","0","1","OK"
"All Environments Details","odl_user_2227123@otuwacne104066.onmicrosoft.com","7be8c231-7762-4d04-9675-df54c78f4fd4","Microsoft_Intune_Suite","0","1","0","2","OK"
"All Environments Details","odl_user_2227123@otuwacne104066.onmicrosoft.com","7be8c231-7762-4d04-9675-df54c78f4fd4","AAD_PREMIUM_P2","0","3","0","5","OK"
"All Environments Details","odl_user_2227123@otuwacne104066.onmicrosoft.com","7be8c231-7762-4d04-9675-df54c78f4fd4","TVM_Premium_Add_on","0","1","0","2","OK"
"All Environments Details","odl_user_2227123@otuwacne104066.onmicrosoft.com","7be8c231-7762-4d04-9675-df54c78f4fd4","Microsoft_365_E5_(no_Teams)","0","1","0","1","OK"
"All Environments Details","odl_user_2227125@otuwacne104067.onmicrosoft.com","e4b42f53-aa42-47fb-b6c4-2094797b71e1","Microsoft_Intune_Suite","0","1","0","2","OK"
"All Environments Details","odl_user_2227125@otuwacne104067.onmicrosoft.com","e4b42f53-aa42-47fb-b6c4-2094797b71e1","AAD_PREMIUM_P2","0","3","0","5","OK"
"All Environments Details","odl_user_2227125@otuwacne104067.onmicrosoft.com","e4b42f53-aa42-47fb-b6c4-2094797b71e1","TVM_Premium_Add_on","0","1","0","2","OK"
"All Environments Details","odl_user_2227125@otuwacne104067.onmicrosoft.com","e4b42f53-aa42-47fb-b6c4-2094797b71e1","Microsoft_365_E5_(no_Teams)","0","1","0","1","OK"
"All Environments Details","odl_user_2227126@otuwacne104068.onmicrosoft.com","c7bdbea2-b9fb-4510-96b1-3ffa23d764bb","Microsoft_Intune_Suite","0","1","0","2","OK"
"All Environments Details","odl_user_2227126@otuwacne104068.onmicrosoft.com","c7bdbea2-b9fb-4510-96b1-3ffa23d764bb","AAD_PREMIUM_P2","0","3","0","5","OK"
"All Environments Details","odl_user_2227126@otuwacne104068.onmicrosoft.com","c7bdbea2-b9fb-4510-96b1-3ffa23d764bb","TVM_Premium_Add_on","0","1","0","2","OK"
"All Environments Details","odl_user_2227126@otuwacne104068.onmicrosoft.com","c7bdbea2-b9fb-4510-96b1-3ffa23d764bb","Microsoft_365_E5_(no_Teams)","0","1","0","1","OK"
"All Environments Details","odl_user_2227127@otuwacne104069.onmicrosoft.com","4744ded2-5d95-4b46-8f14-0a84c08f71f5","Microsoft_Intune_Suite","0","1","0","2","OK"
"All Environments Details","odl_user_2227127@otuwacne104069.onmicrosoft.com","4744ded2-5d95-4b46-8f14-0a84c08f71f5","AAD_PREMIUM_P2","0","3","0","5","OK"
"All Environments Details","odl_user_2227127@otuwacne104069.onmicrosoft.com","4744ded2-5d95-4b46-8f14-0a84c08f71f5","TVM_Premium_Add_on","0","1","0","2","OK"
"All Environments Details","odl_user_2227127@otuwacne104069.onmicrosoft.com","4744ded2-5d95-4b46-8f14-0a84c08f71f5","Microsoft_365_E5_(no_Teams)","0","1","0","1","OK"
"All Environments Details","odl_user_2227128@otuwacne104070.onmicrosoft.com","c5cd50e2-be0c-4bc9-807c-a3953ead2da4","Microsoft_Intune_Suite","0","1","0","2","OK"
"All Environments Details","odl_user_2227128@otuwacne104070.onmicrosoft.com","c5cd50e2-be0c-4bc9-807c-a3953ead2da4","AAD_PREMIUM_P2","0","3","0","5","OK"
"All Environments Details","odl_user_2227128@otuwacne104070.onmicrosoft.com","c5cd50e2-be0c-4bc9-807c-a3953ead2da4","TVM_Premium_Add_on","0","1","0","2","OK"
"All Environments Details","odl_user_2227128@otuwacne104070.onmicrosoft.com","c5cd50e2-be0c-4bc9-807c-a3953ead2da4","Microsoft_365_E5_(no_Teams)","0","1","0","1","OK"
"All Environments Details","odl_user_2227129@otuwacne104071.onmicrosoft.com","0cc0aa9c-7cd6-491d-b049-cb2747f476e6","Microsoft_Intune_Suite","0","1","0","2","OK"
"All Environments Details","odl_user_2227129@otuwacne104071.onmicrosoft.com","0cc0aa9c-7cd6-491d-b049-cb2747f476e6","AAD_PREMIUM_P2","0","3","0","5","OK"
"All Environments Details","odl_user_2227129@otuwacne104071.onmicrosoft.com","0cc0aa9c-7cd6-491d-b049-cb2747f476e6","TVM_Premium_Add_on","0","1","0","2","OK"
"All Environments Details","odl_user_2227129@otuwacne104071.onmicrosoft.com","0cc0aa9c-7cd6-491d-b049-cb2747f476e6","Microsoft_365_E5_(no_Teams)","0","1","0","1","OK"
"All Environments Details","odl_user_2227130@otuwacne104072.onmicrosoft.com","8277c11b-f94a-4827-802e-f04c56130f91","Microsoft_Intune_Suite","0","1","0","2","OK"
"All Environments Details","odl_user_2227130@otuwacne104072.onmicrosoft.com","8277c11b-f94a-4827-802e-f04c56130f91","AAD_PREMIUM_P2","0","3","0","5","OK"
"All Environments Details","odl_user_2227130@otuwacne104072.onmicrosoft.com","8277c11b-f94a-4827-802e-f04c56130f91","TVM_Premium_Add_on","0","1","0","2","OK"
"All Environments Details","odl_user_2227130@otuwacne104072.onmicrosoft.com","8277c11b-f94a-4827-802e-f04c56130f91","Microsoft_365_E5_(no_Teams)","0","1","0","1","OK"
"All Environments Details","odl_user_2227131@otuwacne104073.onmicrosoft.com","eabd3472-cea8-44cc-bd41-11ce48ea1e28","Microsoft_Intune_Suite","0","1","0","2","OK"
"All Environments Details","odl_user_2227131@otuwacne104073.onmicrosoft.com","eabd3472-cea8-44cc-bd41-11ce48ea1e28","AAD_PREMIUM_P2","0","3","0","5","OK"
"All Environments Details","odl_user_2227131@otuwacne104073.onmicrosoft.com","eabd3472-cea8-44cc-bd41-11ce48ea1e28","TVM_Premium_Add_on","0","1","0","2","OK"
"All Environments Details","odl_user_2227131@otuwacne104073.onmicrosoft.com","eabd3472-cea8-44cc-bd41-11ce48ea1e28","Microsoft_365_E5_(no_Teams)","0","1","0","1","OK"
"All Environments Details","odl_user_2227132@otuwacne104074.onmicrosoft.com","c34e3c3c-cdea-4df4-a9b2-a8f075d51414","Microsoft_Intune_Suite","0","1","0","2","OK"
"All Environments Details","odl_user_2227132@otuwacne104074.onmicrosoft.com","c34e3c3c-cdea-4df4-a9b2-a8f075d51414","AAD_PREMIUM_P2","0","3","0","5","OK"
"All Environments Details","odl_user_2227132@otuwacne104074.onmicrosoft.com","c34e3c3c-cdea-4df4-a9b2-a8f075d51414","TVM_Premium_Add_on","0","1","0","2","OK"
"All Environments Details","odl_user_2227132@otuwacne104074.onmicrosoft.com","c34e3c3c-cdea-4df4-a9b2-a8f075d51414","Microsoft_365_E5_(no_Teams)","0","1","0","1","OK"
"All Environments Details","odl_user_2227133@otuwacne104075.onmicrosoft.com","59aec059-467b-4420-85f8-63a5999e240f","Microsoft_Intune_Suite","0","1","0","2","OK"
"All Environments Details","odl_user_2227133@otuwacne104075.onmicrosoft.com","59aec059-467b-4420-85f8-63a5999e240f","AAD_PREMIUM_P2","0","3","0","5","OK"
"All Environments Details","odl_user_2227133@otuwacne104075.onmicrosoft.com","59aec059-467b-4420-85f8-63a5999e240f","TVM_Premium_Add_on","0","1","0","2","OK"
"All Environments Details","odl_user_2227133@otuwacne104075.onmicrosoft.com","59aec059-467b-4420-85f8-63a5999e240f","Microsoft_365_E5_(no_Teams)","0","1","0","1","OK"
"All Environments Details","odl_user_2227134@otuwacne104076.onmicrosoft.com","039b067a-d159-46ae-9491-a878b09a1854","Microsoft_Intune_Suite","0","1","0","2","OK"
"All Environments Details","odl_user_2227134@otuwacne104076.onmicrosoft.com","039b067a-d159-46ae-9491-a878b09a1854","AAD_PREMIUM_P2","0","3","0","5","OK"
"All Environments Details","odl_user_2227134@otuwacne104076.onmicrosoft.com","039b067a-d159-46ae-9491-a878b09a1854","TVM_Premium_Add_on","0","1","0","2","OK"
"All Environments Details","odl_user_2227134@otuwacne104076.onmicrosoft.com","039b067a-d159-46ae-9491-a878b09a1854","Microsoft_365_E5_(no_Teams)","0","1","0","1","OK"
"All Environments Details","odl_user_2227135@otuwacne104077.onmicrosoft.com","fffffc5f-ed67-423c-8df1-2731e736fdef","Microsoft_Intune_Suite","0","1","0","2","OK"
"All Environments Details","odl_user_2227135@otuwacne104077.onmicrosoft.com","fffffc5f-ed67-423c-8df1-2731e736fdef","AAD_PREMIUM_P2","0","3","0","5","OK"
"All Environments Details","odl_user_2227135@otuwacne104077.onmicrosoft.com","fffffc5f-ed67-423c-8df1-2731e736fdef","TVM_Premium_Add_on","0","1","0","2","OK"
"All Environments Details","odl_user_2227135@otuwacne104077.onmicrosoft.com","fffffc5f-ed67-423c-8df1-2731e736fdef","Microsoft_365_E5_(no_Teams)","0","1","0","1","OK"
"All Environments Details","odl_user_2227136@otuwacne104078.onmicrosoft.com","9fe88f78-24f5-4678-8e17-9617d6a4e5e4","Microsoft_Intune_Suite","0","1","0","2","OK"
"All Environments Details","odl_user_2227136@otuwacne104078.onmicrosoft.com","9fe88f78-24f5-4678-8e17-9617d6a4e5e4","AAD_PREMIUM_P2","0","3","0","5","OK"
"All Environments Details","odl_user_2227136@otuwacne104078.onmicrosoft.com","9fe88f78-24f5-4678-8e17-9617d6a4e5e4","TVM_Premium_Add_on","0","1","0","2","OK"
"All Environments Details","odl_user_2227136@otuwacne104078.onmicrosoft.com","9fe88f78-24f5-4678-8e17-9617d6a4e5e4","Microsoft_365_E5_(no_Teams)","0","1","0","1","OK"
"All Environments Details","odl_user_2227139@otuwacne104079.onmicrosoft.com","4c6c118e-ce79-4ac5-a042-b280b35a2701","Microsoft_Intune_Suite","0","1","0","2","OK"
"All Environments Details","odl_user_2227139@otuwacne104079.onmicrosoft.com","4c6c118e-ce79-4ac5-a042-b280b35a2701","AAD_PREMIUM_P2","0","3","0","5","OK"
"All Environments Details","odl_user_2227139@otuwacne104079.onmicrosoft.com","4c6c118e-ce79-4ac5-a042-b280b35a2701","TVM_Premium_Add_on","0","1","0","2","OK"
"All Environments Details","odl_user_2227139@otuwacne104079.onmicrosoft.com","4c6c118e-ce79-4ac5-a042-b280b35a2701","Microsoft_365_E5_(no_Teams)","0","1","0","1","OK"
"All Environments Details","odl_user_2227141@otuwacne104081.onmicrosoft.com","88b000cc-65b0-45f9-a3d1-35d6fb306199","Microsoft_Intune_Suite","0","1","0","2","OK"
"All Environments Details","odl_user_2227141@otuwacne104081.onmicrosoft.com","88b000cc-65b0-45f9-a3d1-35d6fb306199","AAD_PREMIUM_P2","0","3","0","5","OK"
"All Environments Details","odl_user_2227141@otuwacne104081.onmicrosoft.com","88b000cc-65b0-45f9-a3d1-35d6fb306199","TVM_Premium_Add_on","0","1","0","2","OK"
"All Environments Details","odl_user_2227141@otuwacne104081.onmicrosoft.com","88b000cc-65b0-45f9-a3d1-35d6fb306199","Microsoft_365_E5_(no_Teams)","0","1","0","1","OK"
"All Environments Details","odl_user_2227143@otuwacne104082.onmicrosoft.com","5a54a022-ffd8-4b15-a641-cac2ba978e2f","Microsoft_Intune_Suite","0","1","0","2","OK"
"All Environments Details","odl_user_2227143@otuwacne104082.onmicrosoft.com","5a54a022-ffd8-4b15-a641-cac2ba978e2f","AAD_PREMIUM_P2","0","3","0","5","OK"
"All Environments Details","odl_user_2227143@otuwacne104082.onmicrosoft.com","5a54a022-ffd8-4b15-a641-cac2ba978e2f","TVM_Premium_Add_on","0","1","0","2","OK"
"All Environments Details","odl_user_2227143@otuwacne104082.onmicrosoft.com","5a54a022-ffd8-4b15-a641-cac2ba978e2f","Microsoft_365_E5_(no_Teams)","0","1","0","1","OK"
"All Environments Details","odl_user_2227144@otuwacne104083.onmicrosoft.com","99e0ff93-035f-419c-ad2c-52c76c2771d0","Microsoft_Intune_Suite","0","1","0","2","OK"
"All Environments Details","odl_user_2227144@otuwacne104083.onmicrosoft.com","99e0ff93-035f-419c-ad2c-52c76c2771d0","AAD_PREMIUM_P2","0","3","0","5","OK"
"All Environments Details","odl_user_2227144@otuwacne104083.onmicrosoft.com","99e0ff93-035f-419c-ad2c-52c76c2771d0","TVM_Premium_Add_on","0","1","0","2","OK"
"All Environments Details","odl_user_2227144@otuwacne104083.onmicrosoft.com","99e0ff93-035f-419c-ad2c-52c76c2771d0","Microsoft_365_E5_(no_Teams)","0","1","0","1","OK"
"All Environments Details","odl_user_2227145@otuwacne104084.onmicrosoft.com","79c7b966-de31-442d-bf0b-3d88382e79e8","Microsoft_Intune_Suite","0","1","0","2","OK"
"All Environments Details","odl_user_2227145@otuwacne104084.onmicrosoft.com","79c7b966-de31-442d-bf0b-3d88382e79e8","AAD_PREMIUM_P2","0","3","0","5","OK"
"All Environments Details","odl_user_2227145@otuwacne104084.onmicrosoft.com","79c7b966-de31-442d-bf0b-3d88382e79e8","TVM_Premium_Add_on","0","1","0","2","OK"
"All Environments Details","odl_user_2227145@otuwacne104084.onmicrosoft.com","79c7b966-de31-442d-bf0b-3d88382e79e8","Microsoft_365_E5_(no_Teams)","0","1","0","1","OK"
"All Environments Details","odl_user_2227146@otuwacne104085.onmicrosoft.com","b30055c9-27ae-4ede-ae7a-515d82f6e7d3","Microsoft_Intune_Suite","0","1","0","2","OK"
"All Environments Details","odl_user_2227146@otuwacne104085.onmicrosoft.com","b30055c9-27ae-4ede-ae7a-515d82f6e7d3","AAD_PREMIUM_P2","0","3","0","5","OK"
"All Environments Details","odl_user_2227146@otuwacne104085.onmicrosoft.com","b30055c9-27ae-4ede-ae7a-515d82f6e7d3","TVM_Premium_Add_on","0","1","0","2","OK"
"All Environments Details","odl_user_2227146@otuwacne104085.onmicrosoft.com","b30055c9-27ae-4ede-ae7a-515d82f6e7d3","Microsoft_365_E5_(no_Teams)","0","1","0","1","OK"
"All Environments Details","odl_user_2227147@otuwacne104086.onmicrosoft.com","f0d3645a-9cca-4708-8384-30e72a9ef7cb","Microsoft_Intune_Suite","0","1","0","2","OK"
"All Environments Details","odl_user_2227147@otuwacne104086.onmicrosoft.com","f0d3645a-9cca-4708-8384-30e72a9ef7cb","AAD_PREMIUM_P2","0","3","0","5","OK"
"All Environments Details","odl_user_2227147@otuwacne104086.onmicrosoft.com","f0d3645a-9cca-4708-8384-30e72a9ef7cb","TVM_Premium_Add_on","0","1","0","2","OK"
"All Environments Details","odl_user_2227147@otuwacne104086.onmicrosoft.com","f0d3645a-9cca-4708-8384-30e72a9ef7cb","Microsoft_365_E5_(no_Teams)","0","1","0","1","OK"
"All Environments Details","odl_user_2227148@otuwacne104087.onmicrosoft.com","41ebf7d4-d43f-4002-bf3c-a3e0a95602a9","Microsoft_Intune_Suite","0","1","0","2","OK"
"All Environments Details","odl_user_2227148@otuwacne104087.onmicrosoft.com","41ebf7d4-d43f-4002-bf3c-a3e0a95602a9","AAD_PREMIUM_P2","0","3","0","5","OK"
"All Environments Details","odl_user_2227148@otuwacne104087.onmicrosoft.com","41ebf7d4-d43f-4002-bf3c-a3e0a95602a9","TVM_Premium_Add_on","0","1","0","2","OK"
"All Environments Details","odl_user_2227148@otuwacne104087.onmicrosoft.com","41ebf7d4-d43f-4002-bf3c-a3e0a95602a9","Microsoft_365_E5_(no_Teams)","0","1","0","1","OK"
"All Environments Details","odl_user_2227149@otuwacne104088.onmicrosoft.com","13d54f97-dbc2-4bdc-8e63-73570156e316","Microsoft_Intune_Suite","0","1","0","2","OK"
"All Environments Details","odl_user_2227149@otuwacne104088.onmicrosoft.com","13d54f97-dbc2-4bdc-8e63-73570156e316","AAD_PREMIUM_P2","0","3","0","5","OK"
"All Environments Details","odl_user_2227149@otuwacne104088.onmicrosoft.com","13d54f97-dbc2-4bdc-8e63-73570156e316","TVM_Premium_Add_on","0","1","0","2","OK"
"All Environments Details","odl_user_2227149@otuwacne104088.onmicrosoft.com","13d54f97-dbc2-4bdc-8e63-73570156e316","Microsoft_365_E5_(no_Teams)","0","1","0","1","OK"
"All Environments Details","odl_user_2227150@otuwacne104089.onmicrosoft.com","38b4320e-2914-4d39-a1b0-f84d5cd00b4c","Microsoft_Intune_Suite","0","1","0","2","OK"
"All Environments Details","odl_user_2227150@otuwacne104089.onmicrosoft.com","38b4320e-2914-4d39-a1b0-f84d5cd00b4c","AAD_PREMIUM_P2","0","3","0","5","OK"
"All Environments Details","odl_user_2227150@otuwacne104089.onmicrosoft.com","38b4320e-2914-4d39-a1b0-f84d5cd00b4c","TVM_Premium_Add_on","0","1","0","2","OK"
"All Environments Details","odl_user_2227150@otuwacne104089.onmicrosoft.com","38b4320e-2914-4d39-a1b0-f84d5cd00b4c","Microsoft_365_E5_(no_Teams)","0","1","0","1","OK"
"All Environments Details","odl_user_2227152@otuwacne104090.onmicrosoft.com","3fb216ef-d15e-4bc1-b4e4-ff7df340a3c6","Microsoft_Intune_Suite","0","1","0","2","OK"
"All Environments Details","odl_user_2227152@otuwacne104090.onmicrosoft.com","3fb216ef-d15e-4bc1-b4e4-ff7df340a3c6","AAD_PREMIUM_P2","0","3","0","5","OK"
"All Environments Details","odl_user_2227152@otuwacne104090.onmicrosoft.com","3fb216ef-d15e-4bc1-b4e4-ff7df340a3c6","TVM_Premium_Add_on","0","1","0","2","OK"
"All Environments Details","odl_user_2227152@otuwacne104090.onmicrosoft.com","3fb216ef-d15e-4bc1-b4e4-ff7df340a3c6","Microsoft_365_E5_(no_Teams)","0","1","0","1","OK"
"All Environments Details","odl_user_2227153@otuwacne104091.onmicrosoft.com","0fbb23d4-9235-4591-9781-ec45aeb4f751","Microsoft_Intune_Suite","0","1","0","2","OK"
"All Environments Details","odl_user_2227153@otuwacne104091.onmicrosoft.com","0fbb23d4-9235-4591-9781-ec45aeb4f751","AAD_PREMIUM_P2","0","3","0","5","OK"
"All Environments Details","odl_user_2227153@otuwacne104091.onmicrosoft.com","0fbb23d4-9235-4591-9781-ec45aeb4f751","TVM_Premium_Add_on","0","1","0","2","OK"
"All Environments Details","odl_user_2227153@otuwacne104091.onmicrosoft.com","0fbb23d4-9235-4591-9781-ec45aeb4f751","Microsoft_365_E5_(no_Teams)","0","1","0","1","OK"
"All Environments Details","odl_user_2227155@otuwacne104093.onmicrosoft.com","614d81ce-ff26-41b6-9cbf-be7175ea33a1","Microsoft_Intune_Suite","0","1","0","2","OK"
"All Environments Details","odl_user_2227155@otuwacne104093.onmicrosoft.com","614d81ce-ff26-41b6-9cbf-be7175ea33a1","AAD_PREMIUM_P2","0","3","0","5","OK"
"All Environments Details","odl_user_2227155@otuwacne104093.onmicrosoft.com","614d81ce-ff26-41b6-9cbf-be7175ea33a1","TVM_Premium_Add_on","0","1","0","2","OK"
"All Environments Details","odl_user_2227155@otuwacne104093.onmicrosoft.com","614d81ce-ff26-41b6-9cbf-be7175ea33a1","Microsoft_365_E5_(no_Teams)","0","1","0","1","OK"
"All Environments Details","odl_user_2227156@otuwacne104094.onmicrosoft.com","e7007ca9-c6c8-42f7-afcb-741d10b928a8","Microsoft_Intune_Suite","0","1","0","2","OK"
"All Environments Details","odl_user_2227156@otuwacne104094.onmicrosoft.com","e7007ca9-c6c8-42f7-afcb-741d10b928a8","AAD_PREMIUM_P2","0","3","0","5","OK"
"All Environments Details","odl_user_2227156@otuwacne104094.onmicrosoft.com","e7007ca9-c6c8-42f7-afcb-741d10b928a8","TVM_Premium_Add_on","0","1","0","2","OK"
"All Environments Details","odl_user_2227156@otuwacne104094.onmicrosoft.com","e7007ca9-c6c8-42f7-afcb-741d10b928a8","Microsoft_365_E5_(no_Teams)","0","1","0","1","OK"
"All Environments Details","odl_user_2227157@otuwacne104095.onmicrosoft.com","1d13c70e-5030-49dc-b89c-4d6c2d17ea82","Microsoft_Intune_Suite","0","1","0","2","OK"
"All Environments Details","odl_user_2227157@otuwacne104095.onmicrosoft.com","1d13c70e-5030-49dc-b89c-4d6c2d17ea82","AAD_PREMIUM_P2","0","3","0","5","OK"
"All Environments Details","odl_user_2227157@otuwacne104095.onmicrosoft.com","1d13c70e-5030-49dc-b89c-4d6c2d17ea82","TVM_Premium_Add_on","0","1","0","2","OK"
"All Environments Details","odl_user_2227157@otuwacne104095.onmicrosoft.com","1d13c70e-5030-49dc-b89c-4d6c2d17ea82","Microsoft_365_E5_(no_Teams)","0","1","0","1","OK"
"All Environments Details","odl_user_2227158@otuwacne104096.onmicrosoft.com","c4bf8931-ec00-4f7c-a81d-698796ab6b24","Microsoft_Intune_Suite","0","1","0","2","OK"
"All Environments Details","odl_user_2227158@otuwacne104096.onmicrosoft.com","c4bf8931-ec00-4f7c-a81d-698796ab6b24","AAD_PREMIUM_P2","0","3","0","5","OK"
"All Environments Details","odl_user_2227158@otuwacne104096.onmicrosoft.com","c4bf8931-ec00-4f7c-a81d-698796ab6b24","TVM_Premium_Add_on","0","1","0","2","OK"
"All Environments Details","odl_user_2227158@otuwacne104096.onmicrosoft.com","c4bf8931-ec00-4f7c-a81d-698796ab6b24","Microsoft_365_E5_(no_Teams)","0","1","0","1","OK"
"All Environments Details","odl_user_2227159@otuwacne104097.onmicrosoft.com","b54d1da8-1c46-4fa0-971b-94c6ff10f50a","Microsoft_Intune_Suite","0","1","0","2","OK"
"All Environments Details","odl_user_2227159@otuwacne104097.onmicrosoft.com","b54d1da8-1c46-4fa0-971b-94c6ff10f50a","AAD_PREMIUM_P2","0","3","0","5","OK"
"All Environments Details","odl_user_2227159@otuwacne104097.onmicrosoft.com","b54d1da8-1c46-4fa0-971b-94c6ff10f50a","TVM_Premium_Add_on","0","1","0","2","OK"
"All Environments Details","odl_user_2227159@otuwacne104097.onmicrosoft.com","b54d1da8-1c46-4fa0-971b-94c6ff10f50a","Microsoft_365_E5_(no_Teams)","0","1","0","1","OK"
"All Environments Details","odl_user_2227160@otuwacne104098.onmicrosoft.com","e4dd101a-fac1-44bb-a00e-90f9e6985165","Microsoft_Intune_Suite","0","1","0","2","OK"
"All Environments Details","odl_user_2227160@otuwacne104098.onmicrosoft.com","e4dd101a-fac1-44bb-a00e-90f9e6985165","AAD_PREMIUM_P2","0","3","0","5","OK"
"All Environments Details","odl_user_2227160@otuwacne104098.onmicrosoft.com","e4dd101a-fac1-44bb-a00e-90f9e6985165","TVM_Premium_Add_on","0","1","0","2","OK"
"All Environments Details","odl_user_2227160@otuwacne104098.onmicrosoft.com","e4dd101a-fac1-44bb-a00e-90f9e6985165","Microsoft_365_E5_(no_Teams)","0","1","0","1","OK"
"All Environments Details","odl_user_2227162@otuwacne104100.onmicrosoft.com","ffa720c8-8323-40c0-beb7-05e89a8becbe","Microsoft_Intune_Suite","0","1","0","2","OK"
"All Environments Details","odl_user_2227162@otuwacne104100.onmicrosoft.com","ffa720c8-8323-40c0-beb7-05e89a8becbe","AAD_PREMIUM_P2","0","3","0","5","OK"
"All Environments Details","odl_user_2227162@otuwacne104100.onmicrosoft.com","ffa720c8-8323-40c0-beb7-05e89a8becbe","TVM_Premium_Add_on","0","1","0","2","OK"
"All Environments Details","odl_user_2227162@otuwacne104100.onmicrosoft.com","ffa720c8-8323-40c0-beb7-05e89a8becbe","Microsoft_365_E5_(no_Teams)","0","1","0","1","OK"
"All Environments Details","odl_user_2227163@otuwacne104101.onmicrosoft.com","89aad810-ad6f-4ff0-9d86-adbef742e953","Microsoft_Intune_Suite","0","1","0","2","OK"
"All Environments Details","odl_user_2227163@otuwacne104101.onmicrosoft.com","89aad810-ad6f-4ff0-9d86-adbef742e953","AAD_PREMIUM_P2","0","3","0","5","OK"
"All Environments Details","odl_user_2227163@otuwacne104101.onmicrosoft.com","89aad810-ad6f-4ff0-9d86-adbef742e953","TVM_Premium_Add_on","0","1","0","2","OK"
"All Environments Details","odl_user_2227163@otuwacne104101.onmicrosoft.com","89aad810-ad6f-4ff0-9d86-adbef742e953","Microsoft_365_E5_(no_Teams)","0","1","0","1","OK"
"All Environments Details","odl_user_2227164@otuwacne104102.onmicrosoft.com","cd591841-6899-48ac-b3e5-cf74dcb8adce","Microsoft_Intune_Suite","0","1","0","2","OK"
"All Environments Details","odl_user_2227164@otuwacne104102.onmicrosoft.com","cd591841-6899-48ac-b3e5-cf74dcb8adce","AAD_PREMIUM_P2","0","3","0","5","OK"
"All Environments Details","odl_user_2227164@otuwacne104102.onmicrosoft.com","cd591841-6899-48ac-b3e5-cf74dcb8adce","TVM_Premium_Add_on","0","1","0","2","OK"
"All Environments Details","odl_user_2227164@otuwacne104102.onmicrosoft.com","cd591841-6899-48ac-b3e5-cf74dcb8adce","Microsoft_365_E5_(no_Teams)","0","1","0","1","OK"
"All Environments Details","odl_user_2227165@otuwacne104103.onmicrosoft.com","cd16277f-fbbb-4f3b-8880-591e19913111","Microsoft_Intune_Suite","0","1","0","2","OK"
"All Environments Details","odl_user_2227165@otuwacne104103.onmicrosoft.com","cd16277f-fbbb-4f3b-8880-591e19913111","AAD_PREMIUM_P2","0","3","0","5","OK"
"All Environments Details","odl_user_2227165@otuwacne104103.onmicrosoft.com","cd16277f-fbbb-4f3b-8880-591e19913111","TVM_Premium_Add_on","0","1","0","2","OK"
"All Environments Details","odl_user_2227165@otuwacne104103.onmicrosoft.com","cd16277f-fbbb-4f3b-8880-591e19913111","Microsoft_365_E5_(no_Teams)","0","1","0","1","OK"
"All Environments Details","odl_user_2227166@otuwacne104104.onmicrosoft.com","24c99700-fdc7-45f8-a8c2-33c0c28abec8","Microsoft_Intune_Suite","0","1","0","2","OK"
"All Environments Details","odl_user_2227166@otuwacne104104.onmicrosoft.com","24c99700-fdc7-45f8-a8c2-33c0c28abec8","AAD_PREMIUM_P2","0","3","0","5","OK"
"All Environments Details","odl_user_2227166@otuwacne104104.onmicrosoft.com","24c99700-fdc7-45f8-a8c2-33c0c28abec8","TVM_Premium_Add_on","0","1","0","2","OK"
"All Environments Details","odl_user_2227166@otuwacne104104.onmicrosoft.com","24c99700-fdc7-45f8-a8c2-33c0c28abec8","Microsoft_365_E5_(no_Teams)","0","1","0","1","OK"
"All Environments Details","odl_user_2227167@otuwacne104105.onmicrosoft.com","7527fd43-9ae6-4828-8acb-1477c5b38822","Microsoft_Intune_Suite","0","1","0","2","OK"
"All Environments Details","odl_user_2227167@otuwacne104105.onmicrosoft.com","7527fd43-9ae6-4828-8acb-1477c5b38822","AAD_PREMIUM_P2","0","3","0","5","OK"
"All Environments Details","odl_user_2227167@otuwacne104105.onmicrosoft.com","7527fd43-9ae6-4828-8acb-1477c5b38822","TVM_Premium_Add_on","0","1","0","2","OK"
"All Environments Details","odl_user_2227167@otuwacne104105.onmicrosoft.com","7527fd43-9ae6-4828-8acb-1477c5b38822","Microsoft_365_E5_(no_Teams)","0","1","0","1","OK"
"All Environments Details","odl_user_2227168@otuwacne104106.onmicrosoft.com","da6307bd-eed0-4402-89b8-0f5cec6c93f3","Microsoft_Intune_Suite","0","1","0","2","OK"
"All Environments Details","odl_user_2227168@otuwacne104106.onmicrosoft.com","da6307bd-eed0-4402-89b8-0f5cec6c93f3","AAD_PREMIUM_P2","0","3","0","5","OK"
"All Environments Details","odl_user_2227168@otuwacne104106.onmicrosoft.com","da6307bd-eed0-4402-89b8-0f5cec6c93f3","TVM_Premium_Add_on","0","1","0","2","OK"
"All Environments Details","odl_user_2227168@otuwacne104106.onmicrosoft.com","da6307bd-eed0-4402-89b8-0f5cec6c93f3","Microsoft_365_E5_(no_Teams)","0","1","0","1","OK"
"All Environments Details","odl_user_2227169@otuwacne104107.onmicrosoft.com","36d0b1fc-cf54-4db5-bad9-52acf31bb1e3","Microsoft_Intune_Suite","0","1","0","2","OK"
"All Environments Details","odl_user_2227169@otuwacne104107.onmicrosoft.com","36d0b1fc-cf54-4db5-bad9-52acf31bb1e3","AAD_PREMIUM_P2","0","3","0","5","OK"
"All Environments Details","odl_user_2227169@otuwacne104107.onmicrosoft.com","36d0b1fc-cf54-4db5-bad9-52acf31bb1e3","TVM_Premium_Add_on","0","1","0","2","OK"
"All Environments Details","odl_user_2227169@otuwacne104107.onmicrosoft.com","36d0b1fc-cf54-4db5-bad9-52acf31bb1e3","Microsoft_365_E5_(no_Teams)","0","1","0","1","OK"
"All Environments Details","odl_user_2227170@otuwacne104108.onmicrosoft.com","b275cdc4-7e0e-4120-9e01-ab42741fc6aa","Microsoft_Intune_Suite","0","1","0","2","OK"
"All Environments Details","odl_user_2227170@otuwacne104108.onmicrosoft.com","b275cdc4-7e0e-4120-9e01-ab42741fc6aa","AAD_PREMIUM_P2","0","3","0","5","OK"
"All Environments Details","odl_user_2227170@otuwacne104108.onmicrosoft.com","b275cdc4-7e0e-4120-9e01-ab42741fc6aa","TVM_Premium_Add_on","0","1","0","2","OK"
"All Environments Details","odl_user_2227170@otuwacne104108.onmicrosoft.com","b275cdc4-7e0e-4120-9e01-ab42741fc6aa","Microsoft_365_E5_(no_Teams)","0","1","0","1","OK"
"All Environments Details","odl_user_2227171@otuwacne104109.onmicrosoft.com","40e3ec6d-6854-4956-b079-6c6422460edf","Microsoft_Intune_Suite","0","1","0","2","OK"
"All Environments Details","odl_user_2227171@otuwacne104109.onmicrosoft.com","40e3ec6d-6854-4956-b079-6c6422460edf","AAD_PREMIUM_P2","0","3","0","5","OK"
"All Environments Details","odl_user_2227171@otuwacne104109.onmicrosoft.com","40e3ec6d-6854-4956-b079-6c6422460edf","TVM_Premium_Add_on","0","1","0","2","OK"
"All Environments Details","odl_user_2227171@otuwacne104109.onmicrosoft.com","40e3ec6d-6854-4956-b079-6c6422460edf","Microsoft_365_E5_(no_Teams)","0","1","0","1","OK"
"All Environments Details","odl_user_2227172@otuwacne104110.onmicrosoft.com","87a94d19-c052-4609-a60b-d1b6e8780e72","Microsoft_Intune_Suite","0","1","0","2","OK"
"All Environments Details","odl_user_2227172@otuwacne104110.onmicrosoft.com","87a94d19-c052-4609-a60b-d1b6e8780e72","AAD_PREMIUM_P2","0","3","0","5","OK"
"All Environments Details","odl_user_2227172@otuwacne104110.onmicrosoft.com","87a94d19-c052-4609-a60b-d1b6e8780e72","TVM_Premium_Add_on","0","1","0","2","OK"
"All Environments Details","odl_user_2227172@otuwacne104110.onmicrosoft.com","87a94d19-c052-4609-a60b-d1b6e8780e72","Microsoft_365_E5_(no_Teams)","0","1","0","1","OK"
"All Environments Details","odl_user_2227173@otuwacne104111.onmicrosoft.com","66ae8b26-1fa0-4041-8eb4-0379ab27cde7","Microsoft_Intune_Suite","0","1","0","2","OK"
"All Environments Details","odl_user_2227173@otuwacne104111.onmicrosoft.com","66ae8b26-1fa0-4041-8eb4-0379ab27cde7","AAD_PREMIUM_P2","0","3","0","5","OK"
"All Environments Details","odl_user_2227173@otuwacne104111.onmicrosoft.com","66ae8b26-1fa0-4041-8eb4-0379ab27cde7","TVM_Premium_Add_on","0","1","0","2","OK"
"All Environments Details","odl_user_2227173@otuwacne104111.onmicrosoft.com","66ae8b26-1fa0-4041-8eb4-0379ab27cde7","Microsoft_365_E5_(no_Teams)","1","1","0","1","OK"
"All Environments Details","odl_user_2227174@otuwacne104112.onmicrosoft.com","d40beacd-20c1-422b-853a-ef84450b9ac7","Microsoft_Intune_Suite","0","1","0","2","OK"
"All Environments Details","odl_user_2227174@otuwacne104112.onmicrosoft.com","d40beacd-20c1-422b-853a-ef84450b9ac7","AAD_PREMIUM_P2","0","3","0","5","OK"
"All Environments Details","odl_user_2227174@otuwacne104112.onmicrosoft.com","d40beacd-20c1-422b-853a-ef84450b9ac7","TVM_Premium_Add_on","0","1","0","2","OK"
"All Environments Details","odl_user_2227174@otuwacne104112.onmicrosoft.com","d40beacd-20c1-422b-853a-ef84450b9ac7","Microsoft_365_E5_(no_Teams)","0","1","0","1","OK"
"All Environments Details","odl_user_2227175@otuwacne104113.onmicrosoft.com","a4746cf3-e9be-4060-9657-1aaa2af0012b","Microsoft_Intune_Suite","0","1","0","2","OK"
"All Environments Details","odl_user_2227175@otuwacne104113.onmicrosoft.com","a4746cf3-e9be-4060-9657-1aaa2af0012b","AAD_PREMIUM_P2","0","3","0","5","OK"
"All Environments Details","odl_user_2227175@otuwacne104113.onmicrosoft.com","a4746cf3-e9be-4060-9657-1aaa2af0012b","TVM_Premium_Add_on","0","1","0","2","OK"
"All Environments Details","odl_user_2227175@otuwacne104113.onmicrosoft.com","a4746cf3-e9be-4060-9657-1aaa2af0012b","Microsoft_365_E5_(no_Teams)","0","1","0","1","OK"
"All Environments Details","odl_user_2227176@otuwacne104114.onmicrosoft.com","1039fe82-b430-4ea1-8e5e-b480d95cd15a","Microsoft_Intune_Suite","0","1","0","2","OK"
"All Environments Details","odl_user_2227176@otuwacne104114.onmicrosoft.com","1039fe82-b430-4ea1-8e5e-b480d95cd15a","AAD_PREMIUM_P2","0","3","0","5","OK"
"All Environments Details","odl_user_2227176@otuwacne104114.onmicrosoft.com","1039fe82-b430-4ea1-8e5e-b480d95cd15a","TVM_Premium_Add_on","0","1","0","2","OK"
"All Environments Details","odl_user_2227176@otuwacne104114.onmicrosoft.com","1039fe82-b430-4ea1-8e5e-b480d95cd15a","Microsoft_365_E5_(no_Teams)","0","1","0","1","OK"
"All Environments Details","odl_user_2227177@otuwacne104115.onmicrosoft.com","a8a5bc5b-f340-4f94-8ccc-aa2584c9990c","Microsoft_Intune_Suite","0","1","0","2","OK"
"All Environments Details","odl_user_2227177@otuwacne104115.onmicrosoft.com","a8a5bc5b-f340-4f94-8ccc-aa2584c9990c","AAD_PREMIUM_P2","0","3","0","5","OK"
"All Environments Details","odl_user_2227177@otuwacne104115.onmicrosoft.com","a8a5bc5b-f340-4f94-8ccc-aa2584c9990c","TVM_Premium_Add_on","0","1","0","2","OK"
"All Environments Details","odl_user_2227177@otuwacne104115.onmicrosoft.com","a8a5bc5b-f340-4f94-8ccc-aa2584c9990c","Microsoft_365_E5_(no_Teams)","0","1","0","1","OK"
"All Environments Details","odl_user_2227178@otuwacne104116.onmicrosoft.com","071e107f-2c66-4d45-aba1-c89db3e330ad","Microsoft_Intune_Suite","0","1","0","2","OK"
"All Environments Details","odl_user_2227178@otuwacne104116.onmicrosoft.com","071e107f-2c66-4d45-aba1-c89db3e330ad","AAD_PREMIUM_P2","0","3","0","5","OK"
"All Environments Details","odl_user_2227178@otuwacne104116.onmicrosoft.com","071e107f-2c66-4d45-aba1-c89db3e330ad","TVM_Premium_Add_on","0","1","0","2","OK"
"All Environments Details","odl_user_2227178@otuwacne104116.onmicrosoft.com","071e107f-2c66-4d45-aba1-c89db3e330ad","Microsoft_365_E5_(no_Teams)","0","1","0","1","OK"
"All Environments Details","odl_user_2227179@otuwacne104117.onmicrosoft.com","89488c30-61d2-4fe6-a3be-d6cd958e117e","Microsoft_Intune_Suite","0","1","0","2","OK"
"All Environments Details","odl_user_2227179@otuwacne104117.onmicrosoft.com","89488c30-61d2-4fe6-a3be-d6cd958e117e","AAD_PREMIUM_P2","0","3","0","5","OK"
"All Environments Details","odl_user_2227179@otuwacne104117.onmicrosoft.com","89488c30-61d2-4fe6-a3be-d6cd958e117e","TVM_Premium_Add_on","0","1","0","2","OK"
"All Environments Details","odl_user_2227179@otuwacne104117.onmicrosoft.com","89488c30-61d2-4fe6-a3be-d6cd958e117e","Microsoft_365_E5_(no_Teams)","0","1","0","1","OK"
"All Environments Details","odl_user_2227180@otuwacne104118.onmicrosoft.com","bda74783-ac25-4e0c-8819-7b3e5bb8a334","Microsoft_Intune_Suite","0","1","0","2","OK"
"All Environments Details","odl_user_2227180@otuwacne104118.onmicrosoft.com","bda74783-ac25-4e0c-8819-7b3e5bb8a334","AAD_PREMIUM_P2","0","3","0","5","OK"
"All Environments Details","odl_user_2227180@otuwacne104118.onmicrosoft.com","bda74783-ac25-4e0c-8819-7b3e5bb8a334","TVM_Premium_Add_on","0","1","0","2","OK"
"All Environments Details","odl_user_2227180@otuwacne104118.onmicrosoft.com","bda74783-ac25-4e0c-8819-7b3e5bb8a334","Microsoft_365_E5_(no_Teams)","0","1","0","1","OK"
"All Environments Details","odl_user_2227182@otuwacne104120.onmicrosoft.com","3893deb4-f0fb-4ed9-b757-e61dfa8b3e56","Microsoft_Intune_Suite","0","1","0","2","OK"
"All Environments Details","odl_user_2227182@otuwacne104120.onmicrosoft.com","3893deb4-f0fb-4ed9-b757-e61dfa8b3e56","AAD_PREMIUM_P2","0","3","0","5","OK"
"All Environments Details","odl_user_2227182@otuwacne104120.onmicrosoft.com","3893deb4-f0fb-4ed9-b757-e61dfa8b3e56","TVM_Premium_Add_on","0","1","0","1","OK"
"All Environments Details","odl_user_2227182@otuwacne104120.onmicrosoft.com","3893deb4-f0fb-4ed9-b757-e61dfa8b3e56","Microsoft_365_E5_(no_Teams)","0","1","0","1","OK"
"All Environments Details","odl_user_2227183@otuwacne104121.onmicrosoft.com","fb1811e9-49d6-4f36-9cfa-9736068ff1c3","Microsoft_Intune_Suite","0","1","0","2","OK"
"All Environments Details","odl_user_2227183@otuwacne104121.onmicrosoft.com","fb1811e9-49d6-4f36-9cfa-9736068ff1c3","AAD_PREMIUM_P2","0","3","0","5","OK"
"All Environments Details","odl_user_2227183@otuwacne104121.onmicrosoft.com","fb1811e9-49d6-4f36-9cfa-9736068ff1c3","TVM_Premium_Add_on","0","1","0","1","OK"
"All Environments Details","odl_user_2227183@otuwacne104121.onmicrosoft.com","fb1811e9-49d6-4f36-9cfa-9736068ff1c3","Microsoft_365_E5_(no_Teams)","0","1","0","1","OK"
"All Environments Details","odl_user_2227184@otuwacne104122.onmicrosoft.com","6e05c535-b728-451c-9a0e-97db7f673313","Microsoft_Intune_Suite","0","1","0","2","OK"
"All Environments Details","odl_user_2227184@otuwacne104122.onmicrosoft.com","6e05c535-b728-451c-9a0e-97db7f673313","AAD_PREMIUM_P2","0","3","0","5","OK"
"All Environments Details","odl_user_2227184@otuwacne104122.onmicrosoft.com","6e05c535-b728-451c-9a0e-97db7f673313","TVM_Premium_Add_on","0","1","0","1","OK"
"All Environments Details","odl_user_2227184@otuwacne104122.onmicrosoft.com","6e05c535-b728-451c-9a0e-97db7f673313","Microsoft_365_E5_(no_Teams)","0","1","0","1","OK"
"All Environments Details","odl_user_2227185@otuwacne104123.onmicrosoft.com","c3800da4-49e2-448d-9aac-2288114a1bc2","Microsoft_Intune_Suite","0","1","0","2","OK"
"All Environments Details","odl_user_2227185@otuwacne104123.onmicrosoft.com","c3800da4-49e2-448d-9aac-2288114a1bc2","AAD_PREMIUM_P2","0","3","0","5","OK"
"All Environments Details","odl_user_2227185@otuwacne104123.onmicrosoft.com","c3800da4-49e2-448d-9aac-2288114a1bc2","TVM_Premium_Add_on","0","1","0","1","OK"
"All Environments Details","odl_user_2227185@otuwacne104123.onmicrosoft.com","c3800da4-49e2-448d-9aac-2288114a1bc2","Microsoft_365_E5_(no_Teams)","0","1","0","1","OK"
"All Environments Details","odl_user_2227186@otuwacne104124.onmicrosoft.com","569fd133-643c-4170-a080-04dd78f906f7","Microsoft_Intune_Suite","0","1","0","2","OK"
"All Environments Details","odl_user_2227186@otuwacne104124.onmicrosoft.com","569fd133-643c-4170-a080-04dd78f906f7","AAD_PREMIUM_P2","0","3","0","5","OK"
"All Environments Details","odl_user_2227186@otuwacne104124.onmicrosoft.com","569fd133-643c-4170-a080-04dd78f906f7","TVM_Premium_Add_on","0","1","0","1","OK"
"All Environments Details","odl_user_2227186@otuwacne104124.onmicrosoft.com","569fd133-643c-4170-a080-04dd78f906f7","Microsoft_365_E5_(no_Teams)","0","1","0","1","OK"
"All Environments Details","odl_user_2227187@otuwacne104125.onmicrosoft.com","ecec07ef-7622-4d94-ada4-010a62cad57c","Microsoft_Intune_Suite","0","1","0","2","OK"
"All Environments Details","odl_user_2227187@otuwacne104125.onmicrosoft.com","ecec07ef-7622-4d94-ada4-010a62cad57c","AAD_PREMIUM_P2","0","3","0","5","OK"
"All Environments Details","odl_user_2227187@otuwacne104125.onmicrosoft.com","ecec07ef-7622-4d94-ada4-010a62cad57c","TVM_Premium_Add_on","0","1","0","1","OK"
"All Environments Details","odl_user_2227187@otuwacne104125.onmicrosoft.com","ecec07ef-7622-4d94-ada4-010a62cad57c","Microsoft_365_E5_(no_Teams)","0","1","0","1","OK"
"All Environments Details","odl_user_2227188@otuwacne104126.onmicrosoft.com","1c5dca03-f1ac-4abf-a7af-087b59247da7","Microsoft_Intune_Suite","0","1","0","2","OK"
"All Environments Details","odl_user_2227188@otuwacne104126.onmicrosoft.com","1c5dca03-f1ac-4abf-a7af-087b59247da7","AAD_PREMIUM_P2","0","3","0","5","OK"
"All Environments Details","odl_user_2227188@otuwacne104126.onmicrosoft.com","1c5dca03-f1ac-4abf-a7af-087b59247da7","TVM_Premium_Add_on","0","1","0","1","OK"
"All Environments Details","odl_user_2227188@otuwacne104126.onmicrosoft.com","1c5dca03-f1ac-4abf-a7af-087b59247da7","Microsoft_365_E5_(no_Teams)","0","1","0","1","OK"
"All Environments Details","odl_user_2227190@otuwacne104128.onmicrosoft.com","5f1d34cd-eb20-46cf-99a2-01730a781c47","Microsoft_Intune_Suite","0","1","0","2","OK"
"All Environments Details","odl_user_2227190@otuwacne104128.onmicrosoft.com","5f1d34cd-eb20-46cf-99a2-01730a781c47","AAD_PREMIUM_P2","0","3","0","5","OK"
"All Environments Details","odl_user_2227190@otuwacne104128.onmicrosoft.com","5f1d34cd-eb20-46cf-99a2-01730a781c47","TVM_Premium_Add_on","0","1","0","1","OK"
"All Environments Details","odl_user_2227190@otuwacne104128.onmicrosoft.com","5f1d34cd-eb20-46cf-99a2-01730a781c47","Microsoft_365_E5_(no_Teams)","0","1","0","1","OK"
"All Environments Details","odl_user_2227191@otuwacne104129.onmicrosoft.com","b0d477f6-1dc1-4c03-9c5d-c46e208a8a50","Microsoft_Intune_Suite","0","1","0","2","OK"
"All Environments Details","odl_user_2227191@otuwacne104129.onmicrosoft.com","b0d477f6-1dc1-4c03-9c5d-c46e208a8a50","AAD_PREMIUM_P2","0","3","0","5","OK"
"All Environments Details","odl_user_2227191@otuwacne104129.onmicrosoft.com","b0d477f6-1dc1-4c03-9c5d-c46e208a8a50","TVM_Premium_Add_on","0","1","0","1","OK"
"All Environments Details","odl_user_2227191@otuwacne104129.onmicrosoft.com","b0d477f6-1dc1-4c03-9c5d-c46e208a8a50","Microsoft_365_E5_(no_Teams)","0","1","0","1","OK"
"All Environments Details","odl_user_2227192@otuwacne104130.onmicrosoft.com","ee754bde-eecb-49cb-8803-67e9a400d10d","Microsoft_Intune_Suite","0","1","0","2","OK"
"All Environments Details","odl_user_2227192@otuwacne104130.onmicrosoft.com","ee754bde-eecb-49cb-8803-67e9a400d10d","AAD_PREMIUM_P2","0","3","0","5","OK"
"All Environments Details","odl_user_2227192@otuwacne104130.onmicrosoft.com","ee754bde-eecb-49cb-8803-67e9a400d10d","TVM_Premium_Add_on","0","1","0","1","OK"
"All Environments Details","odl_user_2227192@otuwacne104130.onmicrosoft.com","ee754bde-eecb-49cb-8803-67e9a400d10d","Microsoft_365_E5_(no_Teams)","0","1","0","1","OK"
"All Environments Details","odl_user_2227193@otuwacne104131.onmicrosoft.com","a6dc2572-7b77-42a2-9b4e-57ec5bd268d7","Microsoft_Intune_Suite","0","1","0","2","OK"
"All Environments Details","odl_user_2227193@otuwacne104131.onmicrosoft.com","a6dc2572-7b77-42a2-9b4e-57ec5bd268d7","AAD_PREMIUM_P2","0","3","0","5","OK"
"All Environments Details","odl_user_2227193@otuwacne104131.onmicrosoft.com","a6dc2572-7b77-42a2-9b4e-57ec5bd268d7","TVM_Premium_Add_on","0","1","0","1","OK"
"All Environments Details","odl_user_2227193@otuwacne104131.onmicrosoft.com","a6dc2572-7b77-42a2-9b4e-57ec5bd268d7","Microsoft_365_E5_(no_Teams)","0","1","0","1","OK"
"All Environments Details","odl_user_2227194@otuwacne104132.onmicrosoft.com","8fe2827d-8b2b-4c93-bce5-a1551a1bd1dc","Microsoft_Intune_Suite","0","1","0","2","OK"
"All Environments Details","odl_user_2227194@otuwacne104132.onmicrosoft.com","8fe2827d-8b2b-4c93-bce5-a1551a1bd1dc","AAD_PREMIUM_P2","0","3","0","5","OK"
"All Environments Details","odl_user_2227194@otuwacne104132.onmicrosoft.com","8fe2827d-8b2b-4c93-bce5-a1551a1bd1dc","TVM_Premium_Add_on","0","1","0","1","OK"
"All Environments Details","odl_user_2227194@otuwacne104132.onmicrosoft.com","8fe2827d-8b2b-4c93-bce5-a1551a1bd1dc","Microsoft_365_E5_(no_Teams)","0","1","0","1","OK"
"All Environments Details","odl_user_2227195@otuwacne104133.onmicrosoft.com","e4a1f9f2-7af3-4974-98ab-9e83d5600a3a","Microsoft_Intune_Suite","0","1","0","2","OK"
"All Environments Details","odl_user_2227195@otuwacne104133.onmicrosoft.com","e4a1f9f2-7af3-4974-98ab-9e83d5600a3a","AAD_PREMIUM_P2","0","3","0","5","OK"
"All Environments Details","odl_user_2227195@otuwacne104133.onmicrosoft.com","e4a1f9f2-7af3-4974-98ab-9e83d5600a3a","TVM_Premium_Add_on","0","1","0","1","OK"
"All Environments Details","odl_user_2227195@otuwacne104133.onmicrosoft.com","e4a1f9f2-7af3-4974-98ab-9e83d5600a3a","Microsoft_365_E5_(no_Teams)","0","1","0","1","OK"
"All Environments Details","odl_user_2227196@otuwacne104134.onmicrosoft.com","89f4f531-14b0-4cdd-83a7-310930a58532","Microsoft_Intune_Suite","0","1","0","2","OK"
"All Environments Details","odl_user_2227196@otuwacne104134.onmicrosoft.com","89f4f531-14b0-4cdd-83a7-310930a58532","AAD_PREMIUM_P2","0","3","0","5","OK"
"All Environments Details","odl_user_2227196@otuwacne104134.onmicrosoft.com","89f4f531-14b0-4cdd-83a7-310930a58532","TVM_Premium_Add_on","0","1","0","1","OK"
"All Environments Details","odl_user_2227196@otuwacne104134.onmicrosoft.com","89f4f531-14b0-4cdd-83a7-310930a58532","Microsoft_365_E5_(no_Teams)","0","1","0","1","OK"
"All Environments Details","odl_user_2227197@otuwacne104135.onmicrosoft.com","f84f45de-6be6-47cc-a149-5258f35d9cad","Microsoft_Intune_Suite","0","1","0","2","OK"
"All Environments Details","odl_user_2227197@otuwacne104135.onmicrosoft.com","f84f45de-6be6-47cc-a149-5258f35d9cad","AAD_PREMIUM_P2","0","3","0","5","OK"
"All Environments Details","odl_user_2227197@otuwacne104135.onmicrosoft.com","f84f45de-6be6-47cc-a149-5258f35d9cad","TVM_Premium_Add_on","0","1","0","1","OK"
"All Environments Details","odl_user_2227197@otuwacne104135.onmicrosoft.com","f84f45de-6be6-47cc-a149-5258f35d9cad","Microsoft_365_E5_(no_Teams)","0","1","0","1","OK"
"All Environments Details","odl_user_2227198@otuwacne104136.onmicrosoft.com","a8fc8585-f687-4d5f-ab86-984f726c4246","Microsoft_Intune_Suite","0","1","0","2","OK"
"All Environments Details","odl_user_2227198@otuwacne104136.onmicrosoft.com","a8fc8585-f687-4d5f-ab86-984f726c4246","AAD_PREMIUM_P2","0","3","0","5","OK"
"All Environments Details","odl_user_2227198@otuwacne104136.onmicrosoft.com","a8fc8585-f687-4d5f-ab86-984f726c4246","TVM_Premium_Add_on","0","1","0","1","OK"
"All Environments Details","odl_user_2227198@otuwacne104136.onmicrosoft.com","a8fc8585-f687-4d5f-ab86-984f726c4246","Microsoft_365_E5_(no_Teams)","0","1","0","1","OK"
"All Environments Details","odl_user_2227199@otuwacne104137.onmicrosoft.com","5d13bb55-7cdc-4d58-827e-848a95692451","Microsoft_Intune_Suite","0","1","0","2","OK"
"All Environments Details","odl_user_2227199@otuwacne104137.onmicrosoft.com","5d13bb55-7cdc-4d58-827e-848a95692451","AAD_PREMIUM_P2","0","3","0","5","OK"
"All Environments Details","odl_user_2227199@otuwacne104137.onmicrosoft.com","5d13bb55-7cdc-4d58-827e-848a95692451","TVM_Premium_Add_on","0","1","0","1","OK"
"All Environments Details","odl_user_2227199@otuwacne104137.onmicrosoft.com","5d13bb55-7cdc-4d58-827e-848a95692451","Microsoft_365_E5_(no_Teams)","0","1","0","1","OK"
"All Environments Details","odl_user_2227200@otuwacne104138.onmicrosoft.com","862d9112-26a5-4649-9c63-31d9e5ad48e5","Microsoft_Intune_Suite","0","1","0","2","OK"
"All Environments Details","odl_user_2227200@otuwacne104138.onmicrosoft.com","862d9112-26a5-4649-9c63-31d9e5ad48e5","AAD_PREMIUM_P2","0","3","0","5","OK"
"All Environments Details","odl_user_2227200@otuwacne104138.onmicrosoft.com","862d9112-26a5-4649-9c63-31d9e5ad48e5","TVM_Premium_Add_on","0","1","0","1","OK"
"All Environments Details","odl_user_2227200@otuwacne104138.onmicrosoft.com","862d9112-26a5-4649-9c63-31d9e5ad48e5","Microsoft_365_E5_(no_Teams)","0","1","0","1","OK"
"All Environments Details","odl_user_2227201@otuwacne104139.onmicrosoft.com","942474ec-6b2f-48af-8956-813e59a0fbac","Microsoft_Intune_Suite","0","1","0","2","OK"
"All Environments Details","odl_user_2227201@otuwacne104139.onmicrosoft.com","942474ec-6b2f-48af-8956-813e59a0fbac","AAD_PREMIUM_P2","0","3","0","5","OK"
"All Environments Details","odl_user_2227201@otuwacne104139.onmicrosoft.com","942474ec-6b2f-48af-8956-813e59a0fbac","TVM_Premium_Add_on","0","1","0","1","OK"
"All Environments Details","odl_user_2227201@otuwacne104139.onmicrosoft.com","942474ec-6b2f-48af-8956-813e59a0fbac","Microsoft_365_E5_(no_Teams)","0","1","0","1","OK"
"All Environments Details","odl_user_2227202@otuwacne104140.onmicrosoft.com","509053f4-22dc-4dde-b965-5d669e8a1824","Microsoft_Intune_Suite","0","1","0","2","OK"
"All Environments Details","odl_user_2227202@otuwacne104140.onmicrosoft.com","509053f4-22dc-4dde-b965-5d669e8a1824","AAD_PREMIUM_P2","0","3","0","5","OK"
"All Environments Details","odl_user_2227202@otuwacne104140.onmicrosoft.com","509053f4-22dc-4dde-b965-5d669e8a1824","TVM_Premium_Add_on","0","1","0","1","OK"
"All Environments Details","odl_user_2227202@otuwacne104140.onmicrosoft.com","509053f4-22dc-4dde-b965-5d669e8a1824","Microsoft_365_E5_(no_Teams)","0","1","0","1","OK"
"All Environments Details","odl_user_2227227@otuwacne103892.onmicrosoft.com","3ac2ca41-8797-40fa-8aad-cf541dc22fa1","Microsoft_Intune_Suite","0","1","0","1","OK"
"All Environments Details","odl_user_2227227@otuwacne103892.onmicrosoft.com","3ac2ca41-8797-40fa-8aad-cf541dc22fa1","AAD_PREMIUM_P2","0","3","0","5","OK"
"All Environments Details","odl_user_2227227@otuwacne103892.onmicrosoft.com","3ac2ca41-8797-40fa-8aad-cf541dc22fa1","TVM_Premium_Add_on","0","1","0","1","OK"
"All Environments Details","odl_user_2227227@otuwacne103892.onmicrosoft.com","3ac2ca41-8797-40fa-8aad-cf541dc22fa1","Microsoft_365_E5_(no_Teams)","0","1","0","1","OK"
"All Environments Details","odl_user_2227228@otuwacne103897.onmicrosoft.com","5235136c-0b5b-4ea2-ad36-eb0283192b13","Microsoft_Intune_Suite","0","1","0","1","OK"
"All Environments Details","odl_user_2227228@otuwacne103897.onmicrosoft.com","5235136c-0b5b-4ea2-ad36-eb0283192b13","AAD_PREMIUM_P2","0","3","0","5","OK"
"All Environments Details","odl_user_2227228@otuwacne103897.onmicrosoft.com","5235136c-0b5b-4ea2-ad36-eb0283192b13","TVM_Premium_Add_on","0","1","0","1","OK"
"All Environments Details","odl_user_2227228@otuwacne103897.onmicrosoft.com","5235136c-0b5b-4ea2-ad36-eb0283192b13","Microsoft_365_E5_(no_Teams)","0","1","0","1","OK"
"All Environments Details","odl_user_2227229@otuwacne103900.onmicrosoft.com","e4a6773c-7631-47e7-bd97-a9c6a07470fc","Microsoft_Intune_Suite","0","1","0","1","OK"
"All Environments Details","odl_user_2227229@otuwacne103900.onmicrosoft.com","e4a6773c-7631-47e7-bd97-a9c6a07470fc","AAD_PREMIUM_P2","0","3","0","5","OK"
"All Environments Details","odl_user_2227229@otuwacne103900.onmicrosoft.com","e4a6773c-7631-47e7-bd97-a9c6a07470fc","TVM_Premium_Add_on","0","1","0","1","OK"
"All Environments Details","odl_user_2227229@otuwacne103900.onmicrosoft.com","e4a6773c-7631-47e7-bd97-a9c6a07470fc","Microsoft_365_E5_(no_Teams)","0","1","0","1","OK"
"All Environments Details","odl_user_2227230@otuwacne103902.onmicrosoft.com","92c7d10b-fc4b-419c-a770-e8686379a052","Microsoft_Intune_Suite","0","1","0","1","OK"
"All Environments Details","odl_user_2227230@otuwacne103902.onmicrosoft.com","92c7d10b-fc4b-419c-a770-e8686379a052","AAD_PREMIUM_P2","0","3","0","5","OK"
"All Environments Details","odl_user_2227230@otuwacne103902.onmicrosoft.com","92c7d10b-fc4b-419c-a770-e8686379a052","TVM_Premium_Add_on","0","1","0","1","OK"
"All Environments Details","odl_user_2227230@otuwacne103902.onmicrosoft.com","92c7d10b-fc4b-419c-a770-e8686379a052","Microsoft_365_E5_(no_Teams)","0","1","0","1","OK"
"All Environments Details","odl_user_2227231@otuwacne103906.onmicrosoft.com","d9b27f9e-99ba-4f26-9411-203e5ef21a7a","Microsoft_Intune_Suite","0","1","0","1","OK"
"All Environments Details","odl_user_2227231@otuwacne103906.onmicrosoft.com","d9b27f9e-99ba-4f26-9411-203e5ef21a7a","AAD_PREMIUM_P2","0","3","0","5","OK"
"All Environments Details","odl_user_2227231@otuwacne103906.onmicrosoft.com","d9b27f9e-99ba-4f26-9411-203e5ef21a7a","TVM_Premium_Add_on","0","1","0","1","OK"
"All Environments Details","odl_user_2227231@otuwacne103906.onmicrosoft.com","d9b27f9e-99ba-4f26-9411-203e5ef21a7a","Microsoft_365_E5_(no_Teams)","0","1","0","1","OK"
"All Environments Details","odl_user_2227232@otuwacne103930.onmicrosoft.com","9539a55d-3f7e-497f-812c-549f0b02a0a9","Microsoft_Intune_Suite","0","1","0","1","OK"
"All Environments Details","odl_user_2227232@otuwacne103930.onmicrosoft.com","9539a55d-3f7e-497f-812c-549f0b02a0a9","AAD_PREMIUM_P2","0","3","0","5","OK"
"All Environments Details","odl_user_2227232@otuwacne103930.onmicrosoft.com","9539a55d-3f7e-497f-812c-549f0b02a0a9","TVM_Premium_Add_on","0","1","0","1","OK"
"All Environments Details","odl_user_2227232@otuwacne103930.onmicrosoft.com","9539a55d-3f7e-497f-812c-549f0b02a0a9","Microsoft_365_E5_(no_Teams)","0","1","0","1","OK"
"All Environments Details","odl_user_2227233@otuwacne103937.onmicrosoft.com","91be7a1f-489d-411b-b325-6057a9c36c70","Microsoft_Intune_Suite","0","1","0","1","OK"
"All Environments Details","odl_user_2227233@otuwacne103937.onmicrosoft.com","91be7a1f-489d-411b-b325-6057a9c36c70","AAD_PREMIUM_P2","0","3","0","5","OK"
"All Environments Details","odl_user_2227233@otuwacne103937.onmicrosoft.com","91be7a1f-489d-411b-b325-6057a9c36c70","TVM_Premium_Add_on","0","1","0","1","OK"
"All Environments Details","odl_user_2227233@otuwacne103937.onmicrosoft.com","91be7a1f-489d-411b-b325-6057a9c36c70","Microsoft_365_E5_(no_Teams)","0","1","0","1","OK"
"All Environments Details","odl_user_2227234@otuwacne103946.onmicrosoft.com","ce2d853e-7aa7-4c09-9d3c-3ba7db826653","Microsoft_Intune_Suite","0","1","0","2","OK"
"All Environments Details","odl_user_2227234@otuwacne103946.onmicrosoft.com","ce2d853e-7aa7-4c09-9d3c-3ba7db826653","AAD_PREMIUM_P2","0","3","0","5","OK"
"All Environments Details","odl_user_2227234@otuwacne103946.onmicrosoft.com","ce2d853e-7aa7-4c09-9d3c-3ba7db826653","TVM_Premium_Add_on","0","1","0","1","OK"
"All Environments Details","odl_user_2227234@otuwacne103946.onmicrosoft.com","ce2d853e-7aa7-4c09-9d3c-3ba7db826653","Microsoft_365_E5_(no_Teams)","0","1","0","1","OK"
"All Environments Details","odl_user_2227235@otuwacne103947.onmicrosoft.com","76b4a96c-05d0-488d-9d65-d2f2c903dff6","Microsoft_Intune_Suite","0","1","0","2","OK"
"All Environments Details","odl_user_2227235@otuwacne103947.onmicrosoft.com","76b4a96c-05d0-488d-9d65-d2f2c903dff6","AAD_PREMIUM_P2","0","3","0","5","OK"
"All Environments Details","odl_user_2227235@otuwacne103947.onmicrosoft.com","76b4a96c-05d0-488d-9d65-d2f2c903dff6","TVM_Premium_Add_on","0","1","0","1","OK"
"All Environments Details","odl_user_2227235@otuwacne103947.onmicrosoft.com","76b4a96c-05d0-488d-9d65-d2f2c903dff6","Microsoft_365_E5_(no_Teams)","0","1","0","1","OK"
"All Environments Details","odl_user_2227236@otuwacne103950.onmicrosoft.com","2c3790df-5ea3-4041-beae-f56d674c9dc6","Microsoft_Intune_Suite","0","1","0","2","OK"
"All Environments Details","odl_user_2227236@otuwacne103950.onmicrosoft.com","2c3790df-5ea3-4041-beae-f56d674c9dc6","AAD_PREMIUM_P2","0","3","0","5","OK"
"All Environments Details","odl_user_2227236@otuwacne103950.onmicrosoft.com","2c3790df-5ea3-4041-beae-f56d674c9dc6","TVM_Premium_Add_on","0","1","0","1","OK"
"All Environments Details","odl_user_2227236@otuwacne103950.onmicrosoft.com","2c3790df-5ea3-4041-beae-f56d674c9dc6","Microsoft_365_E5_(no_Teams)","0","1","0","1","OK"
"All Environments Details","odl_user_2227237@otuwacne103956.onmicrosoft.com","265daf79-065a-4b05-8cff-f07a9c200303","Microsoft_Intune_Suite","0","1","0","2","OK"
"All Environments Details","odl_user_2227237@otuwacne103956.onmicrosoft.com","265daf79-065a-4b05-8cff-f07a9c200303","AAD_PREMIUM_P2","0","3","0","5","OK"
"All Environments Details","odl_user_2227237@otuwacne103956.onmicrosoft.com","265daf79-065a-4b05-8cff-f07a9c200303","TVM_Premium_Add_on","0","1","0","1","OK"
"All Environments Details","odl_user_2227237@otuwacne103956.onmicrosoft.com","265daf79-065a-4b05-8cff-f07a9c200303","Microsoft_365_E5_(no_Teams)","0","1","0","1","OK"
"All Environments Details","odl_user_2227238@otuwacne103957.onmicrosoft.com","a62bd3b3-81da-4d05-849f-7aa531392d00","Microsoft_Intune_Suite","0","1","0","2","OK"
"All Environments Details","odl_user_2227238@otuwacne103957.onmicrosoft.com","a62bd3b3-81da-4d05-849f-7aa531392d00","AAD_PREMIUM_P2","0","3","0","5","OK"
"All Environments Details","odl_user_2227238@otuwacne103957.onmicrosoft.com","a62bd3b3-81da-4d05-849f-7aa531392d00","TVM_Premium_Add_on","0","1","0","1","OK"
"All Environments Details","odl_user_2227238@otuwacne103957.onmicrosoft.com","a62bd3b3-81da-4d05-849f-7aa531392d00","Microsoft_365_E5_(no_Teams)","0","1","0","1","OK"
"All Environments Details","odl_user_2227239@otuwacne103958.onmicrosoft.com","39cc44fb-7d6d-477a-9d3e-8d297b8b7b27","Microsoft_Intune_Suite","0","1","0","2","OK"
"All Environments Details","odl_user_2227239@otuwacne103958.onmicrosoft.com","39cc44fb-7d6d-477a-9d3e-8d297b8b7b27","AAD_PREMIUM_P2","0","3","0","5","OK"
"All Environments Details","odl_user_2227239@otuwacne103958.onmicrosoft.com","39cc44fb-7d6d-477a-9d3e-8d297b8b7b27","TVM_Premium_Add_on","0","1","0","1","OK"
"All Environments Details","odl_user_2227239@otuwacne103958.onmicrosoft.com","39cc44fb-7d6d-477a-9d3e-8d297b8b7b27","Microsoft_365_E5_(no_Teams)","0","1","0","1","OK"
"All Environments Details","odl_user_2227240@otuwacne103960.onmicrosoft.com","d3e105f7-469f-424d-8951-c83ac7cf597d","Microsoft_Intune_Suite","0","1","0","2","OK"
"All Environments Details","odl_user_2227240@otuwacne103960.onmicrosoft.com","d3e105f7-469f-424d-8951-c83ac7cf597d","AAD_PREMIUM_P2","0","3","0","5","OK"
"All Environments Details","odl_user_2227240@otuwacne103960.onmicrosoft.com","d3e105f7-469f-424d-8951-c83ac7cf597d","TVM_Premium_Add_on","0","1","0","1","OK"
"All Environments Details","odl_user_2227240@otuwacne103960.onmicrosoft.com","d3e105f7-469f-424d-8951-c83ac7cf597d","Microsoft_365_E5_(no_Teams)","0","1","0","1","OK"
"All Environments Details","odl_user_2227241@otuwacne103971.onmicrosoft.com","ac3439e7-a87c-4d49-9ce6-e160f843b335","Microsoft_Intune_Suite","0","1","0","2","OK"
"All Environments Details","odl_user_2227241@otuwacne103971.onmicrosoft.com","ac3439e7-a87c-4d49-9ce6-e160f843b335","AAD_PREMIUM_P2","0","3","0","5","OK"
"All Environments Details","odl_user_2227241@otuwacne103971.onmicrosoft.com","ac3439e7-a87c-4d49-9ce6-e160f843b335","TVM_Premium_Add_on","0","1","0","1","OK"
"All Environments Details","odl_user_2227241@otuwacne103971.onmicrosoft.com","ac3439e7-a87c-4d49-9ce6-e160f843b335","Microsoft_365_E5_(no_Teams)","0","1","0","1","OK"
"All Environments Details","odl_user_2227242@otuwacne103974.onmicrosoft.com","b784a8bb-38ad-4d23-91dc-6fa18f32aaf1","Microsoft_Intune_Suite","0","1","0","2","OK"
"All Environments Details","odl_user_2227242@otuwacne103974.onmicrosoft.com","b784a8bb-38ad-4d23-91dc-6fa18f32aaf1","AAD_PREMIUM_P2","0","3","0","5","OK"
"All Environments Details","odl_user_2227242@otuwacne103974.onmicrosoft.com","b784a8bb-38ad-4d23-91dc-6fa18f32aaf1","TVM_Premium_Add_on","0","1","0","1","OK"
"All Environments Details","odl_user_2227242@otuwacne103974.onmicrosoft.com","b784a8bb-38ad-4d23-91dc-6fa18f32aaf1","Microsoft_365_E5_(no_Teams)","0","1","0","1","OK"
"All Environments Details","odl_user_2227243@otuwacne103977.onmicrosoft.com","3a6c6a6f-0ec1-41d3-ae2f-6c8619ccca0f","Microsoft_Intune_Suite","0","1","0","2","OK"
"All Environments Details","odl_user_2227243@otuwacne103977.onmicrosoft.com","3a6c6a6f-0ec1-41d3-ae2f-6c8619ccca0f","AAD_PREMIUM_P2","0","3","0","5","OK"
"All Environments Details","odl_user_2227243@otuwacne103977.onmicrosoft.com","3a6c6a6f-0ec1-41d3-ae2f-6c8619ccca0f","TVM_Premium_Add_on","0","1","0","1","OK"
"All Environments Details","odl_user_2227243@otuwacne103977.onmicrosoft.com","3a6c6a6f-0ec1-41d3-ae2f-6c8619ccca0f","Microsoft_365_E5_(no_Teams)","0","1","0","1","OK"
"All Environments Details","odl_user_2227244@otuwacne103989.onmicrosoft.com","7b89fd47-443d-426c-a9c3-ae01ee45bd46","Microsoft_Intune_Suite","0","1","0","2","OK"
"All Environments Details","odl_user_2227244@otuwacne103989.onmicrosoft.com","7b89fd47-443d-426c-a9c3-ae01ee45bd46","AAD_PREMIUM_P2","0","3","0","5","OK"
"All Environments Details","odl_user_2227244@otuwacne103989.onmicrosoft.com","7b89fd47-443d-426c-a9c3-ae01ee45bd46","TVM_Premium_Add_on","0","1","0","1","OK"
"All Environments Details","odl_user_2227244@otuwacne103989.onmicrosoft.com","7b89fd47-443d-426c-a9c3-ae01ee45bd46","Microsoft_365_E5_(no_Teams)","0","1","0","1","OK"
"All Environments Details","odl_user_2227245@otuwacne103999.onmicrosoft.com","0bbab552-d379-4e86-96e1-c86662064893","Microsoft_Intune_Suite","0","1","0","2","OK"
"All Environments Details","odl_user_2227245@otuwacne103999.onmicrosoft.com","0bbab552-d379-4e86-96e1-c86662064893","AAD_PREMIUM_P2","0","3","0","5","OK"
"All Environments Details","odl_user_2227245@otuwacne103999.onmicrosoft.com","0bbab552-d379-4e86-96e1-c86662064893","TVM_Premium_Add_on","0","1","0","1","OK"
"All Environments Details","odl_user_2227245@otuwacne103999.onmicrosoft.com","0bbab552-d379-4e86-96e1-c86662064893","Microsoft_365_E5_(no_Teams)","0","1","0","1","OK"
"All Environments Details","odl_user_2227246@otuwacne104009.onmicrosoft.com","dc7323a9-b2c3-4dbf-9d7e-59bc1832837d","Microsoft_Intune_Suite","0","1","0","2","OK"
"All Environments Details","odl_user_2227246@otuwacne104009.onmicrosoft.com","dc7323a9-b2c3-4dbf-9d7e-59bc1832837d","AAD_PREMIUM_P2","0","3","0","5","OK"
"All Environments Details","odl_user_2227246@otuwacne104009.onmicrosoft.com","dc7323a9-b2c3-4dbf-9d7e-59bc1832837d","TVM_Premium_Add_on","0","1","0","1","OK"
"All Environments Details","odl_user_2227246@otuwacne104009.onmicrosoft.com","dc7323a9-b2c3-4dbf-9d7e-59bc1832837d","Microsoft_365_E5_(no_Teams)","0","1","0","1","OK"
"All Environments Details","odl_user_2227253@otuwacne104119.onmicrosoft.com","3be3e040-71c5-44fb-b4dc-7bef5c379b15","Microsoft_Intune_Suite","0","1","0","2","OK"
"All Environments Details","odl_user_2227253@otuwacne104119.onmicrosoft.com","3be3e040-71c5-44fb-b4dc-7bef5c379b15","AAD_PREMIUM_P2","0","3","0","5","OK"
"All Environments Details","odl_user_2227253@otuwacne104119.onmicrosoft.com","3be3e040-71c5-44fb-b4dc-7bef5c379b15","TVM_Premium_Add_on","0","1","0","1","OK"
"All Environments Details","odl_user_2227253@otuwacne104119.onmicrosoft.com","3be3e040-71c5-44fb-b4dc-7bef5c379b15","Microsoft_365_E5_(no_Teams)","0","1","0","1","OK"
